model,seed,prompt_id,family,pair_id,is_financial,idx,parse_mode,name,formula,rationale,source_type,source_ref,quote_found,valid,reasons,warnings,canonical,depth,n_vars,scale_free,uses_ts,uses_note_var
gemma4-e2b-gpu,0,F1-001,F1,P01-ANV17-inventory,False,0,strict,inventory_writedown_ratio_zscore,"zscore(inventory_writedown, inventory_gross, current_assets)","Công thức này đo lường mức độ dự phòng giảm giá hàng tồn kho so với giá trị hàng tồn kho gốc và tổng tài sản, chuẩn hóa theo lát cắt ngang. Lợi suất cao có thể cho thấy quản lý rủi ro hàng tồn kho hiệu quả hoặc ngược lại, nếu dự phòng quá cao so với giá trị thực tế.",line_item,"inventory_writedown, inventory_gross, current_assets",False,False,bad_arity:zscore,,"zscore(inventory_writedown,inventory_gross,current_assets)",2,3,False,False,False
gemma4-e2b-gpu,0,F1-001,F1,P01-ANV17-inventory,False,1,strict,inventory_to_revenue_growth_lag,"growth(inventory, revenue, 1)","Đo lường tốc độ tăng trưởng của hàng tồn kho so với doanh thu trong quý trước, giúp đánh giá sự thay đổi trong cấu trúc hàng tồn kho. Tốc độ tăng trưởng có thể là tín hiệu cho sự mở rộng nhu cầu hoặc rủi ro tồn đọng.",line_item,"inventory, revenue",False,False,bad_arity:growth,,"growth(inventory,revenue,1)",2,2,False,True,False
gemma4-e2b-gpu,0,F1-001,F1,P01-ANV17-inventory,False,2,strict,inventory_writedown_impact_zscore,"zscore(abs(inventory_writedown), cogs, market_cap)",Công thức này chuẩn hóa giá trị tuyệt đối của dự phòng giảm giá hàng tồn kho theo giá vốn hàng bán và vốn hóa thị trường. Nó giúp xác định các cổ phiếu có mức độ rủi ro/biến động liên quan đến việc ghi nhận tổn thất hàng tồn kho cao hơn mức trung bình thị trường.,line_item,"inventory_writedown, cogs, market_cap",False,False,bad_arity:zscore,,"zscore(abs(inventory_writedown),cogs,market_cap)",3,3,False,False,False
gemma4-e2b-gpu,0,F2-001,F2,P01-ANV17-inventory,False,0,strict,inventory_writedown_zscore,zscore(inventory_writedown),"Đo lường mức độ biến động của dự phòng giảm giá hàng tồn kho so với mức trung bình của toàn thị trường, cho thấy rủi ro tiềm ẩn từ việc ghi nhận lỗ trong kỳ.",line_item,Dự phòng giảm giá hàng tồn kho,False,True,,,zscore(inventory_writedown),2,1,True,False,False
gemma4-e2b-gpu,0,F2-001,F2,P01-ANV17-inventory,False,1,strict,inventory_writedown_lag_rank,"rank(lag(inventory_writedown, 1))","Xếp hạng dựa trên sự thay đổi của dự phòng giảm giá hàng tồn kho trong quý trước, giúp nắm bắt xu hướng biến động ngắn hạn của rủi ro tồn kho.",line_item,Trích lập/(Hoàn nhập) dự phòng dự phòng giảm giá hàng tồn kho,False,True,,,"rank(lag(inventory_writedown,1))",3,1,True,True,False
gemma4-e2b-gpu,0,F2-001,F2,P01-ANV17-inventory,False,2,strict,inventory_writedown_zscore_lag,"zscore(lag(inventory_writedown, 1))","Đo lường mức độ bất thường của sự thay đổi dự phòng giảm giá hàng tồn kho trong quý trước so với phân phối toàn thị trường, giúp xác định các cổ phiếu có rủi ro biến động cao.",line_item,Dự phòng giảm giá hàng tồn kho,False,True,,,"zscore(lag(inventory_writedown,1))",3,1,True,True,False
gemma4-e2b-gpu,0,F3-001,F3,P01-ANV17-inventory,False,0,strict,inventory_writedown_ratio_to_assets,abs(inventory_writedown / total_assets),"Tỷ lệ dự phòng giảm giá hàng tồn kho so với tổng tài sản cho thấy mức độ rủi ro tiềm ẩn từ hàng tồn kho, tỷ lệ cao có thể báo hiệu rủi ro thua lỗ trong kỳ.",line_item,"inventory_writedown, total_assets",False,False,raw_division,,abs((inventory_writedown/total_assets)),3,2,False,False,False
gemma4-e2b-gpu,0,F3-001,F3,P01-ANV17-inventory,False,1,strict,inventory_writedown_change_to_assets,"delta(inventory_writedown, 4) * safe_div(1, total_assets)",Sự thay đổi của dự phòng giảm giá hàng tồn kho so với quy mô tài sản tổng thể là một chỉ báo về sự biến động trong việc đánh giá giá trị hàng tồn kho.,line_item,"inventory_writedown, total_assets",False,True,,,"(delta(inventory_writedown,4)*safe_div(1,total_assets))",3,2,True,True,False
gemma4-e2b-gpu,0,F3-001,F3,P01-ANV17-inventory,False,2,strict,inventory_writedown_note,1,"Dựa trên thông tin: ""Dự phòng giảm giá hàng tồn kho được lập cho từng mặt hàng tồn kho có giá gốc lớn hơn giá trị thuần có thể thực hiện được.""",note,Dự phòng giảm giá hàng tồn kho được lập cho từng mặt hàng tồn kho có giá gốc lớn hơn giá trị thuần có thể thực hiện được.,True,False,constant_only,,1,1,0,False,False,False
gemma4-e2b-gpu,0,F4-001,F4,P01-ANV17-inventory,False,0,strict,inventory_writedown_zscore,"zscore(inventory_writedown, 4)","Đo lường mức độ biến động của dự phòng giảm giá hàng tồn kho so với mức trung bình thị trường, giúp xác định rủi ro định giá.",line_item,inventory_writedown,False,False,bad_arity:zscore,,"zscore(inventory_writedown,4)",2,1,False,False,False
gemma4-e2b-gpu,0,F4-001,F4,P01-ANV17-inventory,False,1,strict,inventory_to_revenue_ratio_lag,"safe_div(revenue, inventory_gross) * lag(1, 2)",Tỷ lệ doanh thu so với hàng tồn kho gốc trong quá khứ cho thấy khả năng thanh lý hàng tồn kho và tác động đến lợi nhuận.,line_item,"revenue, inventory_gross",False,True,,,"(lag(1,2)*safe_div(revenue,inventory_gross))",3,2,True,True,False
gemma4-e2b-gpu,0,F4-001,F4,P01-ANV17-inventory,False,2,strict,inventory_to_current_assets_ratio_delta,"delta(current_assets, 4) safe_div(inventory, current_assets)",Sự thay đổi tương đối của tỷ lệ tồn kho so với tài sản ngắn hạn phản ánh áp lực lên cấu trúc tài sản của công ty.,line_item,"current_assets, inventory",False,False,syntax_error,,,,,False,True,False
gemma4-e2b-gpu,0,F1-002,F1,P02-HPG24-inventory,False,0,strict,inventory_writedown_ratio_lag1,"abs(inventory_writedown / (inventory_gross + 1e-6)) * lag(inventory_writedown / inventory_gross, 1)","Đo lường mức độ dự phòng giảm giá hàng tồn kho so với giá trị hàng tồn kho gốc trong kỳ trước, cho thấy rủi ro tiềm ẩn về việc ghi nhận lỗ trong tương lai.",line_item,"inventory_writedown, inventory_gross, lag",False,False,raw_division,,"(abs((inventory_writedown/(1e-06+inventory_gross)))*lag((inventory_writedown/inventory_gross),1))",5,2,False,True,False
gemma4-e2b-gpu,0,F1-002,F1,P02-HPG24-inventory,False,1,strict,inventory_writedown_zscore_current,"zscore(inventory_writedown) * zscore(inventory_writedown, 1)","Xếp hạng mức độ bất thường của dự phòng giảm giá hàng tồn kho trong kỳ hiện tại so với phân phối lịch sử, giúp xác định các quý có sự biến động bất thường về rủi ro hàng tồn kho.",line_item,"inventory_writedown, zscore",False,False,bad_arity:zscore,,"(zscore(inventory_writedown)*zscore(inventory_writedown,1))",3,1,False,False,False
gemma4-e2b-gpu,0,F1-002,F1,P02-HPG24-inventory,False,2,strict,inventory_change_vs_revenue_growth,"growth(inventory - inventory_gross, revenue, 1)","Đánh giá sự thay đổi tương đối của hàng tồn kho (sau khi loại trừ giá vốn) so với tốc độ tăng trưởng doanh thu, phản ánh hiệu quả quản lý hàng tồn kho trong bối cảnh tăng trưởng kinh doanh.",line_item,"inventory, inventory_gross, revenue, growth",False,False,bad_arity:growth,,"growth((inventory-inventory_gross),revenue,1)",3,3,False,True,False
gemma4-e2b-gpu,0,F2-002,F2,P02-HPG24-inventory,False,0,strict,inventory_writedown_zscore,zscore(inventory_writedown),"Đo lường mức độ dự phòng giảm giá hàng tồn kho so với mức trung bình của toàn thị trường, cho thấy rủi ro tiềm ẩn từ việc ghi nhận lỗ hàng tồn kho.",line_item,inventory_writedown,False,False,duplicate,,zscore(inventory_writedown),2,1,False,False,False
gemma4-e2b-gpu,0,F2-002,F2,P02-HPG24-inventory,False,1,strict,inventory_to_total_ratio_lag_1,"abs(current_assets * 0.01) safe_div(inventory_gross, current_assets) lag(abs(current_assets * 0.01), 1)","So sánh tỷ lệ hàng tồn kho (dựa trên giá gốc) so với tổng tài sản trong kỳ trước, giúp đánh giá mức độ tập trung của tài sản trong hàng tồn kho.",note,Trong hàng tồn kho tại ngày 31 tháng 12 năm 2024 có 671 tỷ VND hàng tồn kho (1/1/2024: 20.212 tỷ VND),True,False,syntax_error,,,,,False,True,False
gemma4-e2b-gpu,0,F2-002,F2,P02-HPG24-inventory,False,2,strict,inventory_writedown_growth_4,"growth(inventory_writedown, 4)","Đo lường tốc độ thay đổi của dự phòng giảm giá hàng tồn kho trong 4 quý gần nhất, giúp nhận diện xu hướng biến động của rủi ro dự phòng.",line_item,inventory_writedown,False,True,,,"growth(inventory_writedown,4)",2,1,True,True,False
gemma4-e2b-gpu,0,F3-002,F3,P02-HPG24-inventory,False,0,recovered,inventory_write_down_ratio,abs(inventory_writedown / inventory_gross),"Tỷ lệ dự phòng giảm giá hàng tồn kho so với giá gốc hàng tồn kho cho thấy mức độ rủi ro tiềm ẩn về giá trị hàng tồn kho, tỷ lệ cao có thể báo hiệu rủi ro thua lỗ trong kỳ.",line_item,"inventory_writedown, inventory_gross",False,False,raw_division,,abs((inventory_writedown/inventory_gross)),3,2,False,False,False
gemma4-e2b-gpu,0,F3-002,F3,P02-HPG24-inventory,False,1,recovered,inventory_to_assets_ratio,"safe_div(inventory, total_assets)","Tỷ lệ hàng tồn kho so với tổng tài sản thể hiện mức độ phụ thuộc của doanh nghiệp vào hàng tồn kho, tỷ lệ cao có thể làm giảm lợi suất cổ phiếu.",line_item,"inventory, total_assets",False,True,,,"safe_div(inventory,total_assets)",2,2,True,False,False
gemma4-e2b-gpu,0,F3-002,F3,P02-HPG24-inventory,False,2,recovered,inventory_write_down_risk_note,rank(inventory_writedown) - rank(inventory_writedown),"Công thức này sử dụng hàm rank để xếp hạng mức độ dự phòng giảm giá hàng tồn kho, giúp xác định cổ phiếu có mức độ rủi ro cao nhất trong lát cắt ngang.",note,Hàng tồn kho có giá trị ghi sổ là 29.769 tỷ VND (1/1/2024: 24.178 tỷ VND) được thế chấp tại các ngân hàng để đảm bảo cho các khoản vay của Tập đoàn,True,True,,,(rank(inventory_writedown)-rank(inventory_writedown)),3,1,True,False,False
gemma4-e2b-gpu,0,F1-003,F1,P03-PNJ24-inventory,False,0,strict,inventory_writedown_ratio_zscore,zscore(inventory_writedown) * log(current_assets),"Công thức này đo lường mức độ biến động của dự phòng giảm giá hàng tồn kho so với mức độ tài sản ngắn hạn, chuẩn hóa theo lát cắt ngang. Tỷ lệ cao có thể chỉ ra rủi ro kế toán hoặc sự thay đổi lớn trong chính sách quản lý hàng tồn kho, ảnh hưởng tiêu cực đến lợi suất.",line_item,"inventory_writedown, current_assets",False,True,,,(log(current_assets)*zscore(inventory_writedown)),3,2,True,False,False
gemma4-e2b-gpu,0,F1-003,F1,P03-PNJ24-inventory,False,1,strict,inventory_to_revenue_ratio_growth,"growth(inventory) safe_div(revenue, inventory)","Đo lường sự thay đổi tương đối của hàng tồn kho so với doanh thu trong các quý liên tiếp. Sự tăng trưởng bất thường của tồn kho so với doanh thu có thể là dấu hiệu của việc quản lý hàng tồn kho kém hiệu quả, gây áp lực lên lợi nhuận.",line_item,"inventory, revenue",False,False,syntax_error,,,,,False,True,False
gemma4-e2b-gpu,0,F1-003,F1,P03-PNJ24-inventory,False,2,strict,gross_profit_vs_inventory_ratio_lag,"lag(gross_profit) safe_div(inventory_gross, gross_profit)","So sánh lợi nhuận gộp với giá vốn hàng bán (trước dự phòng) qua các quý. Nếu tỷ lệ này thay đổi mạnh, nó cho thấy sự biến động trong biên lợi nhuận gộp, là yếu tố quan trọng trong đánh giá chất lượng lợi nhuận.",line_item,"gross_profit, cogs",False,False,syntax_error,,,,,False,True,False
gemma4-e2b-gpu,0,F2-003,F2,P03-PNJ24-inventory,False,0,strict,inventory_writedown_zscore,zscore(inventory_writedown),"Đo lường mức độ biến động của dự phòng giảm giá hàng tồn kho so với mức trung bình của toàn thị trường, cho thấy rủi ro tiềm ẩn từ việc ghi nhận lỗ hàng tồn kho.",line_item,Biến động về dự phòng giảm giá hàng tồn kho trong năm tài chính như sau,False,False,duplicate,,zscore(inventory_writedown),2,1,False,False,False
gemma4-e2b-gpu,0,F2-003,F2,P03-PNJ24-inventory,False,1,strict,inventory_writedown_lag_rank,"rank(abs(lag(inventory_writedown, 1)))","Xếp hạng dựa trên sự thay đổi gần nhất của dự phòng giảm giá hàng tồn kho, giúp nắm bắt xu hướng ngắn hạn của rủi ro tồn kho.",line_item,Biến động về dự phòng giảm giá hàng tồn kho trong năm tài chính như sau,False,True,,,"rank(abs(lag(inventory_writedown,1)))",4,1,True,True,False
gemma4-e2b-gpu,0,F2-003,F2,P03-PNJ24-inventory,False,2,strict,inventory_writedown_zscore_lag,"zscore(lag(inventory_writedown, 1))","Đo lường mức độ bất thường của dự phòng giảm giá hàng tồn kho trong kỳ hiện tại so với kỳ trước, giúp xác định các điểm bất thường về rủi ro tồn kho.",line_item,Biến động về dự phòng giảm giá hàng tồn kho trong năm tài chính như sau,False,False,duplicate,,"zscore(lag(inventory_writedown,1))",3,1,False,True,False
gemma4-e2b-gpu,0,F4-002,F4,P03-PNJ24-inventory,False,0,strict,inventory_writedown_zscore,"zscore(inventory_writedown, 4)","Độ lệch chuẩn của dự phòng giảm giá hàng tồn kho cho thấy mức độ biến động bất thường, có thể là tín hiệu định giá.",line_item,inventory_writedown,False,False,bad_arity:zscore|duplicate,,"zscore(inventory_writedown,4)",2,1,False,False,False
gemma4-e2b-gpu,0,F4-002,F4,P03-PNJ24-inventory,False,1,strict,inventory_to_revenue_ratio_lag,"safe_div(revenue, inventory_gross) * lag(1, 2)",Tỷ lệ doanh thu so với hàng tồn kho gốc trong quá khứ giúp đánh giá khả năng thanh lý hàng tồn kho.,line_item,"revenue, inventory_gross",False,False,duplicate,,"(lag(1,2)*safe_div(revenue,inventory_gross))",3,2,False,True,False
gemma4-e2b-gpu,0,F4-002,F4,P03-PNJ24-inventory,False,2,strict,inventory_to_current_assets_ratio_delta,"delta(current_assets, 4) safe_div(inventory, current_assets)",Sự thay đổi tương đối của tỷ lệ tồn kho so với tài sản ngắn hạn phản ánh áp lực thanh khoản.,line_item,"current_assets, inventory",False,False,syntax_error,,,,,False,True,False
gemma4-e2b-plecpu,0,F1-001,F1,P01-ANV17-inventory,False,0,strict,inventory_writedown_ratio_zscore,"zscore(inventory_writedown, inventory_gross, current_assets)","Công thức này đo lường mức độ dự phòng giảm giá hàng tồn kho so với giá trị hàng tồn kho gốc và tổng tài sản, chuẩn hóa theo lát cắt ngang. Lợi suất cao có thể cho thấy quản lý rủi ro hàng tồn kho hiệu quả hoặc ngược lại, nếu dự phòng quá cao so với giá trị thực tế.",line_item,"inventory_writedown, inventory_gross, current_assets",False,False,bad_arity:zscore,,"zscore(inventory_writedown,inventory_gross,current_assets)",2,3,False,False,False
gemma4-e2b-plecpu,0,F1-001,F1,P01-ANV17-inventory,False,1,strict,inventory_to_revenue_growth_lag,"growth(inventory, revenue, 1)","Đo lường tốc độ tăng trưởng của hàng tồn kho so với doanh thu trong quý trước, giúp đánh giá sự thay đổi trong cấu trúc hàng tồn kho. Tốc độ tăng trưởng có thể là tín hiệu cho sự mở rộng nhu cầu hoặc rủi ro tồn đọng.",line_item,"inventory, revenue",False,False,bad_arity:growth,,"growth(inventory,revenue,1)",2,2,False,True,False
gemma4-e2b-plecpu,0,F1-001,F1,P01-ANV17-inventory,False,2,strict,inventory_writedown_impact_zscore,"zscore(abs(inventory_writedown), cogs, market_cap)",Công thức này chuẩn hóa giá trị tuyệt đối của dự phòng giảm giá hàng tồn kho theo giá vốn hàng bán và vốn hóa thị trường. Nó giúp xác định các cổ phiếu có mức độ rủi ro/biến động liên quan đến việc ghi nhận tổn thất hàng tồn kho cao hơn mức trung bình thị trường.,line_item,"inventory_writedown, cogs, market_cap",False,False,bad_arity:zscore,,"zscore(abs(inventory_writedown),cogs,market_cap)",3,3,False,False,False
gemma4-e2b-plecpu,0,F2-001,F2,P01-ANV17-inventory,False,0,strict,inventory_writedown_zscore,zscore(inventory_writedown),"Đo lường mức độ biến động của dự phòng giảm giá hàng tồn kho so với mức trung bình của toàn thị trường, cho thấy rủi ro tiềm ẩn từ việc ghi nhận lỗ trong kỳ.",line_item,Dự phòng giảm giá hàng tồn kho,False,True,,,zscore(inventory_writedown),2,1,True,False,False
gemma4-e2b-plecpu,0,F2-001,F2,P01-ANV17-inventory,False,1,strict,inventory_writedown_lag_rank,"rank(lag(inventory_writedown, 1))","Xếp hạng dựa trên sự thay đổi của dự phòng giảm giá hàng tồn kho trong quý trước, giúp nắm bắt xu hướng biến động ngắn hạn của rủi ro tồn kho.",line_item,Trích lập/(Hoàn nhập) dự phòng dự phòng giảm giá hàng tồn kho,False,True,,,"rank(lag(inventory_writedown,1))",3,1,True,True,False
gemma4-e2b-plecpu,0,F2-001,F2,P01-ANV17-inventory,False,2,strict,inventory_writedown_zscore_lag,"zscore(lag(inventory_writedown, 1))","Đo lường mức độ bất thường của sự thay đổi dự phòng giảm giá hàng tồn kho trong quý trước so với phân phối toàn thị trường, giúp xác định các cổ phiếu có rủi ro biến động cao.",line_item,Dự phòng giảm giá hàng tồn kho,False,True,,,"zscore(lag(inventory_writedown,1))",3,1,True,True,False
gemma4-e2b-plecpu,0,F3-001,F3,P01-ANV17-inventory,False,0,strict,inventory_writedown_ratio_to_assets,abs(inventory_writedown / total_assets),"Tỷ lệ dự phòng giảm giá hàng tồn kho so với tổng tài sản cho thấy mức độ rủi ro tiềm ẩn từ hàng tồn kho, tỷ lệ cao có thể báo hiệu rủi ro thua lỗ trong kỳ.",line_item,"inventory_writedown, total_assets",False,False,raw_division,,abs((inventory_writedown/total_assets)),3,2,False,False,False
gemma4-e2b-plecpu,0,F3-001,F3,P01-ANV17-inventory,False,1,strict,inventory_writedown_change_to_assets,"delta(inventory_writedown, 4) * safe_div(1, total_assets)",Sự thay đổi của dự phòng giảm giá hàng tồn kho so với quy mô tài sản tổng thể là một chỉ báo về sự biến động trong việc đánh giá giá trị hàng tồn kho.,line_item,"inventory_writedown, total_assets",False,True,,,"(delta(inventory_writedown,4)*safe_div(1,total_assets))",3,2,True,True,False
gemma4-e2b-plecpu,0,F3-001,F3,P01-ANV17-inventory,False,2,strict,inventory_writedown_note,1,"Dựa trên thông tin: ""Dự phòng giảm giá hàng tồn kho được lập cho từng mặt hàng tồn kho có giá gốc lớn hơn giá trị thuần có thể thực hiện được.""",note,Dự phòng giảm giá hàng tồn kho được lập cho từng mặt hàng tồn kho có giá gốc lớn hơn giá trị thuần có thể thực hiện được.,True,False,constant_only,,1,1,0,False,False,False
gemma4-e2b-plecpu,0,F4-001,F4,P01-ANV17-inventory,False,0,strict,inventory_writedown_zscore,"zscore(inventory_writedown, 4)","Đo lường mức độ biến động của dự phòng giảm giá hàng tồn kho so với mức trung bình thị trường, giúp xác định rủi ro định giá.",line_item,inventory_writedown,False,False,bad_arity:zscore,,"zscore(inventory_writedown,4)",2,1,False,False,False
gemma4-e2b-plecpu,0,F4-001,F4,P01-ANV17-inventory,False,1,strict,inventory_to_revenue_ratio_lag,"safe_div(revenue, inventory_gross) * lag(1, 2)",Tỷ lệ doanh thu so với hàng tồn kho gốc trong quá khứ cho thấy khả năng thanh lý hàng tồn kho và tác động đến lợi nhuận.,line_item,"revenue, inventory_gross",False,True,,,"(lag(1,2)*safe_div(revenue,inventory_gross))",3,2,True,True,False
gemma4-e2b-plecpu,0,F4-001,F4,P01-ANV17-inventory,False,2,strict,inventory_to_current_assets_ratio_delta,"delta(current_assets, 4) safe_div(inventory, current_assets)",Sự thay đổi tương đối của tỷ lệ tồn kho so với tài sản ngắn hạn phản ánh áp lực lên cấu trúc tài sản của công ty.,line_item,"current_assets, inventory",False,False,syntax_error,,,,,False,True,False
gemma4-e2b-plecpu,0,F1-002,F1,P02-HPG24-inventory,False,0,strict,inventory_writedown_ratio_lag1,"abs(inventory_writedown / (inventory_gross + 1e-6)) * lag(inventory_writedown / inventory_gross, 1)","Đo lường mức độ dự phòng giảm giá hàng tồn kho so với giá trị hàng tồn kho gốc trong kỳ trước, cho thấy rủi ro tiềm ẩn về việc ghi nhận lỗ trong tương lai.",line_item,"inventory_writedown, inventory_gross, lag",False,False,raw_division,,"(abs((inventory_writedown/(1e-06+inventory_gross)))*lag((inventory_writedown/inventory_gross),1))",5,2,False,True,False
gemma4-e2b-plecpu,0,F1-002,F1,P02-HPG24-inventory,False,1,strict,inventory_writedown_zscore_current,"zscore(inventory_writedown) * zscore(inventory_writedown, 1)","Xếp hạng mức độ bất thường của dự phòng giảm giá hàng tồn kho trong kỳ hiện tại so với phân phối lịch sử, giúp xác định các quý có sự biến động bất thường về rủi ro hàng tồn kho.",line_item,"inventory_writedown, zscore",False,False,bad_arity:zscore,,"(zscore(inventory_writedown)*zscore(inventory_writedown,1))",3,1,False,False,False
gemma4-e2b-plecpu,0,F1-002,F1,P02-HPG24-inventory,False,2,strict,inventory_change_vs_revenue_growth,"growth(inventory - inventory_gross, revenue, 1)","Đánh giá sự thay đổi tương đối của hàng tồn kho (sau khi loại trừ giá vốn) so với tốc độ tăng trưởng doanh thu, phản ánh hiệu quả quản lý hàng tồn kho trong bối cảnh tăng trưởng kinh doanh.",line_item,"inventory, inventory_gross, revenue, growth",False,False,bad_arity:growth,,"growth((inventory-inventory_gross),revenue,1)",3,3,False,True,False
gemma4-e2b-plecpu,0,F2-002,F2,P02-HPG24-inventory,False,0,strict,inventory_writedown_zscore,zscore(inventory_writedown),"Đo lường mức độ dự phòng giảm giá hàng tồn kho so với mức trung bình của toàn thị trường, cho thấy rủi ro tiềm ẩn từ việc ghi nhận lỗ hàng tồn kho.",line_item,inventory_writedown,False,False,duplicate,,zscore(inventory_writedown),2,1,False,False,False
gemma4-e2b-plecpu,0,F2-002,F2,P02-HPG24-inventory,False,1,strict,inventory_to_total_ratio_lag_1,"abs(current_assets * 0.01) safe_div(inventory_gross, current_assets) lag(abs(current_assets * 0.01), 1)","So sánh tỷ lệ hàng tồn kho (dựa trên giá gốc) so với tổng tài sản trong kỳ trước, giúp đánh giá mức độ tập trung của tài sản trong hàng tồn kho.",note,Trong hàng tồn kho tại ngày 31 tháng 12 năm 2024 có 671 tỷ VND hàng tồn kho (1/1/2024: 20.212 tỷ VND),True,False,syntax_error,,,,,False,True,False
gemma4-e2b-plecpu,0,F2-002,F2,P02-HPG24-inventory,False,2,strict,inventory_writedown_growth_4,"growth(inventory_writedown, 4)","Đo lường tốc độ thay đổi của dự phòng giảm giá hàng tồn kho trong 4 quý gần nhất, giúp nhận diện xu hướng biến động của rủi ro dự phòng.",line_item,inventory_writedown,False,True,,,"growth(inventory_writedown,4)",2,1,True,True,False
gemma4-e2b-plecpu,0,F3-002,F3,P02-HPG24-inventory,False,0,recovered,inventory_write_down_ratio,abs(inventory_writedown / inventory_gross),"Tỷ lệ dự phòng giảm giá hàng tồn kho so với giá gốc hàng tồn kho cho thấy mức độ rủi ro tiềm ẩn về giá trị hàng tồn kho, tỷ lệ cao có thể báo hiệu rủi ro thua lỗ trong kỳ.",line_item,"inventory_writedown, inventory_gross",False,False,raw_division,,abs((inventory_writedown/inventory_gross)),3,2,False,False,False
gemma4-e2b-plecpu,0,F3-002,F3,P02-HPG24-inventory,False,1,recovered,inventory_to_assets_ratio,"safe_div(inventory, total_assets)","Tỷ lệ hàng tồn kho so với tổng tài sản thể hiện mức độ phụ thuộc của doanh nghiệp vào hàng tồn kho, tỷ lệ cao có thể làm giảm lợi suất cổ phiếu.",line_item,"inventory, total_assets",False,True,,,"safe_div(inventory,total_assets)",2,2,True,False,False
gemma4-e2b-plecpu,0,F3-002,F3,P02-HPG24-inventory,False,2,recovered,inventory_write_down_risk_note,rank(inventory_writedown) - rank(inventory_writedown),"Công thức này sử dụng hàm rank để xếp hạng mức độ dự phòng giảm giá hàng tồn kho, giúp xác định cổ phiếu có mức độ rủi ro cao nhất trong lát cắt ngang.",note,Hàng tồn kho có giá trị ghi sổ là 29.769 tỷ VND (1/1/2024: 24.178 tỷ VND) được thế chấp tại các ngân hàng để đảm bảo cho các khoản vay của Tập đoàn,True,True,,,(rank(inventory_writedown)-rank(inventory_writedown)),3,1,True,False,False
gemma4-e2b-plecpu,0,F1-003,F1,P03-PNJ24-inventory,False,0,strict,inventory_writedown_ratio_zscore,zscore(inventory_writedown) * log(current_assets),"Công thức này đo lường mức độ biến động của dự phòng giảm giá hàng tồn kho so với mức độ tài sản ngắn hạn, chuẩn hóa theo lát cắt ngang. Tỷ lệ cao có thể chỉ ra rủi ro kế toán hoặc sự thay đổi lớn trong chính sách quản lý hàng tồn kho, ảnh hưởng tiêu cực đến lợi suất.",line_item,"inventory_writedown, current_assets",False,True,,,(log(current_assets)*zscore(inventory_writedown)),3,2,True,False,False
gemma4-e2b-plecpu,0,F1-003,F1,P03-PNJ24-inventory,False,1,strict,inventory_to_revenue_ratio_growth,"growth(inventory) safe_div(revenue, inventory)","Đo lường sự thay đổi tương đối của hàng tồn kho so với doanh thu trong các quý liên tiếp. Sự tăng trưởng bất thường của tồn kho so với doanh thu có thể là dấu hiệu của việc quản lý hàng tồn kho kém hiệu quả, gây áp lực lên lợi nhuận.",line_item,"inventory, revenue",False,False,syntax_error,,,,,False,True,False
gemma4-e2b-plecpu,0,F1-003,F1,P03-PNJ24-inventory,False,2,strict,gross_profit_vs_inventory_ratio_lag,"lag(gross_profit) safe_div(inventory_gross, gross_profit)","So sánh lợi nhuận gộp với giá vốn hàng bán (trước dự phòng) qua các quý. Nếu tỷ lệ này thay đổi mạnh, nó cho thấy sự biến động trong biên lợi nhuận gộp, là yếu tố quan trọng trong đánh giá chất lượng lợi nhuận.",line_item,"gross_profit, cogs",False,False,syntax_error,,,,,False,True,False
gemma4-e2b-plecpu,0,F2-003,F2,P03-PNJ24-inventory,False,0,strict,inventory_writedown_zscore,zscore(inventory_writedown),"Đo lường mức độ biến động của dự phòng giảm giá hàng tồn kho so với mức trung bình của toàn thị trường, cho thấy rủi ro tiềm ẩn từ việc ghi nhận lỗ hàng tồn kho.",line_item,Biến động về dự phòng giảm giá hàng tồn kho trong năm tài chính như sau,False,False,duplicate,,zscore(inventory_writedown),2,1,False,False,False
gemma4-e2b-plecpu,0,F2-003,F2,P03-PNJ24-inventory,False,1,strict,inventory_writedown_lag_rank,"rank(abs(lag(inventory_writedown, 1)))","Xếp hạng dựa trên sự thay đổi gần nhất của dự phòng giảm giá hàng tồn kho, giúp nắm bắt xu hướng ngắn hạn của rủi ro tồn kho.",line_item,Biến động về dự phòng giảm giá hàng tồn kho trong năm tài chính như sau,False,True,,,"rank(abs(lag(inventory_writedown,1)))",4,1,True,True,False
gemma4-e2b-plecpu,0,F2-003,F2,P03-PNJ24-inventory,False,2,strict,inventory_writedown_zscore_lag,"zscore(lag(inventory_writedown, 1))","Đo lường mức độ bất thường của dự phòng giảm giá hàng tồn kho trong kỳ hiện tại so với kỳ trước, giúp xác định các điểm bất thường về rủi ro tồn kho.",line_item,Biến động về dự phòng giảm giá hàng tồn kho trong năm tài chính như sau,False,False,duplicate,,"zscore(lag(inventory_writedown,1))",3,1,False,True,False
gemma4-e2b-plecpu,0,F4-002,F4,P03-PNJ24-inventory,False,0,strict,inventory_writedown_zscore,"zscore(inventory_writedown, 4)","Độ lệch chuẩn của dự phòng giảm giá hàng tồn kho cho thấy mức độ biến động bất thường, có thể là tín hiệu định giá.",line_item,inventory_writedown,False,False,bad_arity:zscore|duplicate,,"zscore(inventory_writedown,4)",2,1,False,False,False
gemma4-e2b-plecpu,0,F4-002,F4,P03-PNJ24-inventory,False,1,strict,inventory_to_revenue_ratio_lag,"safe_div(revenue, inventory_gross) * lag(1, 2)",Tỷ lệ doanh thu so với hàng tồn kho gốc trong quá khứ giúp đánh giá khả năng thanh lý hàng tồn kho.,line_item,"revenue, inventory_gross",False,False,duplicate,,"(lag(1,2)*safe_div(revenue,inventory_gross))",3,2,False,True,False
gemma4-e2b-plecpu,0,F4-002,F4,P03-PNJ24-inventory,False,2,strict,inventory_to_current_assets_ratio_delta,"delta(current_assets, 4) safe_div(inventory, current_assets)",Sự thay đổi tương đối của tỷ lệ tồn kho so với tài sản ngắn hạn phản ánh áp lực thanh khoản.,line_item,"current_assets, inventory",False,False,syntax_error,,,,,False,True,False
gemma4-e2b-plecpu,0,F1-004,F1,P04-GAS24-receivables,False,0,strict,receivables_to_revenue_ratio_zscore_1,zscore(receivables_customers) * (1.0 / revenue),"Công thức này đo lường mức độ phụ thuộc của doanh thu vào các khoản phải thu của khách hàng. Tỷ lệ cao hơn cho thấy rủi ro thanh khoản cao hơn, có thể ảnh hưởng tiêu cực đến lợi suất cổ phiếu.",line_item,"receivables_customers, revenue",False,False,raw_division,,((1/revenue)*zscore(receivables_customers)),3,2,False,False,False
gemma4-e2b-plecpu,0,F1-004,F1,P04-GAS24-receivables,False,1,strict,provision_doubtful_debt_to_current_assets_ratio_delta_2,"delta(provision_doubtful_debt, current_assets) * (1.0 / (current_assets + provision_doubtful_debt))",Đo lường mức độ dự phòng rủi ro nợ khó đòi so với tổng tài sản ngắn hạn. Mức độ dự phòng cao hơn có thể là tín hiệu cảnh báo về chất lượng tài sản và rủi ro nợ phải thu.,line_item,"provision_doubtful_debt, current_assets",False,False,bad_lag:delta|raw_division,,"((1/(current_assets+provision_doubtful_debt))*delta(provision_doubtful_debt,current_assets))",4,2,False,True,False
gemma4-e2b-plecpu,0,F1-004,F1,P04-GAS24-receivables,False,2,strict,cfo_to_receivables_ratio_lag_1,"lag(cfo, 1) * (1.0 / receivables_customers)",Phân tích mối quan hệ giữa dòng tiền thuần và các khoản phải thu. Dòng tiền thuần âm hoặc không đủ để bù đắp các khoản phải thu lớn có thể là yếu tố tiêu cực cho định giá cổ phiếu.,line_item,"cfo, receivables_customers",False,False,raw_division,,"((1/receivables_customers)*lag(cfo,1))",3,2,False,True,False
gemma4-e2b-plecpu,0,F2-004,F2,P04-GAS24-receivables,False,0,strict,receivables_ratio_to_assets_growth,"growth(receivables_customers, 1) * safe_div(current_assets, total_assets)","Công thức này đo lường mức độ tăng trưởng của khoản phải thu khách hàng so với tổng tài sản trong kỳ, cho thấy hiệu quả quản lý rủi ro tín dụng và khả năng thu hồi nợ trong kỳ.",line_item,số dư các khoản phải thu ngắn hạn của khách hàng khó có khả năng thu hồi,False,True,,,"(growth(receivables_customers,1)*safe_div(current_assets,total_assets))",3,3,True,True,False
gemma4-e2b-plecpu,0,F2-004,F2,P04-GAS24-receivables,False,1,strict,doubtful_debt_vs_receivables_ratio,"abs(provision_doubtful_debt) safe_div(receivables_customers, provision_doubtful_debt)",Tỷ lệ giữa dự phòng nợ khó đòi và tổng khoản phải thu ngắn hạn cho thấy mức độ bảo đảm của dự phòng. Tỷ lệ thấp có thể ám chỉ rủi ro tiềm ẩn cao hơn so với mức dự phòng hiện tại.,line_item,Dự phòng phải thu ngắn hạn khó đòi,False,False,syntax_error,,,,,False,False,False
gemma4-e2b-plecpu,0,F2-004,F2,P04-GAS24-receivables,False,2,strict,receivables_lag_zscore,"zscore(receivables_customers, 1) lag(receivables_customers, 1)","Công thức này sử dụng giá trị chuẩn hóa của khoản phải thu ngắn hạn trong kỳ và so sánh nó với giá trị của chính nó trong quý trước, giúp xác định xu hướng biến động của khoản phải thu.",note,số dư các khoản phải thu ngắn hạn của khách hàng khó có khả năng thu hồi lần lượt là 5.441.791.177.829 Đồng và 1.795.966.693.990 Đồng như đã trình bày tại Thuyết minh 8,True,False,syntax_error,,,,,False,True,False
gemma4-e2b-plecpu,0,F3-003,F3,P04-GAS24-receivables,False,0,strict,receivables_to_assets_ratio,"safe_div(receivables_customers, total_assets)",Tỷ lệ phải thu ngắn hạn của khách hàng so với tổng tài sản thể hiện mức độ rủi ro thanh khoản và khả năng thu hồi của doanh nghiệp; tỷ lệ cao cho thấy rủi ro cao hơn.,line_item,"receivables_customers, total_assets",False,True,,,"safe_div(receivables_customers,total_assets)",2,2,True,False,False
gemma4-e2b-plecpu,0,F3-003,F3,P04-GAS24-receivables,False,1,strict,doubtful_debt_ratio,"safe_div(provision_doubtful_debt, short_term_receivables)",Tỷ lệ dự phòng phải thu khó đòi trên tổng các khoản phải thu ngắn hạn cho thấy mức độ suy giảm chất lượng của các khoản phải thu còn lại.,line_item,"provision_doubtful_debt, short_term_receivables",False,True,,,"safe_div(provision_doubtful_debt,short_term_receivables)",2,2,True,False,False
gemma4-e2b-plecpu,0,F3-003,F3,P04-GAS24-receivables,False,2,strict,receivables_note_ratio,"safe_div(receivables_customers, short_term_receivables)","Dựa trên thuyết minh, số dư phải thu ngắn hạn của khách hàng khó có khả năng thu hồi là chỉ báo trực tiếp về chất lượng nợ; tỷ lệ này đo lường mức độ rủi ro của các khoản phải thu.",note,"Tại ngày 31 tháng 12 năm 2024 và ngày 31 tháng 12 năm 2023, số dư các khoản phải thu ngắn hạn của khách hàng khó có khả năng thu hồi",True,True,,,"safe_div(receivables_customers,short_term_receivables)",2,2,True,False,False
gemma4-e2b-plecpu,0,F4-003,F4,P04-GAS24-receivables,False,0,recovered,receivables_risk_zscore,zscore(receivables_customers),Độ biến động của khoản phải thu khách hàng là chỉ báo trực tiếp về rủi ro tín dụng và khả năng thu hồi của doanh nghiệp.,line_item,receivables_customers,False,True,,,zscore(receivables_customers),2,1,True,False,False
gemma4-e2b-plecpu,0,F4-003,F4,P04-GAS24-receivables,False,1,recovered,cfo_vs_receivables_ratio,abs(cfo / (receivables_customers + 1)),Tỷ lệ lưu chuyển tiền thuần so với khoản phải thu cho thấy khả năng thanh khoản để bù đắp các khoản nợ phải thu.,line_item,"cfo, receivables_customers",False,False,raw_division,,abs((cfo/(1+receivables_customers))),4,2,False,False,False
gemma4-e2b-plecpu,0,F4-003,F4,P04-GAS24-receivables,False,2,recovered,net_income_vs_receivables_growth,"growth(net_income, 4) * safe_div(1 + std(receivables_customers, 4))",Sự tăng trưởng lợi nhuận so với biến động của khoản phải thu giúp đánh giá chất lượng thu nhập từ các khoản phải thu.,line_item,"net_income, receivables_customers",False,False,bad_arity:safe_div,,"(growth(net_income,4)*safe_div((1+std(receivables_customers,4))))",5,2,False,True,False
gemma4-e2b-plecpu,0,F2-005,F2,P05-HUT24-receivables,False,0,strict,receivables_to_total_assets_ratio,"safe_div(short_term_receivables, total_assets)",Tỷ lệ khoản phải thu ngắn hạn so với tổng tài sản phản ánh mức độ rủi ro thanh khoản và khả năng thu hồi của doanh nghiệp. Tỷ lệ cao cho thấy áp lực về dòng tiền và rủi ro nợ xấu tiềm ẩn cao hơn.,line_item,"Các khoản phải thu quá hạn thanh toán, hoặc chưa quá hạn nhưng khó có khả năng thu hồi",False,True,,,"safe_div(short_term_receivables,total_assets)",2,2,True,False,False
gemma4-e2b-plecpu,0,F2-005,F2,P05-HUT24-receivables,False,1,strict,provision_change_vs_prev_period,"delta(provision_doubtful_debt, 1)",Sự thay đổi (tăng/giảm) của dự phòng nợ phải thu khó đòi trong kỳ cho thấy sự thay đổi trong nhận thức về rủi ro tín dụng của doanh nghiệp. Dự phòng tăng có thể là dấu hiệu của việc ghi nhận rủi ro mới.,note,Trích lập dự phòng bổ sung trong năm,True,True,,,"delta(provision_doubtful_debt,1)",2,1,False,True,False
gemma4-e2b-plecpu,0,F2-005,F2,P05-HUT24-receivables,False,2,strict,receivables_to_revenue_ratio,"safe_div(receivables_customers, revenue)",Tỷ lệ khoản phải thu của khách hàng so với doanh thu phản ánh hiệu quả quản lý tín dụng và khả năng thu tiền từ khách hàng. Tỷ lệ cao có thể chỉ ra vấn đề về thu hồi công nợ.,line_item,Phải thu ngắn hạn của khách hàng,False,True,,,"safe_div(receivables_customers,revenue)",2,2,True,False,False
gemma4-e2b-plecpu,0,F3-004,F3,P05-HUT24-receivables,False,0,strict,receivables_to_assets_ratio,"safe_div(receivables_customers, total_assets)",Tỷ lệ phải thu ngắn hạn của khách hàng so với tổng tài sản là thước đo trực tiếp về mức độ rủi ro thanh khoản và khả năng thu hồi của doanh nghiệp.,line_item,"receivables_customers, total_assets",False,False,duplicate,,"safe_div(receivables_customers,total_assets)",2,2,False,False,False
gemma4-e2b-plecpu,0,F3-004,F3,P05-HUT24-receivables,False,1,strict,provision_to_receivables_ratio,"safe_div(provision_doubtful_debt, short_term_receivables)",Tỷ lệ dự phòng nợ khó đòi so với tổng các khoản phải thu ngắn hạn cho thấy mức độ thận trọng của công ty trong việc đánh giá rủi ro tín dụng.,line_item,"provision_doubtful_debt, short_term_receivables",False,False,duplicate,,"safe_div(provision_doubtful_debt,short_term_receivables)",2,2,False,False,False
gemma4-e2b-plecpu,0,F3-004,F3,P05-HUT24-receivables,False,2,strict,bad_debt_provision_trend,"delta(provision_doubtful_debt, 1)",Xu hướng thay đổi của dự phòng nợ khó đòi trong kỳ cho thấy sự biến động trong nhận thức rủi ro tín dụng của thị trường.,note,Trích lập dự phòng bổ sung trong năm,True,False,duplicate,,"delta(provision_doubtful_debt,1)",2,1,False,True,False
gemma4-e2b-plecpu,0,F1-005,F1,P06-TNG24-debt,False,0,strict,interest_expense_lag_zscore_1,"zscore(lag(interest_expense, 1))","Đo lường sự thay đổi bất thường của chi phí lãi vay trong quý hiện tại so với quý trước, chuẩn hóa trên toàn bộ thị trường để xác định các quý có rủi ro hoặc biến động cao về chi phí tài chính.",line_item,"interest_expense, lag, zscore",False,True,,,"zscore(lag(interest_expense,1))",3,1,True,True,False
gemma4-e2b-plecpu,0,F1-005,F1,P06-TNG24-debt,False,1,strict,short_term_debt_to_assets_ratio_growth,"growth(short_term_debt / total_assets, 1)","Đánh giá tốc độ tăng trưởng của tỷ lệ nợ ngắn hạn trên tổng tài sản, cho thấy mức độ phụ thuộc vào nguồn vốn ngắn hạn trong kỳ.",line_item,"short_term_debt, total_assets, growth",False,False,raw_division,,"growth((short_term_debt/total_assets),1)",3,2,False,True,False
gemma4-e2b-plecpu,0,F1-005,F1,P06-TNG24-debt,False,2,strict,financial_expense_mean_lag_zscore_2,"zscore(mean(financial_expense, 2))","Xếp hạng dựa trên mức độ biến động trung bình của chi phí tài chính trong 2 quý gần nhất, giúp lọc ra các doanh nghiệp có xu hướng chi phí tài chính không ổn định.",line_item,"financial_expense, mean, zscore",False,True,,,"zscore(mean(financial_expense,2))",3,1,True,True,False
gemma4-e2b-plecpu,0,F2-006,F2,P06-TNG24-debt,False,0,strict,interest_expense_vs_debt_ratio_zscore,"zscore(interest_expense, 4) * safe_div(long_term_debt, total_liabilities)","Công thức này đo lường mức độ phụ thuộc của chi phí lãi vay vào tổng nợ vay dài hạn so với mức độ rủi ro tổng thể của công ty, giúp xếp hạng các cổ phiếu có cấu trúc nợ vay khác nhau.",line_item,Chi phí lãi vay,False,False,bad_arity:zscore,,"(safe_div(long_term_debt,total_liabilities)*zscore(interest_expense,4))",3,3,False,False,False
gemma4-e2b-plecpu,0,F2-006,F2,P06-TNG24-debt,False,1,strict,long_term_debt_growth_lag_rank,"rank(growth(long_term_debt, 2))","Xếp hạng dựa trên tốc độ tăng trưởng của nợ vay dài hạn trong các quý trước, cho thấy xu hướng gia tăng gánh nặng tài chính trong tương lai.",note,Vay dài hạn | 716.279.584.223 | 114.479.625.701 | 224.253.960.000 | 606.505.249.924,True,True,,,"rank(growth(long_term_debt,2))",3,1,True,True,False
gemma4-e2b-plecpu,0,F2-006,F2,P06-TNG24-debt,False,2,strict,interest_expense_vs_current_liabilities_ratio_lag,"lag(interest_expense, 1) * safe_div(current_liabilities, total_liabilities)","Đo lường mối quan hệ giữa chi phí lãi vay kỳ trước và tỷ lệ nợ ngắn hạn so với tổng nợ, dự đoán áp lực thanh khoản trong kỳ tới.",line_item,Chi phí lãi vay,False,True,,,"(lag(interest_expense,1)*safe_div(current_liabilities,total_liabilities))",3,3,True,True,False
gemma4-e2b-plecpu,0,F4-004,F4,P06-TNG24-debt,False,0,recovered,interest_expense_zscore_lag4,"zscore(interest_expense, 4)","Lợi suất cổ phiếu có thể phản ánh mức độ biến động của chi phí lãi vay trong các quý trước, giúp dự đoán rủi ro chi phí trong tương lai.",line_item,interest_expense,False,False,bad_arity:zscore,,"zscore(interest_expense,4)",2,1,False,False,False
gemma4-e2b-plecpu,0,F4-004,F4,P06-TNG24-debt,False,1,recovered,cash_flow_growth_rank,"rank(growth(cfo, 2))","Tốc độ tăng trưởng lưu chuyển tiền thuần từ hoạt động kinh doanh là yếu tố quan trọng, có thể là tín hiệu tích cực cho lợi suất cổ phiếu.",line_item,cfo,False,True,,,"rank(growth(cfo,2))",3,1,True,True,False
gemma4-e2b-plecpu,0,F1-006,F1,P07-NLG17-debt,False,0,strict,interest_expense_lag_zscore_1,"zscore(lag(interest_expense, 1))","Đo lường sự thay đổi tương đối của chi phí lãi vay trong quý hiện tại so với quý trước, chuẩn hóa trên toàn bộ thị trường để xác định mức độ bất thường của chi phí lãi vay.",line_item,"interest_expense, lag, zscore",False,False,duplicate,,"zscore(lag(interest_expense,1))",3,1,False,True,False
gemma4-e2b-plecpu,0,F1-006,F1,P07-NLG17-debt,False,1,strict,debt_to_asset_ratio_growth_2,"growth(safe_div(short_term_debt, total_assets)) * growth(safe_div(short_term_debt, total_assets), 2)","Đánh giá tốc độ tăng trưởng của tỷ lệ nợ ngắn hạn trên tổng tài sản, cho thấy áp lực tài chính ngắn hạn của doanh nghiệp.",line_item,"short_term_debt, total_assets, growth",False,False,bad_arity:growth,,"(growth(safe_div(short_term_debt,total_assets))*growth(safe_div(short_term_debt,total_assets),2))",4,2,False,True,False
gemma4-e2b-plecpu,0,F1-006,F1,P07-NLG17-debt,False,2,strict,financial_expense_mean_rank_4,"rank(mean(financial_expense, 4))","Xếp hạng dựa trên giá trị trung bình của chi phí tài chính trong 4 quý gần nhất, giúp xác định các doanh nghiệp có xu hướng chi phí tài chính cao hơn mức trung bình.",line_item,"financial_expense, mean, rank",False,True,,,"rank(mean(financial_expense,4))",3,1,True,True,False
gemma4-e2b-plecpu,0,F2-007,F2,P07-NLG17-debt,False,0,strict,debt_to_asset_ratio_lag_1,"zscore(total_liabilities, k=1)","Tỷ lệ nợ trên tổng tài sản là một chỉ số cơ bản về mức độ đòn bẩy tài chính. Việc sử dụng z-score giúp chuẩn hóa giá trị này theo lát cắt ngang, cho thấy mức độ rủi ro nợ của doanh nghiệp so với toàn thị trường trong quý đó.",note,TỔNG CỘNG TÀI SẢN,False,False,syntax_error:keyword,,,,,False,False,False
gemma4-e2b-plecpu,0,F2-007,F2,P07-NLG17-debt,False,1,strict,interest_expense_growth_ratio,"growth(interest_expense, k=1)","Tốc độ tăng trưởng chi phí lãi vay trong kỳ là một tín hiệu quan trọng về áp lực tài chính. Tốc độ tăng trưởng cao có thể phản ánh việc doanh nghiệp đang đối mặt với chi phí vay cao hơn hoặc cơ cấu nợ xấu đi, ảnh hưởng tiêu cực đến lợi suất.",line_item,interest_expense,False,False,syntax_error:keyword,,,,,False,True,False
gemma4-e2b-plecpu,0,F2-007,F2,P07-NLG17-debt,False,2,strict,short_term_debt_to_current_liabilities_ratio,"safe_div(short_term_debt, current_liabilities)","Tỷ lệ nợ ngắn hạn trên nợ ngắn hạn đo lường mức độ phụ thuộc vào nguồn vốn ngắn hạn để chi trả các nghĩa vụ nợ. Tỷ lệ cao cho thấy rủi ro thanh khoản cao hơn, làm giảm khả năng sinh lời trong ngắn hạn.",note,Vay ngắn hạn,True,True,,,"safe_div(short_term_debt,current_liabilities)",2,2,True,False,False
gemma4-e2b-plecpu,0,F3-005,F3,P07-NLG17-debt,False,0,recovered,interest_expense_to_revenue_growth,"growth(interest_expense, revenue, 1)","Tỷ lệ chi phí lãi vay so với tốc độ tăng trưởng doanh thu cho thấy mức độ phụ thuộc vào chi phí tài chính, chi phí cao hơn có thể bào mòn lợi nhuận và làm giảm lợi suất cổ phiếu.",line_item,"interest_expense, revenue",False,False,bad_arity:growth,,"growth(interest_expense,revenue,1)",2,2,False,True,False
gemma4-e2b-plecpu,0,F3-005,F3,P07-NLG17-debt,False,1,recovered,debt_to_total_assets_ratio,"safe_div(short_term_debt + long_term_debt, total_assets)","Tỷ lệ nợ tổng thể so với tổng tài sản đo mức độ đòn bẩy tài chính, mức độ đòn bẩy cao hơn làm tăng rủi ro thua lỗ.",line_item,"short_term_debt, long_term_debt, total_assets",False,True,,,"safe_div((long_term_debt+short_term_debt),total_assets)",3,3,True,False,False
gemma4-e2b-plecpu,0,F3-005,F3,P07-NLG17-debt,False,2,recovered,debt_to_liabilities_ratio,"safe_div(short_term_debt + long_term_debt, total_liabilities)","Tỷ lệ nợ phải trả so với tổng nợ phải trả đo mức độ rủi ro thanh khoản, tỷ lệ cao hơn cho thấy áp lực trả nợ lớn hơn.",line_item,"short_term_debt, long_term_debt, total_liabilities",False,True,,,"safe_div((long_term_debt+short_term_debt),total_liabilities)",3,3,True,False,False
gemma4-e2b-plecpu,0,F4-005,F4,P07-NLG17-debt,False,0,recovered,interest_expense_lag_rank,"rank(interest_expense, 1) * zscore(interest_expense, 4)","Xếp hạng dựa trên sự biến động của chi phí lãi vay trong quý trước, cho thấy rủi ro biến động chi phí tài chính.",line_item,interest_expense,False,False,bad_arity:rank|bad_arity:zscore,,"(rank(interest_expense,1)*zscore(interest_expense,4))",3,1,False,False,False
gemma4-e2b-plecpu,0,F2-008,F2,P08-POW17-debt,False,0,strict,interest_expense_lag_zscore,"zscore(lag(interest_expense, 1))","Đo lường sự biến động của chi phí lãi vay trong quý hiện tại so với quý trước, giúp xác định các quý có xu hướng chi phí lãi vay tăng/giảm bất thường, ảnh hưởng trực tiếp đến lợi nhuận.",line_item,interest_expense,False,False,duplicate,,"zscore(lag(interest_expense,1))",3,1,False,True,False
gemma4-e2b-plecpu,0,F2-008,F2,P08-POW17-debt,False,1,strict,long_term_debt_ratio_zscore,"zscore(short_term_debt safe_div(long_term_debt, total_liabilities))","Xây dựng một chỉ số đo lường mức độ phụ thuộc vào nợ dài hạn so với tổng nợ, giúp đánh giá rủi ro tài chính của doanh nghiệp. Giá trị cao có thể báo hiệu áp lực lên dòng tiền.",note,Vay dài hạn | 30.421.681.064.106 | 30.421.681.064.106,True,False,syntax_error,,,,,False,False,False
gemma4-e2b-plecpu,0,F2-008,F2,P08-POW17-debt,False,2,strict,debt_to_asset_growth_rank,"rank(growth(short_term_debt safe_div(total_assets, short_term_debt)))","Xếp hạng dựa trên tốc độ tăng trưởng của tỷ lệ nợ ngắn hạn trên tổng tài sản, cho thấy khả năng mở rộng tài sản so với mức độ sử dụng nợ ngắn hạn. Doanh nghiệp có tốc độ tăng trưởng cao có thể có rủi ro thanh khoản.",line_item,short_term_debt,False,False,syntax_error,,,,,False,True,False
gemma4-e2b-plecpu,0,F3-006,F3,P08-POW17-debt,False,0,strict,interest_expense_to_revenue_growth,"growth(interest_expense, revenue, 1)","Tỷ lệ chi phí lãi vay so với tốc độ tăng trưởng doanh thu đo lường gánh nặng chi phí tài chính so với khả năng tạo ra doanh thu, ảnh hưởng tiêu cực đến lợi suất.",line_item,"interest_expense, revenue",False,False,bad_arity:growth|duplicate,,"growth(interest_expense,revenue,1)",2,2,False,True,False
gemma4-e2b-plecpu,0,F3-006,F3,P08-POW17-debt,False,1,strict,long_term_debt_to_total_assets,"safe_div(long_term_debt, total_assets)","Tỷ lệ nợ dài hạn trên tổng tài sản là thước đo mức độ đòn bẩy tài chính tổng thể của công ty, rủi ro cao hơn cho cổ phiếu.",line_item,"long_term_debt, total_assets",False,True,,,"safe_div(long_term_debt,total_assets)",2,2,True,False,False
gemma4-e2b-plecpu,0,F3-006,F3,P08-POW17-debt,False,2,strict,long_term_debt_ratio_note,"rank(safe_div(long_term_debt, total_liabilities))","Xếp hạng dựa trên tỷ lệ nợ dài hạn so với tổng nợ (bao gồm cả ngắn hạn), phản ánh mức độ phụ thuộc vào nợ vay dài hạn của doanh nghiệp.",note,Vay dài hạn | 30.421.681.064.106 | 30.421.681.064.106,True,True,,,"rank(safe_div(long_term_debt,total_liabilities))",3,2,True,False,False
gemma4-e2b-plecpu,0,F1-007,F1,P09-HAH24-fixed_assets,False,0,strict,capex_to_revenue_ratio_lag1,"abs(revenue lag(1)) safe_div(capex, long_term_assets lag(1))","Đo lường mức độ chi tiêu đầu tư mới (capex) so với doanh thu kỳ trước, cho thấy khả năng tạo ra doanh thu mới từ các dự án đầu tư. Tỷ lệ cao có thể là tín hiệu tích cực cho tăng trưởng trong quý tới.",line_item,"revenue, capex, long_term_assets",False,False,syntax_error,,,,,False,True,False
gemma4-e2b-plecpu,0,F1-007,F1,P09-HAH24-fixed_assets,False,1,strict,depreciation_to_equity_ratio_zscore,zscore(depreciation) * zscore(equity),"So sánh mức độ khấu hao (chi phí) với vốn chủ sở hữu. Một tỷ lệ cao có thể ám chỉ việc sử dụng tài sản hiệu quả để tạo ra lợi nhuận, ảnh hưởng đến giá trị vốn chủ sở hữu.",line_item,"depreciation, equity",False,True,,,(zscore(depreciation)*zscore(equity)),3,2,True,False,False
gemma4-e2b-plecpu,0,F1-007,F1,P09-HAH24-fixed_assets,False,2,strict,capex_to_total_assets_ratio_delta1,"delta(capex, total_assets, 1)",Đo lường sự thay đổi tương đối của chi tiêu đầu tư (capex) so với tổng tài sản trong kỳ. Sự gia tăng chi tiêu đầu tư so với quy mô tài sản cho thấy xu hướng mở rộng hoạt động trong tương lai.,line_item,"capex, total_assets",False,False,bad_arity:delta,,"delta(capex,total_assets,1)",2,2,False,True,False
gemma4-e2b-plecpu,0,F2-009,F2,P09-HAH24-fixed_assets,False,0,strict,capex_to_asset_ratio_growth,"growth(capex, 1) * safe_div(fixed_assets, total_assets)","Công thức này đo lường mức độ tăng trưởng chi tiêu đầu tư mới (capex) so với tổng tài sản, cho thấy khả năng mở rộng hoạt động trong quý tới. Tỷ lệ cao có thể dự báo lợi suất tích cực.",line_item,capex,False,True,,,"(growth(capex,1)*safe_div(fixed_assets,total_assets))",3,3,True,True,False
gemma4-e2b-plecpu,0,F2-009,F2,P09-HAH24-fixed_assets,False,1,strict,depreciation_to_revenue_ratio_lag,"lag(depreciation, 1) * safe_div(revenue, revenue)","Đo lường mức độ khấu hao so với doanh thu trong kỳ trước, giúp đánh giá mức độ hao mòn tài sản cố định so với khả năng tạo ra doanh thu. Tỷ lệ này có thể phản ánh hiệu quả sử dụng tài sản.",note,"Khi tài sản cố định hữu hình được bán hay thanh lý, nguyên giá và giá trị hao mòn lũy kế được xóa số và lãi, lỗ phát sinh do thanh lý được ghi nhận vào thu nhập hay chi phí trong kỳ",True,True,,,"(lag(depreciation,1)*safe_div(revenue,revenue))",3,2,True,True,False
gemma4-e2b-plecpu,0,F2-009,F2,P09-HAH24-fixed_assets,False,2,strict,fixed_assets_value_rank_zscore,zscore(fixed_assets) * rank(fixed_assets),"Công thức này sử dụng giá trị tài sản cố định để xếp hạng, đo lường mức độ trọng số của tài sản cố định trong tổng thể tài sản, dự đoán cổ phiếu có tài sản cố định lớn hơn sẽ có lợi suất khác biệt.",line_item,fixed_assets,False,True,,,(rank(fixed_assets)*zscore(fixed_assets)),3,1,True,False,False
gemma4-e2b-plecpu,0,F3-007,F3,P09-HAH24-fixed_assets,False,0,strict,capex_to_revenue_ratio,"abs(capex) * safe_div(revenue, capex)","Tỷ lệ chi tiêu cho đầu tư mới (capex) so với doanh thu cho thấy mức độ mở rộng kinh doanh, một chỉ báo quan trọng về tiềm năng tăng trưởng trong quý tới.",line_item,"capex, revenue",False,True,,,"(abs(capex)*safe_div(revenue,capex))",3,2,True,False,False
gemma4-e2b-plecpu,0,F3-007,F3,P09-HAH24-fixed_assets,False,1,strict,depreciation_to_fixed_assets,"safe_div(depreciation, fixed_assets)","Tỷ lệ khấu hao so với tổng tài sản cố định phản ánh mức độ hao mòn của cơ sở vật chất, cho thấy mức độ sử dụng và tuổi thọ của tài sản trong kỳ.",line_item,"depreciation, fixed_assets",False,True,,,"safe_div(depreciation,fixed_assets)",2,2,True,False,False
gemma4-e2b-plecpu,0,F3-007,F3,P09-HAH24-fixed_assets,False,2,strict,asset_turnover_ratio,"safe_div(revenue, tangible_fixed_assets)","Doanh thu so với tài sản cố định hữu hình đo lường hiệu quả sử dụng tài sản trong việc tạo ra doanh thu, giúp đánh giá chất lượng tài sản tạo ra dòng tiền.",note,Tài sản cố định hữu hình được thể hiện theo nguyên giá trừ hao mòn lũy kế,True,True,,,"safe_div(revenue,tangible_fixed_assets)",2,2,True,False,False
gemma4-e2b-plecpu,0,F4-006,F4,P09-HAH24-fixed_assets,False,0,strict,depreciation_ratio_lag,"zscore(depreciation(revenue, 1))","Tỷ lệ khấu hao so với doanh thu gần nhất cho thấy mức độ hao mòn tài sản trong kỳ, ảnh hưởng đến khả năng sinh lời.",line_item,"depreciation, revenue",False,False,unknown_func:depreciation,,"zscore(depreciation(revenue,1))",3,1,False,False,False
gemma4-e2b-plecpu,0,F4-006,F4,P09-HAH24-fixed_assets,False,1,strict,capex_impact_zscore,"zscore(capex, 4)",Biến động của chi tiêu đầu tư (capex) trong 4 quý trước là chỉ báo quan trọng về kế hoạch mở rộng kinh doanh.,line_item,capex,False,False,bad_arity:zscore,,"zscore(capex,4)",2,1,False,False,False
gemma4-e2b-plecpu,0,F4-006,F4,P09-HAH24-fixed_assets,False,2,strict,asset_balance_ratio,"abs(long_term_assets, fixed_assets)","Tỷ lệ giữa tài sản dài hạn và tài sản cố định thể hiện cấu trúc tài sản, ảnh hưởng đến rủi ro và cơ cấu vốn.",line_item,"long_term_assets, fixed_assets",False,False,bad_arity:abs,,"abs(long_term_assets,fixed_assets)",2,2,False,False,False
gemma4-e2b-plecpu,0,F2-010,F2,P10-TNG17-fixed_assets,False,0,strict,asset_turnover_ratio_lag1,"rank(safe_div(fixed_assets.lag(1), total_assets.lag(1)))","Xếp hạng dựa trên tỷ lệ tài sản cố định so với tổng tài sản trong kỳ trước, phản ánh mức độ luân chuyển tài sản trong kỳ.",note,"Công ty đã thể chấp máy móc, thiết bị, phương tiện vận tải, nhà xuống và vật kiến trúc để đảm bào cho các khoản tiên vay tại các ngân hàng thương mại và tổ chức tín dụng",True,False,syntax_error:Attribute,,,,,False,True,False
gemma4-e2b-plecpu,0,F2-010,F2,P10-TNG17-fixed_assets,False,1,strict,capex_to_asset_ratio_zscore,zscore(capex / fixed_assets),"Đo lường mức độ chi tiêu cho đầu tư mới (capex) so với tổng giá trị tài sản cố định, cho thấy cường độ đầu tư trong kỳ.",line_item,capex,False,False,raw_division,,zscore((capex/fixed_assets)),3,2,False,False,False
gemma4-e2b-plecpu,0,F2-010,F2,P10-TNG17-fixed_assets,False,2,strict,depreciation_to_revenue_ratio_lag2,"rank(safe_div(depreciation.lag(2), revenue.lag(2)))","Xếp hạng dựa trên tỷ lệ khấu hao so với doanh thu trong hai quý trước, đánh giá mức độ hao mòn tài sản so với khả năng tạo ra doanh thu.",line_item,depreciation,False,False,syntax_error:Attribute,,,,,False,True,False
gemma4-e2b-plecpu,0,F3-008,F3,P10-TNG17-fixed_assets,False,0,strict,capex_to_fixed_assets_ratio,"safe_div(abs(capex), fixed_assets)","Tỷ lệ chi tiêu cho đầu tư mới (capex) so với tổng tài sản cố định cho thấy mức độ tái đầu tư vào cơ sở vật chất, là yếu tố quan trọng cho tăng trưởng dài hạn.",line_item,"capex, fixed_assets",False,True,,,"safe_div(abs(capex),fixed_assets)",3,2,True,False,False
gemma4-e2b-plecpu,0,F3-008,F3,P10-TNG17-fixed_assets,False,1,strict,asset_turnover_ratio,"safe_div(depreciation, fixed_assets)","Khấu hao so với tài sản cố định cho thấy mức độ hao mòn của tài sản, có thể phản ánh mức độ sử dụng hoặc thay thế tài sản trong kỳ.",line_item,"depreciation, fixed_assets",False,False,duplicate,,"safe_div(depreciation,fixed_assets)",2,2,False,False,False
gemma4-e2b-plecpu,0,F3-008,F3,P10-TNG17-fixed_assets,False,2,strict,asset_to_equity_ratio,"safe_div(fixed_assets, equity)","Tỷ lệ tài sản cố định trên vốn chủ sở hữu đo lường mức độ tài sản được tài trợ bằng vốn chủ sở hữu, ảnh hưởng đến rủi ro và khả năng sinh lời.",note,"Công ty đã thể chấp máy móc, thiết bị, phương tiện vận tải, nhà xuống và vật kiến trúc để đảm bào cho các khoản tiên vay tại các ngân hàng thương mại và tổ chức tín dụng",True,True,,,"safe_div(fixed_assets,equity)",2,2,True,False,False
gemma4-e2b-plecpu,0,F2-011,F2,P11-HPG17-cip,False,0,strict,construction_progress_ratio,"abs(construction_in_progress) safe_div(total_assets, construction_in_progress)","Tỷ lệ chi phí xây dựng cơ bản dở dang so với tổng tài sản thể hiện mức độ cam kết và khối lượng đầu tư cơ bản đang tồn đọng của doanh nghiệp, ảnh hưởng đến triển vọng lợi nhuận trong chu kỳ đầu tư.",line_item,Chi phí xây dựng cơ bản dở dang,False,False,syntax_error,,,,,False,False,False
gemma4-e2b-plecpu,0,F2-011,F2,P11-HPG17-cip,False,1,strict,cfo_vs_equity_lag,"growth(cfo, 1) safe_div(equity, lag(equity, 1))","Tăng trưởng lưu chuyển tiền thuần so với vốn chủ sở hữu cho thấy khả năng tạo ra dòng tiền bền vững từ hoạt động kinh doanh, là yếu tố quan trọng cho việc duy trì và mở rộng các dự án đầu tư.",note,Lưu chuyển tiền thuần từ hoạt động kinh doanh,False,False,syntax_error,,,,,False,True,False
gemma4-e2b-plecpu,0,F2-011,F2,P11-HPG17-cip,False,2,strict,capex_vs_revenue_lag,"growth(capex, 1) safe_div(revenue, lag(revenue, 1))",Tỷ lệ chi tiêu cho đầu tư (CAPEX) so với doanh thu trước đó phản ánh mức độ mở rộng hoạt động và nhu cầu vốn để duy trì hoặc mở rộng sản xuất trong chu kỳ.,line_item,"Tiền chi mua sắm, xây dựng TSCĐ và tài sản dài hạn khác",False,False,syntax_error,,,,,False,True,False
gemma4-e2b-plecpu,0,F4-007,F4,P11-HPG17-cip,False,0,strict,construction_progress_ratio,"abs(construction_in_progress) safe_div(total_assets, long_term_assets)","Tỷ lệ tài sản dở dang so với tổng tài sản phản ánh mức độ đầu tư đang diễn ra, có thể là tín hiệu cho chu kỳ tăng trưởng sắp tới.",line_item,"construction_in_progress, total_assets, long_term_assets",False,False,syntax_error,,,,,False,False,False
gemma4-e2b-plecpu,0,F4-007,F4,P11-HPG17-cip,False,1,strict,capex_to_revenue_lag,"growth(capex, 2)",Tốc độ tăng của chi tiêu vốn (capex) so với quá khứ có thể dự báo áp lực lên lợi nhuận trong tương lai.,line_item,capex,False,True,,,"growth(capex,2)",2,1,True,True,False
gemma4-e2b-plecpu,0,F4-007,F4,P11-HPG17-cip,False,2,strict,net_income_vs_assets_change,"delta(net_income, 4)",Thay đổi lợi nhuận sau thuế trong 4 quý gần nhất là chỉ báo quan trọng về hiệu quả kinh doanh và khả năng sinh lời.,line_item,net_income,False,True,,,"delta(net_income,4)",2,1,False,True,False
gemma4-e2b-plecpu,0,F1-008,F1,P12-VGC24-cip,False,0,strict,construction_progress_ratio_lag1,"growth(construction_in_progress, 1) * safe_div(revenue, total_assets) + zscore(construction_in_progress) * 0.5",Công thức này đo lường mức độ tăng trưởng của tài sản dở dang so với tổng tài sản và chuẩn hóa theo phân phối của nó. Nó dự đoán rằng sự gia tăng của tài sản dở dang (dấu hiệu của hoạt động xây dựng) sẽ có tác động tích cực đến lợi suất cổ phiếu.,line_item,"construction_in_progress, revenue, total_assets",False,True,,,"((0.5*zscore(construction_in_progress))+(growth(construction_in_progress,1)*safe_div(revenue,total_assets)))",4,3,True,True,False
gemma4-e2b-plecpu,0,F1-008,F1,P12-VGC24-cip,False,1,strict,capex_to_revenue_ratio_lag2,"lag(capex, 2) * safe_div(revenue, net_income) + abs(capex) * zscore(capex)","Công thức này tập trung vào mối quan hệ giữa chi tiêu đầu tư (capex) và doanh thu, được nhìn lại qua hai quý. Tăng trưởng chi tiêu đầu tư so với lợi nhuận cho thấy áp lực đầu tư trong tương lai, có thể thúc đẩy giá cổ phiếu.",line_item,"capex, revenue, net_income",False,True,,,"((abs(capex)*zscore(capex))+(lag(capex,2)*safe_div(revenue,net_income)))",4,3,True,True,False
gemma4-e2b-plecpu,0,F1-008,F1,P12-VGC24-cip,False,2,strict,asset_composition_skewness,std(long_term_assets) * log(construction_in_progress) + rank(long_term_assets),"Công thức này đánh giá sự phân bổ tài sản, sử dụng độ lệch chuẩn của tài sản dài hạn kết hợp với logarit của tài sản dở dang. Nó tìm kiếm sự mất cân đối trong cấu trúc tài sản, nơi sự hiện diện của tài sản xây dựng (construction_in_progress) có thể là yếu tố định tính quan trọng.",line_item,"long_term_assets, construction_in_progress",False,False,bad_arity:std,,((log(construction_in_progress)*std(long_term_assets))+rank(long_term_assets)),4,2,False,True,False
gemma4-e2b-plecpu,0,F2-012,F2,P12-VGC24-cip,False,0,strict,construction_progress_ratio,"abs(construction_in_progress) safe_div(total_assets, construction_in_progress)","Tỷ lệ chi phí xây dựng cơ bản dở dang so với tổng tài sản thể hiện mức độ cam kết và khối lượng dự án đang triển khai, ảnh hưởng trực tiếp đến dòng tiền và lợi nhuận trong tương lai.",line_item,16. CHI PHÍ XÂY DỰNG CƠ BẢN DỞ DANG,False,False,syntax_error,,,,,False,False,False
gemma4-e2b-plecpu,0,F2-012,F2,P12-VGC24-cip,False,1,strict,capex_to_assets_ratio,"capex safe_div(total_assets, capex)","Tỷ lệ chi tiêu cho đầu tư xây dựng so với tổng tài sản phản ánh mức độ đầu tư phát triển cơ sở hạ tầng của doanh nghiệp, là yếu tố quan trọng cho chu kỳ kinh doanh.",note,"capex: Tiền chi mua sắm, xây dựng TSCĐ và tài sản dài hạn khác [VND, phát sinh trong kỳ, ghi số âm]",False,False,syntax_error,,,,,False,False,False
gemma4-e2b-plecpu,0,F2-012,F2,P12-VGC24-cip,False,2,strict,lagged_cfo_vs_construction,"growth(cfo, 1) * lag(construction_in_progress, 1)",Sự tăng trưởng của dòng tiền thuần kết hợp với mức độ dở dang của các dự án sẽ cho thấy khả năng tài trợ và tiến độ hoàn thành các nghĩa vụ đầu tư trong kỳ.,line_item,"cfo: Lưu chuyển tiền thuần từ hoạt động kinh doanh [VND, phát sinh trong kỳ]",False,True,,,"(growth(cfo,1)*lag(construction_in_progress,1))",3,2,True,True,False
gemma4-e2b-plecpu,0,F3-009,F3,P12-VGC24-cip,False,0,strict,construction_in_progress_ratio,"safe_div(construction_in_progress, total_assets)","Tỷ lệ chi phí xây dựng cơ bản dở dang so với tổng tài sản phản ánh mức độ cam kết và khối lượng dự án đang triển khai, có thể là tín hiệu cho các chu kỳ tăng trưởng lợi nhuận trong tương lai.",line_item,"construction_in_progress, total_assets",False,True,,,"safe_div(construction_in_progress,total_assets)",2,2,True,False,False
gemma4-e2b-plecpu,0,F3-009,F3,P12-VGC24-cip,False,1,strict,capex_to_construction_ratio,"safe_div(abs(capex), construction_in_progress)","Tỷ lệ chi tiền chi mua sắm, xây dựng so với chi phí dở dang cho thấy áp lực đầu tư mới, có thể dẫn đến lợi suất ngắn hạn thấp hơn.",line_item,"capex, construction_in_progress",False,True,,,"safe_div(abs(capex),construction_in_progress)",3,2,True,False,False
gemma4-e2b-plecpu,0,F3-009,F3,P12-VGC24-cip,False,2,strict,construction_cost_to_revenue_ratio,"safe_div(construction_in_progress, revenue)","Tỷ lệ chi phí dở dang so với doanh thu cho thấy gánh nặng chi phí đầu tư so với khả năng tạo ra doanh thu, ảnh hưởng đến chất lượng lợi nhuận.",note,16. CHI PHÍ XÂY DỰNG CƠ BẢN DỞ DANG,True,True,,,"safe_div(construction_in_progress,revenue)",2,2,True,False,False
gemma4-e2b-plecpu,0,F4-008,F4,P12-VGC24-cip,False,0,strict,construction_progress_momentum,"zscore(construction_in_progress, 4)","Tỷ lệ phần trăm công trình dở dang tăng nhanh cho thấy nhu cầu xây dựng đang tăng mạnh, dự báo tích cực cho lợi suất cổ phiếu.",line_item,construction_in_progress,False,False,bad_arity:zscore,,"zscore(construction_in_progress,4)",2,1,False,False,False
gemma4-e2b-plecpu,0,F4-008,F4,P12-VGC24-cip,False,1,strict,capex_to_revenue_ratio,"safe_div(capex, revenue)","Tỷ lệ chi tiêu cho xây dựng mới so với doanh thu phản ánh mức độ đầu tư vào tăng trưởng trong kỳ, ảnh hưởng đến định giá.",line_item,"capex, revenue",False,True,,,"safe_div(capex,revenue)",2,2,True,False,False
gemma4-e2b-plecpu,0,F4-008,F4,P12-VGC24-cip,False,2,strict,asset_utilization_lag,"lag(depreciation, 2)","Khấu hao là chi phí cố định, sự biến động của nó theo thời gian có thể là tín hiệu về mức độ sử dụng tài sản hiện tại.",line_item,depreciation,False,True,,,"lag(depreciation,2)",2,1,False,True,False
gemma4-e2b-plecpu,0,F2-013,F2,P13-NLG24-customer_advances,False,0,strict,customer_advance_ratio_zscore,zscore(customer_advances),"Tỷ lệ người mua trả tiền trước (customer_advances) được chuẩn hóa để đo lường mức độ phụ thuộc vào tiền mặt từ khách hàng, một chỉ báo mạnh mẽ về chất lượng doanh thu chưa thực hiện.",line_item,Tiền thuê nhà nhận trước từ khách hàng cho toàn bộ giai đoạn thuê,False,True,,,zscore(customer_advances),2,1,True,False,False
gemma4-e2b-plecpu,0,F2-013,F2,P13-NLG24-customer_advances,False,1,strict,revenue_to_assets_growth_lag,"growth(revenue) * lag(total_assets, 1)","Đo lường tốc độ tăng trưởng doanh thu so với tổng tài sản trong kỳ trước, cho thấy khả năng chuyển đổi tài sản thành doanh thu trong tương lai.",note,Doanh thu chưa thực hiện tại ngày 31 tháng 12 năm 2024 bao gồm: Giá trị của khoản lợi nhuận mà Nhóm Công ty nhận được từ việc chuyển nhượng một phần dự án Mizuki cho NNH Mizuki,True,False,bad_arity:growth,,"(growth(revenue)*lag(total_assets,1))",3,2,False,True,False
gemma4-e2b-plecpu,0,F2-013,F2,P13-NLG24-customer_advances,False,2,strict,short_term_receivables_to_revenue_ratio_zscore,zscore(short_term_receivables / revenue),"Tỷ lệ các khoản phải thu ngắn hạn so với doanh thu trong kỳ phản ánh áp lực thanh khoản và rủi ro thu hồi nợ, ảnh hưởng trực tiếp đến dòng tiền trong quý tới.",line_item,Các khoản phải thu ngắn hạn,False,False,raw_division,,zscore((short_term_receivables/revenue)),3,2,False,False,False
gemma4-e2b-plecpu,0,F3-010,F3,P13-NLG24-customer_advances,False,0,strict,customer_advance_to_revenue,"safe_div(customer_advances, revenue)","Tỷ lệ tiền người mua trả trước so với doanh thu cho thấy mức độ tiền mặt đã được thu về từ các giao dịch bán hàng, là chỉ báo trực tiếp về chất lượng dòng tiền trong kỳ.",line_item,"customer_advances, revenue",False,True,,,"safe_div(customer_advances,revenue)",2,2,True,False,False
gemma4-e2b-plecpu,0,F3-010,F3,P13-NLG24-customer_advances,False,1,strict,unrealized_revenue_to_assets,"safe_div(revenue, total_assets)","Tỷ lệ doanh thu (bao gồm cả chưa thực hiện) so với tổng tài sản phản ánh mức độ tài sản đang được sử dụng để tạo ra doanh thu, cho thấy tính chất của tài sản.",note,"Doanh thu chưa thực hiện tại ngày 31 tháng 12 năm 2024 bao gồm: Giá trị của khoản lợi nhuận mà Nhóm Công ty nhận được từ việc chuyển nhượng một phần dự án Mizuki cho NNH Mizuki, theo tỷ lệ sở hữu của Nhóm Công ty trong các liên doanh này và khoản lợi nhuận phát sinh từ việc cung cấp dịch vụ cho các công ty này.",True,True,,,"safe_div(revenue,total_assets)",2,2,True,False,False
gemma4-e2b-plecpu,0,F3-010,F3,P13-NLG24-customer_advances,False,2,strict,short_term_receivables_to_customer_advances,"safe_div(short_term_receivables, customer_advances)","So sánh các khoản phải thu ngắn hạn với tiền người mua trả trước giúp đánh giá tính thanh khoản của các khoản tiền thu được, một yếu tố quan trọng cho dòng tiền ngắn hạn.",line_item,"short_term_receivables, customer_advances",False,True,,,"safe_div(short_term_receivables,customer_advances)",2,2,True,False,False
gemma4-e2b-plecpu,0,F1-009,F1,P14-IDC24-customer_advances,False,0,strict,customer_advance_to_revenue_ratio_lag1,"abs(safe_div(revenue, lag(customer_advances, 1))) * log(cash_and_equivalents)","Đo lường mức độ doanh thu thực tế có thể bù đắp cho các khoản tiền khách hàng đã trả trước trong kỳ trước, sau đó điều chỉnh theo mức độ thanh khoản (cash_and_equivalents). Tỷ lệ cao cho thấy rủi ro thanh khoản cao hơn.",line_item,"revenue, customer_advances, cash_and_equivalents",False,True,,,"(abs(safe_div(revenue,lag(customer_advances,1)))*log(cash_and_equivalents))",5,3,True,True,False
gemma4-e2b-plecpu,0,F1-009,F1,P14-IDC24-customer_advances,False,1,strict,inventory_to_assets_ratio_growth,"growth(inventory, 1) * safe_div(total_assets, inventory)","Đánh giá tốc độ tăng của hàng tồn kho so với tổng tài sản, cho thấy mức độ rủi ro về giá trị hàng tồn kho. Tốc độ tăng cao có thể là tín hiệu tiêu cực.",line_item,"inventory, total_assets",False,True,,,"(growth(inventory,1)*safe_div(total_assets,inventory))",3,2,True,True,False
gemma4-e2b-plecpu,0,F1-009,F1,P14-IDC24-customer_advances,False,2,strict,net_income_to_customer_advances_zscore,"zscore(net_income, 4) * safe_div(net_income, customer_advances)","So sánh lợi nhuận sau thuế với mức độ tiền trả trước của khách hàng, chuẩn hóa theo phân phối lợi nhuận. Lợi nhuận cao hơn so với mức độ tiền trả trước có thể là tín hiệu tích cực.",line_item,"net_income, customer_advances",False,False,bad_arity:zscore,,"(safe_div(net_income,customer_advances)*zscore(net_income,4))",3,2,False,False,False
gemma4-e2b-plecpu,0,F2-014,F2,P14-IDC24-customer_advances,False,0,strict,customer_advance_ratio_zscore,zscore(customer_advances),"Tỷ lệ người mua trả tiền trước (customer_advances) được chuẩn hóa để đo lường mức độ phụ thuộc vào tiền trả trước của doanh nghiệp, cho thấy khả năng thanh khoản và chất lượng doanh thu tương lai.",line_item,Doanh thu nhận trước ngắn hạn khác,False,False,duplicate,,zscore(customer_advances),2,1,False,False,False
gemma4-e2b-plecpu,0,F2-014,F2,P14-IDC24-customer_advances,False,1,strict,revenue_growth_lag_zscore,"zscore(growth(revenue, 1))","Tốc độ tăng trưởng doanh thu (growth(revenue, 1)) trong quý trước là một yếu tố quan trọng dự báo sự mở rộng của hoạt động kinh doanh, ảnh hưởng tích cực đến lợi suất cổ phiếu.",note,Doanh thu thuần,False,True,,,"zscore(growth(revenue,1))",3,1,True,True,False
gemma4-e2b-plecpu,0,F2-014,F2,P14-IDC24-customer_advances,False,2,strict,cfo_lag_zscore,"zscore(lag(cfo, 1))","Lưu chuyển tiền thuần từ hoạt động kinh doanh (cfo) của quý trước là chỉ báo trực tiếp về sức khỏe dòng tiền, có tác động mạnh mẽ đến giá cổ phiếu.",line_item,cfo,False,True,,,"zscore(lag(cfo,1))",3,1,True,True,False
gemma4-e2b-plecpu,0,F3-011,F3,P14-IDC24-customer_advances,False,0,strict,customer_advance_to_revenue,"safe_div(customer_advances, revenue)","Tỷ lệ người mua trả tiền trước so với tổng doanh thu cho thấy mức độ phụ thuộc vào tiền mặt từ các giao dịch bán hàng, là chỉ báo mạnh về chất lượng dòng tiền trong ngắn hạn.",line_item,"customer_advances, revenue",False,False,duplicate,,"safe_div(customer_advances,revenue)",2,2,False,False,False
gemma4-e2b-plecpu,0,F3-011,F3,P14-IDC24-customer_advances,False,1,strict,revenue_to_assets_ratio,"safe_div(revenue, total_assets)","Tỷ lệ doanh thu so với tổng tài sản đo lường mức độ sử dụng tài sản để tạo ra doanh thu, phản ánh hiệu quả hoạt động kinh doanh cốt lõi.",note,TỔNG CỘNG TÀI SẢN,False,False,duplicate,,"safe_div(revenue,total_assets)",2,2,False,False,False
gemma4-e2b-plecpu,0,F3-011,F3,P14-IDC24-customer_advances,False,2,strict,short_term_receivables_to_customer_advances,"safe_div(short_term_receivables, customer_advances)","So sánh các khoản phải thu ngắn hạn với tiền nhận trước cho thấy sự phân bổ rủi ro giữa các loại tiền thu, giúp đánh giá tính thanh khoản của các khoản phải thu.",line_item,"short_term_receivables, customer_advances",False,False,duplicate,,"safe_div(short_term_receivables,customer_advances)",2,2,False,False,False
gemma4-e2b-plecpu,0,F4-009,F4,P14-IDC24-customer_advances,False,0,strict,customer_advance_ratio_zscore,"zscore(customer_advances, 4)","Tỷ lệ người mua trả tiền trước được chuẩn hóa để đo lường mức độ phụ thuộc vào tiền trả trước, giúp đánh giá rủi ro thanh khoản.",line_item,customer_advances,False,False,bad_arity:zscore,,"zscore(customer_advances,4)",2,1,False,False,False
gemma4-e2b-plecpu,0,F4-009,F4,P14-IDC24-customer_advances,False,1,strict,revenue_to_assets_lag_ratio,"safe_div(revenue, lag(total_assets, 2))",Tỷ lệ doanh thu so với tổng tài sản trong quá khứ cho thấy khả năng tạo ra doanh thu tương lai từ tài sản hiện có.,line_item,"revenue, total_assets",False,True,,,"safe_div(revenue,lag(total_assets,2))",3,2,True,True,False
gemma4-e2b-plecpu,0,F4-009,F4,P14-IDC24-customer_advances,False,2,strict,cfo_to_equity_growth,"growth(cfo, 4)",Tốc độ tăng trưởng của dòng tiền thuần so với vốn chủ sở hữu phản ánh hiệu quả sử dụng vốn và khả năng sinh lời.,line_item,"cfo, equity",False,True,,,"growth(cfo,4)",2,1,True,True,False
gemma4-e2b-plecpu,0,F1-010,F1,P15-CTD17-associates,False,0,strict,associates_profit_growth_zscore,"zscore(growth(share_of_associates, 1)) * abs(revenue) * log(equity)","Công thức này đo lường mức độ tăng trưởng lợi nhuận từ các công ty liên doanh/liên kết so với mức trung bình của thị trường, được điều chỉnh theo quy mô doanh thu và vốn chủ sở hữu để đánh giá tiềm năng sinh lời trong quý tới.",line_item,"share_of_associates, revenue, equity",False,True,,,"(abs(revenue)*log(equity)*zscore(growth(share_of_associates,1)))",5,3,True,True,False
gemma4-e2b-plecpu,0,F1-010,F1,P15-CTD17-associates,False,1,strict,investments_return_lag_zscore,"zscore(lag(cfi, 1)) * abs(long_term_investments)","Đo lường sự biến động của dòng tiền thuần từ hoạt động đầu tư trong quá khứ, được chuẩn hóa theo quy mô tài sản dài hạn để dự đoán khả năng tạo ra dòng tiền tích cực trong kỳ tiếp theo.",line_item,"cfi, long_term_investments",False,True,,,"(abs(long_term_investments)*zscore(lag(cfi,1)))",4,2,True,True,False
gemma4-e2b-plecpu,0,F1-010,F1,P15-CTD17-associates,False,2,strict,minority_interest_profit_ratio_zscore,"zscore(growth(share_of_associates, 1)) * (net_income_parent safe_div total_assets)","Công thức này tập trung vào tỷ lệ lợi nhuận từ liên doanh so với tổng tài sản, chuẩn hóa để xem xét hiệu quả sinh lời của các liên kết trong bối cảnh quy mô tài sản chung của công ty.",line_item,"share_of_associates, net_income_parent, total_assets",False,False,syntax_error,,,,,False,True,False
gemma4-e2b-plecpu,0,F2-015,F2,P15-CTD17-associates,False,0,strict,associates_profit_growth_zscore,"zscore(growth(share_of_associates, 1))","Công thức này đo lường mức độ tăng trưởng lợi nhuận từ các công ty liên kết trong kỳ so với mức trung bình của các công ty liên kết trong cùng kỳ, giúp xác định các cổ phiếu có tiềm năng tăng trưởng lợi nhuận từ liên kết.",line_item,Phần lợi nhuận từ các công ty liên kết trong năm,False,True,,,"zscore(growth(share_of_associates,1))",3,1,True,True,False
gemma4-e2b-plecpu,0,F2-015,F2,P15-CTD17-associates,False,1,strict,investments_associates_return_lag_zscore,"zscore(lag(share_of_associates, 1))","Đo lường sự biến động của phần lãi lỗ từ công ty liên kết trong kỳ, sử dụng độ trễ (lag) để xem xét tác động của kết quả kỳ trước lên hiệu suất hiện tại.",note,Phần lũy kế lợi nhuận sau khi mua các công ty liên kết,True,True,,,"zscore(lag(share_of_associates,1))",3,1,True,True,False
gemma4-e2b-plecpu,0,F2-015,F2,P15-CTD17-associates,False,2,strict,parent_net_income_growth_zscore,"zscore(growth(net_income_parent, 1))","Công thức này tập trung vào tốc độ tăng trưởng lợi nhuận sau thuế của công ty mẹ, xem xét khả năng sinh lời tổng thể của doanh nghiệp thông qua các hoạt động liên kết.",line_item,Lợi nhuận sau thuế của cổ đông công ty mẹ,False,True,,,"zscore(growth(net_income_parent,1))",3,1,True,True,False
gemma4-e2b-plecpu,0,F3-012,F3,P15-CTD17-associates,False,0,strict,associates_profit_ratio,"safe_div(share_of_associates, net_income_parent)",Tỷ lệ lợi nhuận từ các công ty liên kết so với lợi nhuận sau thuế của công ty mẹ cho thấy mức độ phụ thuộc và hiệu quả của mô hình liên kết.,line_item,"share_of_associates, net_income_parent",False,True,,,"safe_div(share_of_associates,net_income_parent)",2,2,True,False,False
gemma4-e2b-plecpu,0,F3-012,F3,P15-CTD17-associates,False,1,strict,investments_growth_rate,"growth(investments_associates, 4)",Tốc độ tăng trưởng của khoản đầu tư vào công ty liên kết phản ánh sự mở rộng chiến lược và tiềm năng tăng trưởng của danh mục đầu tư.,line_item,investments_associates,False,True,,,"growth(investments_associates,4)",2,1,True,True,False
gemma4-e2b-plecpu,0,F3-012,F3,P15-CTD17-associates,False,2,strict,investments_to_equity_ratio,"safe_div(investments_associates, equity)",Tỷ lệ giữa khoản đầu tư vào công ty liên kết và vốn chủ sở hữu cho thấy mức độ đòn bẩy tài chính trong hoạt động liên kết.,note,Đầu tư vào các công ty liên kết | 227.204.788.931 | 194.783.616.306,True,True,,,"safe_div(investments_associates,equity)",2,2,True,False,False
gemma4-e2b-plecpu,0,F4-010,F4,P15-CTD17-associates,False,0,strict,associates_profit_momentum,"growth(share_of_associates, 1) * zscore(share_of_associates)",Tốc độ tăng trưởng lợi nhuận từ liên doanh là yếu tố quan trọng dự báo lợi suất trong quý tới.,line_item,share_of_associates,False,True,,,"(growth(share_of_associates,1)*zscore(share_of_associates))",3,1,True,True,False
gemma4-e2b-plecpu,0,F4-010,F4,P15-CTD17-associates,False,1,strict,long_term_investments_volatility,"std(long_term_investments, 4)",Biến động của các khoản đầu tư dài hạn có thể phản ánh rủi ro và sự biến động của lợi suất cổ phiếu.,line_item,long_term_investments,False,True,,,"std(long_term_investments,4)",2,1,False,True,False
gemma4-e2b-plecpu,0,F4-010,F4,P15-CTD17-associates,False,2,strict,parent_net_income_lag_return,"delta(net_income_parent, 2) * rank(net_income_parent)",Sự thay đổi lợi nhuận sau thuế của công ty mẹ trong quá khứ có thể là tín hiệu cho lợi suất sắp tới.,line_item,net_income_parent,False,True,,,"(delta(net_income_parent,2)*rank(net_income_parent))",3,1,True,True,False
gemma4-e2b-plecpu,0,F1-011,F1,P16-PVT17-associates,False,0,strict,associates_profit_growth_zscore,"zscore(growth(share_of_associates, 4)) * abs(revenue)","Công thức này đo lường mức độ tăng trưởng lợi nhuận từ các công ty liên doanh/liên kết so với mức trung bình của thị trường, được nhân với doanh thu để đánh giá chất lượng của các khoản đầu tư liên kết.",line_item,"share_of_associates, revenue",False,True,,,"(abs(revenue)*zscore(growth(share_of_associates,4)))",4,2,True,True,False
gemma4-e2b-plecpu,0,F1-011,F1,P16-PVT17-associates,False,1,strict,long_term_investment_ratio_zscore,"zscore(long_term_investments) * safe_div(equity, total_assets)","Đo lường mức độ tập trung vào đầu tư dài hạn so với cấu trúc vốn của công ty, giúp đánh giá tính ổn định và định hướng chiến lược của doanh nghiệp.",line_item,"long_term_investments, equity, total_assets",False,True,,,"(safe_div(equity,total_assets)*zscore(long_term_investments))",3,3,True,False,False
gemma4-e2b-plecpu,0,F1-011,F1,P16-PVT17-associates,False,2,strict,net_income_vs_associates_lag_zscore,"zscore(lag(net_income, 2)) * abs(share_of_associates)","So sánh lợi nhuận sau thuế gần đây với phần lãi lỗ từ liên doanh, giúp xác định xem hiệu quả hoạt động kinh doanh có tương quan với kết quả từ các liên kết hay không.",line_item,"net_income, share_of_associates",False,True,,,"(abs(share_of_associates)*zscore(lag(net_income,2)))",4,2,True,True,False
gemma4-e2b-plecpu,0,F2-016,F2,P16-PVT17-associates,False,0,strict,return_on_associate_profit_growth,"growth(share_of_associates, 1) * safe_div(net_income, total_assets)","Công thức này đo lường mức độ tăng trưởng lợi nhuận từ các công ty liên kết so với tổng tài sản, phản ánh hiệu quả hoạt động của mảng kinh doanh cốt lõi.",line_item,Lợi nhuận thuần từ khoản đầu tư vào công ty liên kết,False,True,,,"(growth(share_of_associates,1)*safe_div(net_income,total_assets))",3,3,True,True,False
gemma4-e2b-plecpu,0,F2-016,F2,P16-PVT17-associates,False,1,strict,return_on_associate_share_profit_ratio,"share_of_associates * safe_div(net_income, total_assets)","Đo lường tỷ lệ đóng góp của lợi nhuận từ công ty liên kết vào lợi nhuận sau thuế của công ty mẹ, cho thấy mức độ phụ thuộc và đóng góp của mảng liên kết.",line_item,"Phần lãi lỗ trong công ty liên doanh, liên kết",False,True,,,"(safe_div(net_income,total_assets)*share_of_associates)",3,3,True,False,False
gemma4-e2b-plecpu,0,F2-016,F2,P16-PVT17-associates,False,2,strict,return_on_investments_return_volatility,"std(share_of_associates, 4) * zscore(share_of_associates)","Công thức này đo lường mức độ biến động (rủi ro) của phần lãi lỗ từ các công ty liên kết, giúp đánh giá tính ổn định của nguồn thu nhập liên kết.",note,Lợi nhuận thuần từ khoản đầu tư vào công ty liên kết,True,True,,,"(std(share_of_associates,4)*zscore(share_of_associates))",3,1,True,True,False
gemma4-e2b-plecpu,0,F3-013,F3,P16-PVT17-associates,False,0,strict,return_on_associates_share,"growth(share_of_associates, 1)","Tỷ lệ tăng trưởng lợi nhuận từ các công ty liên kết là chỉ báo trực tiếp về hiệu quả của mô hình liên doanh, ảnh hưởng mạnh đến lợi suất cổ phiếu.",line_item,share_of_associates,False,True,,,"growth(share_of_associates,1)",2,1,True,True,False
gemma4-e2b-plecpu,0,F3-013,F3,P16-PVT17-associates,False,1,strict,net_income_vs_total_assets_ratio,"safe_div(net_income, total_assets)","Tỷ lệ lợi nhuận sau thuế trên tổng tài sản thể hiện hiệu quả sử dụng tài sản tổng thể của doanh nghiệp, là thước đo cơ bản về khả năng sinh lời.",note,Tài sản thuần 532.075.879.594,False,True,,,"safe_div(net_income,total_assets)",2,2,True,False,False
gemma4-e2b-plecpu,0,F3-013,F3,P16-PVT17-associates,False,2,strict,cfi_to_net_income_ratio,"safe_div(cfi, net_income)","Lưu chuyển tiền thuần từ hoạt động đầu tư (CFI) so với lợi nhuận sau thuế cho thấy chất lượng của dòng tiền tạo ra, là yếu tố quan trọng cho lợi suất.",line_item,"cfi, net_income",False,True,,,"safe_div(cfi,net_income)",2,2,True,False,False
gemma4-e2b-plecpu,0,F1-012,F1,P17-NTP17-related_party,False,0,strict,short_term_receivable_to_asset_ratio_zscore,"zscore(short_term_receivables, k=4) * (1.0 / total_assets)","Công thức này đo lường mức độ rủi ro thanh khoản ngắn hạn của doanh nghiệp so với tổng tài sản, chuẩn hóa theo lát cắt ngang. Tỷ lệ cao hơn cho thấy áp lực thanh khoản lớn hơn, có thể ảnh hưởng tiêu cực đến lợi suất.",line_item,"short_term_receivables, total_assets",False,False,syntax_error:keyword,,,,,False,False,False
gemma4-e2b-plecpu,0,F1-012,F1,P17-NTP17-related_party,False,1,strict,related_party_impact_growth_zscore,"growth(related_party_disclosed, k=2) * zscore(related_party_disclosed, k=8)","Đo lường mức độ thay đổi trong các giao dịch với bên liên quan trong quý, chuẩn hóa theo lát cắt ngang. Sự gia tăng bất thường trong giao dịch liên quan có thể là tín hiệu cảnh báo về chất lượng lợi nhuận.",line_item,related_party_disclosed,False,False,syntax_error:keyword,,,,,False,True,False
gemma4-e2b-plecpu,0,F1-012,F1,P17-NTP17-related_party,False,2,strict,cfo_to_revenue_ratio_lag_zscore,"safe_div(cfo, revenue) * lag(cfo, k=2) * zscore(cfo, k=4)","Đánh giá hiệu quả hoạt động tiền mặt (CFO) so với doanh thu trong quá khứ, chuẩn hóa theo lát cắt ngang. Tỷ lệ này giúp xác định các doanh nghiệp có khả năng tạo ra dòng tiền ổn định hơn trong quý tới.",line_item,"cfo, revenue",False,False,syntax_error:keyword,,,,,False,True,False
gemma4-e2b-plecpu,0,F2-017,F2,P17-NTP17-related_party,False,0,strict,related_party_transaction_ratio,abs(revenue / (short_term_receivables + payables_suppliers)) * related_party_disclosed,"Công thức này đo lường mức độ giao dịch (revenue) so với các nghĩa vụ/tài sản ngắn hạn, được nhân với tần suất giao dịch với bên liên quan. Tỷ lệ cao có thể chỉ ra rủi ro thanh khoản hoặc sự phụ thuộc vào các giao dịch liên quan.",note,Danh sách các bên liên quan có giao dịch và số dư chủ yếu trong năm,True,False,raw_division,,(abs((revenue/(payables_suppliers+short_term_receivables)))*related_party_disclosed),5,4,False,False,True
gemma4-e2b-plecpu,0,F2-017,F2,P17-NTP17-related_party,False,1,strict,net_income_to_assets_ratio,net_income / total_assets,"Đo lường hiệu quả sinh lời của doanh nghiệp trong kỳ bằng cách so sánh lợi nhuận sau thuế với tổng tài sản. Tỷ lệ cao cho thấy khả năng tạo ra lợi nhuận tốt từ tổng tài sản, là yếu tố quan trọng cho lợi suất cổ phiếu.",line_item,net_income,False,False,raw_division,,(net_income/total_assets),2,2,False,False,False
gemma4-e2b-plecpu,0,F2-017,F2,P17-NTP17-related_party,False,2,strict,receivables_to_payables_ratio,abs(short_term_receivables / payables_suppliers),"Đo lường cấu trúc tài chính ngắn hạn, thể hiện sự mất cân đối giữa các khoản phải thu và phải trả. Tỷ lệ cao có thể báo hiệu áp lực thanh khoản trong ngắn hạn, ảnh hưởng tiêu cực đến lợi suất.",line_item,"short_term_receivables, payables_suppliers",False,False,raw_division,,abs((short_term_receivables/payables_suppliers)),3,2,False,False,False
gemma4-e2b-plecpu,0,F3-014,F3,P17-NTP17-related_party,False,0,strict,related_party_exposure_ratio,abs(related_party_disclosed) * short_term_receivables,"Mức độ giao dịch với các bên liên quan (related_party_disclosed) kết hợp với các khoản phải thu ngắn hạn cho thấy rủi ro giao dịch và sự phụ thuộc vào các bên liên quan, có thể ảnh hưởng tiêu cực đến lợi suất.",line_item,"related_party_disclosed, short_term_receivables",False,True,,,(abs(related_party_disclosed)*short_term_receivables),3,2,False,False,True
gemma4-e2b-plecpu,0,F3-014,F3,P17-NTP17-related_party,False,1,strict,revenue_to_receivables_ratio,"safe_div(revenue, short_term_receivables)","Tỷ lệ doanh thu so với các khoản phải thu ngắn hạn cho thấy khả năng thu hồi tiền từ hoạt động kinh doanh, tỷ lệ cao có thể là dấu hiệu của chất lượng doanh thu thấp.",note,"Doanh thu thuần, Các khoản phải thu ngắn hạn",False,True,,,"safe_div(revenue,short_term_receivables)",2,2,True,False,False
gemma4-e2b-plecpu,0,F3-014,F3,P17-NTP17-related_party,False,2,strict,net_income_to_equity_ratio,"safe_div(net_income, equity)","Tỷ lệ lợi nhuận sau thuế trên vốn chủ sở hữu là thước đo cơ bản về hiệu quả sinh lời, tỷ lệ cao cho thấy cổ phiếu đang định giá thấp so với khả năng sinh lời thực tế.",line_item,"net_income, equity",False,True,,,"safe_div(net_income,equity)",2,2,True,False,False
gemma4-e2b-plecpu,0,F2-018,F2,P18-MWG24-related_party,False,0,strict,related_party_exposure_ratio,"abs(related_party_disclosed) * safe_div(revenue, total_assets)","Công thức này đo lường mức độ phụ thuộc của doanh nghiệp vào các giao dịch với bên liên quan so với quy mô tài sản, cho thấy rủi ro từ các mối quan hệ nội bộ.",line_item,Danh sách các giao dịch trọng yếu của Công ty với các bên liên quan trong năm nay,False,True,,,"(abs(related_party_disclosed)*safe_div(revenue,total_assets))",3,3,True,False,True
gemma4-e2b-plecpu,0,F2-018,F2,P18-MWG24-related_party,False,1,strict,profit_to_related_party_ratio,"net_income * safe_div(related_party_disclosed, revenue)","Đo lường mức độ lợi nhuận được tạo ra có liên quan đến các bên liên quan, là chỉ báo về chất lượng lợi nhuận.",note,Thu nhập của các thành viên của Hội đồng Quản trị và Tổng Giám đốc,True,True,,,"(net_income*safe_div(related_party_disclosed,revenue))",3,3,True,False,True
gemma4-e2b-plecpu,0,F2-018,F2,P18-MWG24-related_party,False,2,strict,short_term_liquidity_risk,zscore(short_term_receivables) * abs(cfo),"Kết hợp rủi ro thanh khoản ngắn hạn (phải thu) với lưu chuyển tiền, cho thấy khả năng thanh toán và rủi ro ngắn hạn.",line_item,"short_term_receivables: Các khoản phải thu ngắn hạn [VND, số dư cuối kỳ]",False,True,,,(abs(cfo)*zscore(short_term_receivables)),3,2,True,False,False
gemma4-e2b-plecpu,0,F4-011,F4,P18-MWG24-related_party,False,0,strict,short_term_receivable_volatility,"zscore(short_term_receivables, 4)","Biến động của khoản phải thu ngắn hạn cho thấy rủi ro thanh khoản và chất lượng tín dụng, ảnh hưởng tiêu cực đến lợi suất.",line_item,short_term_receivables,False,False,bad_arity:zscore,,"zscore(short_term_receivables,4)",2,1,False,False,False
gemma4-e2b-plecpu,0,F4-011,F4,P18-MWG24-related_party,False,1,strict,profit_to_asset_ratio_trend,"growth(net_income, 2) safe_div(total_assets, revenue)","Tỷ lệ lợi nhuận so với tổng tài sản theo thời gian thể hiện hiệu quả sinh lời, giúp đánh giá chất lượng lợi nhuận.",line_item,"net_income, total_assets, revenue",False,False,syntax_error,,,,,False,True,False
gemma4-e2b-plecpu,0,F4-011,F4,P18-MWG24-related_party,False,2,strict,related_party_exposure_impact,abs(related_party_disclosed) * short_term_receivables,"Mức độ giao dịch với bên liên quan và khoản phải thu ngắn hạn là yếu tố rủi ro, tác động mạnh đến giá cổ phiếu.",line_item,"related_party_disclosed, short_term_receivables",False,False,duplicate,,(abs(related_party_disclosed)*short_term_receivables),3,2,False,False,True
gemma4-e2b-plecpu,0,F1-013,F1,P19-GAS17-commitments,False,0,strict,contingent_liability_exposure_zscore,"zscore(contingent_liabilities_disclosed, 4)","Đo lường mức độ biến động của các cam kết/nợ tiềm tàng so với mức trung bình toàn thị trường, cho thấy rủi ro tiềm ẩn của doanh nghiệp. Giá trị cao có thể ám chỉ rủi ro tài chính chưa được định giá đầy đủ.",line_item,contingent_liabilities_disclosed,False,False,bad_arity:zscore,,"zscore(contingent_liabilities_disclosed,4)",2,1,False,False,True
gemma4-e2b-plecpu,0,F1-013,F1,P19-GAS17-commitments,False,1,strict,debt_to_asset_volatility_lag_1,"abs(lag(long_term_debt, 1) safe_div(total_assets, cash_and_equivalents))",Đánh giá sự biến động của tỷ lệ nợ dài hạn trên tổng tài sản qua các quý. Sự biến động cao cho thấy sự không ổn định trong cấu trúc vốn và khả năng thanh toán trong tương lai.,line_item,long_term_debt,False,False,syntax_error,,,,,False,True,False
gemma4-e2b-plecpu,0,F1-013,F1,P19-GAS17-commitments,False,2,strict,cash_flow_to_equity_growth_ratio,"growth(cfo, 2)","Đo lường tốc độ tăng trưởng của dòng tiền thuần từ hoạt động kinh doanh so với quý trước, là chỉ báo sức khỏe hoạt động thực tế, giúp dự đoán khả năng tạo ra dòng tiền bền vững.",line_item,cfo,False,True,,,"growth(cfo,2)",2,1,True,True,False
gemma4-e2b-plecpu,0,F2-019,F2,P19-GAS17-commitments,False,0,strict,contingent_liability_exposure_ratio,"abs(contingent_liabilities_disclosed) * safe_div(total_assets, cash_and_equivalents)","Công thức này đo lường mức độ rủi ro tiềm tàng (cam kết/nợ tiềm tàng) so với tổng tài sản, cho thấy mức độ phụ thuộc của công ty vào các nghĩa vụ chưa được ghi nhận. Tỷ lệ cao cho thấy rủi ro tài chính cao hơn.",line_item,39. CÁC KHOÀN CAM KẾT,False,True,,,"(abs(contingent_liabilities_disclosed)*safe_div(total_assets,cash_and_equivalents))",3,3,True,False,True
gemma4-e2b-plecpu,0,F2-019,F2,P19-GAS17-commitments,False,1,strict,capex_to_equity_ratio,"abs(capex) * safe_div(equity, construction_in_progress)","Đo lường mức độ sử dụng vốn đầu tư (CAPEX) so với vốn chủ sở hữu, giúp đánh giá áp lực tài chính từ các dự án đang triển khai. Tỷ lệ cao có thể gây áp lực lên cấu trúc vốn.",note,Cam kết vốn liên quan tối một số dự án đầu tư xây dựng cơ bản lớn đang thực hiện chưa hoàn thành sau,True,True,,,"(abs(capex)*safe_div(equity,construction_in_progress))",3,3,True,False,False
gemma4-e2b-plecpu,0,F2-019,F2,P19-GAS17-commitments,False,2,strict,cash_flow_to_liabilities_ratio,"cfo * safe_div(total_liabilities, cash_and_equivalents)","Đánh giá khả năng thanh toán ngắn hạn thông qua lưu chuyển tiền thuần so với tổng nợ phải trả, phản ánh sức khỏe dòng tiền trong việc đáp ứng nghĩa vụ nợ.",line_item,cfo,False,True,,,"(cfo*safe_div(total_liabilities,cash_and_equivalents))",3,3,True,False,False
gemma4-e2b-plecpu,0,F3-015,F3,P19-GAS17-commitments,False,0,strict,contingent_liability_exposure,"abs(contingent_liabilities_disclosed) * growth(revenue, 1)","Mức độ cam kết tiềm tàng (contingent_liabilities_disclosed) càng lớn so với doanh thu trong kỳ càng cho thấy rủi ro tài chính chưa được định giá đầy đủ, làm giảm lợi suất.",line_item,"contingent_liabilities_disclosed, revenue",False,True,,,"(abs(contingent_liabilities_disclosed)*growth(revenue,1))",3,2,True,True,True
gemma4-e2b-plecpu,0,F3-015,F3,P19-GAS17-commitments,False,1,strict,capex_to_assets_ratio,"safe_div(capex, construction_in_progress)","Tỷ lệ chi tiêu cho tài sản mới (capex) so với tài sản dở dang cho thấy mức độ tái đầu tư, nếu tỷ lệ này cao có thể là dấu hiệu của việc tài sản đang bị sử dụng không hiệu quả.",line_item,"capex, construction_in_progress",False,True,,,"safe_div(capex,construction_in_progress)",2,2,True,False,False
gemma4-e2b-plecpu,0,F3-015,F3,P19-GAS17-commitments,False,2,strict,cam_ket_revenue_growth,"growth(revenue, 1)","Tăng trưởng doanh thu trong kỳ là một chỉ báo cơ bản về khả năng tạo ra dòng tiền trong tương lai, doanh nghiệp có tăng trưởng cao hơn sẽ có lợi suất tốt hơn.",note,Cam kết mua hàng Sản lượng cam kết Thời gian cam kết,False,True,,,"growth(revenue,1)",2,1,True,True,False
gemma4-e2b-plecpu,0,F4-012,F4,P19-GAS17-commitments,False,0,strict,contingent_risk_exposure,"abs(contingent_liabilities_disclosed) * safe_div(1 + cash_and_equivalents, total_assets)","Tỷ lệ nợ tiềm tàng so với tài sản cho thấy rủi ro tài chính tiềm ẩn, ảnh hưởng tiêu cực đến lợi suất.",line_item,"contingent_liabilities_disclosed, cash_and_equivalents, total_assets",False,True,,,"(abs(contingent_liabilities_disclosed)*safe_div((1+cash_and_equivalents),total_assets))",4,3,True,False,True
gemma4-e2b-plecpu,0,F4-012,F4,P19-GAS17-commitments,False,1,strict,cash_flow_momentum,"growth(cfo, 2)","Tốc độ tăng trưởng lưu chuyển tiền thuần cho thấy khả năng tạo dòng tiền tốt, là yếu tố tích cực cho giá cổ phiếu.",line_item,cfo,False,False,duplicate,,"growth(cfo,2)",2,1,False,True,False
gemma4-e2b-plecpu,0,F4-012,F4,P19-GAS17-commitments,False,2,strict,profit_quality_lag,"delta(net_income, 4)","Sự thay đổi của lợi nhuận sau thuế trong quá khứ giúp đánh giá chất lượng lợi nhuận hiện tại, ảnh hưởng đến định giá.",line_item,net_income,False,False,duplicate,,"delta(net_income,4)",2,1,False,True,False
gemma4-e2b-plecpu,0,F1-014,F1,P20-VNM24-segment,False,0,strict,revenue_profit_ratio_lag_1,"growth(gross_profit, 1) * zscore(gross_profit)","Công thức này đo lường sự tăng trưởng lợi nhuận gộp trong quý trước so với mức trung bình của toàn thị trường, cho thấy hiệu suất sinh lời ngắn hạn. Lợi suất cao thường dự báo lợi suất tốt hơn trong quý tiếp theo.",line_item,"gross_profit, growth, zscore",False,True,,,"(growth(gross_profit,1)*zscore(gross_profit))",3,1,True,True,False
gemma4-e2b-plecpu,0,F1-014,F1,P20-VNM24-segment,False,1,strict,operating_profit_vs_revenue_ratio_lag_2,"abs(revenue - lag(revenue, 2)) safe_div(gross_profit, revenue) * zscore(operating_profit)","Đo lường hiệu quả chuyển đổi doanh thu thành lợi nhuận hoạt động trong hai quý trước, chuẩn hóa theo lợi nhuận hoạt động. Tỷ lệ cao cho thấy khả năng kiểm soát chi phí tốt và biên lợi nhuận hoạt động mạnh.",line_item,"revenue, gross_profit, operating_profit, lag, safe_div, zscore",False,False,syntax_error,,,,,False,True,False
gemma4-e2b-plecpu,0,F1-014,F1,P20-VNM24-segment,False,2,strict,gross_profit_momentum_zscore,"zscore(gross_profit) * lag(gross_profit, 1)","Công thức này tập trung vào động lượng của lợi nhuận gộp, sử dụng giá trị chuẩn hóa của lợi nhuận hiện tại nhân với giá trị của lợi nhuận trong quý trước. Nó tìm kiếm các cổ phiếu có đà tăng trưởng lợi nhuận mạnh mẽ.",line_item,"gross_profit, zscore, lag",False,True,,,"(lag(gross_profit,1)*zscore(gross_profit))",3,1,True,True,False
gemma4-e2b-plecpu,0,F2-020,F2,P20-VNM24-segment,False,0,strict,revenue_profit_ratio_zscore_lag1,"zscore(gross_profit, 4) * lag(gross_profit, 1)","Công thức này đo lường sự biến động tương đối của lợi nhuận gộp trong kỳ, được điều chỉnh theo độ trễ 1 quý. Lợi nhuận gộp cao hơn trong quá khứ có thể dự báo hiệu suất tốt hơn trong quý tiếp theo.",line_item,Kết quả của bộ phận bao gồm các khoản mục phân bổ trực tiếp cho một bộ phận cũng như phân bổ cho các bộ phận theo một cơ sở hợp lý.,False,False,bad_arity:zscore,,"(lag(gross_profit,1)*zscore(gross_profit,4))",3,1,False,True,False
gemma4-e2b-plecpu,0,F2-020,F2,P20-VNM24-segment,False,1,strict,gross_profit_mean_zscore_lag2,"zscore(gross_profit, 8) * mean(gross_profit, 2)","Đo lường mức độ lợi nhuận gộp trung bình trong 2 quý trước, được chuẩn hóa. Điều này giúp xác định các doanh nghiệp có xu hướng duy trì biên lợi nhuận cao qua các chu kỳ.",line_item,Kết quả của bộ phận bao gồm các khoản mục phân bổ trực tiếp cho một bộ phận cũng như phân bổ cho các bộ phận theo một cơ sở hợp lý.,False,False,bad_arity:zscore,,"(mean(gross_profit,2)*zscore(gross_profit,8))",3,1,False,True,False
gemma4-e2b-plecpu,0,F2-020,F2,P20-VNM24-segment,False,2,strict,revenue_segment_disclosed_zscore_lag1,"zscore(revenue, 4) * lag(segment_disclosed, 1)","Công thức này tập trung vào sự thay đổi của doanh thu thuần được chuẩn hóa, kết hợp với thông tin về việc công ty có thuyết minh về bộ phận hay không, cho thấy sự liên kết giữa hiệu suất doanh thu và tính minh bạch của báo cáo.",note,Mẫu báo cáo bộ phận chính yếu của Tập đoàn là dựa theo bộ phận chia theo khu vực địa lý.,True,False,bad_arity:zscore,,"(lag(segment_disclosed,1)*zscore(revenue,4))",3,2,False,True,True
gemma4-e2b-plecpu,0,F3-016,F3,P20-VNM24-segment,False,0,strict,segment_profit_ratio_quarterly,rank(gross_profit / revenue),"Xếp hạng dựa trên biên lợi nhuận gộp (gross_profit/revenue) trong kỳ, phản ánh hiệu quả hoạt động cốt lõi của doanh nghiệp.",line_item,"gross_profit, revenue",False,False,raw_division,,rank((gross_profit/revenue)),3,2,False,False,False
gemma4-e2b-plecpu,0,F3-016,F3,P20-VNM24-segment,False,1,strict,geographic_revenue_growth_zscore,"zscore(growth(revenue, 4))","Đo lường mức độ tăng trưởng doanh thu theo quý, chuẩn hóa để so sánh hiệu suất tăng trưởng giữa các doanh nghiệp.",note,Doanh thu của bộ phận được trình bày dựa vào vị trí địa lý của khách hàng tại Việt Nam”,False,True,,,"zscore(growth(revenue,4))",3,1,True,True,False
gemma4-e2b-plecpu,0,F3-016,F3,P20-VNM24-segment,False,2,strict,operating_profit_to_revenue_ratio_lag,"lag(operating_profit / revenue, 1)","Đánh giá hiệu suất hoạt động thuần (operating_profit) so với doanh thu thuần trong kỳ trước, giúp dự đoán xu hướng lợi nhuận trong tương lai.",line_item,"operating_profit, revenue",False,False,raw_division,,"lag((operating_profit/revenue),1)",3,2,False,True,False
gemma4-e2b-plecpu,0,F2-021,F2,P21-PC124-segment,False,0,strict,revenue_profit_ratio_zscore,zscore(gross_profit) * zscore(revenue),"Công thức này đo lường mức độ hiệu quả chuyển đổi doanh thu thành lợi nhuận trong kỳ, được chuẩn hóa theo lát cắt ngang toàn thị trường. Cổ phiếu có điểm cao cho thấy khả năng quản lý chi phí và định giá tốt hơn.",line_item,Kết quả kinh doanh của bộ phân,False,True,,,(zscore(gross_profit)*zscore(revenue)),3,2,True,False,False
gemma4-e2b-plecpu,0,F2-021,F2,P21-PC124-segment,False,1,strict,segment_revenue_growth_lag_zscore,"growth(revenue, 1) * zscore(revenue)",Đo lường tốc độ tăng trưởng doanh thu của bộ phận Xây lắp và xây dựng so với mức trung bình của toàn thị trường. Tốc độ tăng trưởng cao thường là tín hiệu tích cực cho các ngành xây dựng và vật liệu.,note,"Xây lắp và xây dựng; Sản xuất công nghiệp; Bất động sản; Khai thác, vận hành khu công nghiệp",False,True,,,"(growth(revenue,1)*zscore(revenue))",3,1,True,True,False
gemma4-e2b-plecpu,0,F2-021,F2,P21-PC124-segment,False,2,strict,gross_profit_lag_zscore,"lag(gross_profit, 1) * zscore(gross_profit)","Đánh giá hiệu suất lợi nhuận gộp của kỳ trước đó, chuẩn hóa theo phân phối lợi nhuận của toàn thị trường. Điều này giúp xác định các cổ phiếu có xu hướng tạo ra lợi nhuận ổn định.",line_item,Kết quả kinh doanh của bộ phân,False,False,duplicate,,"(lag(gross_profit,1)*zscore(gross_profit))",3,1,False,True,False
gemma4-e2b-plecpu,0,F4-013,F4,P21-PC124-segment,False,0,strict,profit_margin_momentum,"growth(gross_profit, 1) * zscore(gross_profit, 4)",Tốc độ tăng lợi nhuận gộp trong quý trước có thể dự báo xu hướng lợi nhuận trong quý tới.,line_item,gross_profit,False,False,bad_arity:zscore,,"(growth(gross_profit,1)*zscore(gross_profit,4))",3,1,False,True,False
gemma4-e2b-plecpu,0,F4-013,F4,P21-PC124-segment,False,1,strict,revenue_vs_cost_lag,"abs(gross_revenue - cogs) * lag(gross_revenue, 2)",Sự chênh lệch giữa doanh thu và giá vốn trong quá khứ cho thấy biên lợi nhuận cơ bản của doanh nghiệp.,line_item,"gross_revenue, cogs",False,True,,,"(abs((gross_revenue-cogs))*lag(gross_revenue,2))",4,2,False,True,False
gemma4-e2b-plecpu,0,F4-013,F4,P21-PC124-segment,False,2,strict,operating_profit_zscore,"zscore(operating_profit, 4)",Điểm chuẩn hóa lợi nhuận hoạt động giúp xác định mức độ bất thường của lợi nhuận trong kỳ.,line_item,operating_profit,False,False,bad_arity:zscore,,"zscore(operating_profit,4)",2,1,False,False,False
gemma4-e2b-plecpu,0,F2-022,F2,P22-PNJ17-tax,False,0,strict,tax_expense_ratio_lag_1,"abs(current_tax_expense lag(current_tax_expense, 1)) safe_div(revenue, total_assets)","Công thức này đo lường mức độ biến động của chi phí thuế TNDN so với doanh thu trong kỳ trước, sau đó chuẩn hóa bằng tổng tài sản để đánh giá hiệu quả thuế trong kỳ.",line_item,Chi phí thuế thu nhập doanh nghiệp tính trên thu nhập tính thuế năm hiện hành,False,False,syntax_error,,,,,False,True,False
gemma4-e2b-plecpu,0,F2-022,F2,P22-PNJ17-tax,False,1,strict,tax_impact_zscore_2q,"zscore(current_tax_expense, 2) - zscore(current_tax_expense, 1)","Đo lường sự thay đổi tương đối của chi phí thuế TNDN trong quý hiện tại so với hai quý trước, giúp xác định các quý có sự thay đổi bất thường về gánh nặng thuế.",note,Chi phí thuế thu nhập doanh nghiệp tính trên thu nhập tính thuế năm hiện hành,True,False,bad_arity:zscore,,"(zscore(current_tax_expense,2)-zscore(current_tax_expense,1))",3,1,False,False,False
gemma4-e2b-plecpu,0,F2-022,F2,P22-PNJ17-tax,False,2,strict,net_income_growth_ratio,"growth(net_income, 1)","Đánh giá tốc độ tăng trưởng lợi nhuận sau thuế trong quý gần nhất, là chỉ báo trực tiếp về chất lượng lợi nhuận và khả năng sinh lời của doanh nghiệp.",line_item,net_income: Lợi nhuận sau thuế thu nhập doanh nghiệp,False,True,,,"growth(net_income,1)",2,1,True,True,False
gemma4-e2b-plecpu,0,F3-017,F3,P22-PNJ17-tax,False,0,strict,tax_expense_ratio_current,abs(current_tax_expense) / revenue,"Tỷ lệ chi phí thuế TNDN hiện hành trên doanh thu cho thấy gánh nặng thuế trực tiếp của kỳ, một chỉ báo về chất lượng lợi nhuận sau thuế.",line_item,"current_tax_expense, revenue",False,False,raw_division,,(abs(current_tax_expense)/revenue),3,2,False,False,False
gemma4-e2b-plecpu,0,F3-017,F3,P22-PNJ17-tax,False,1,strict,tax_to_profit_ratio,"safe_div(current_tax_expense, pretax_profit)","Tỷ lệ chi phí thuế so với lợi nhuận trước thuế là thước đo trực tiếp về mức độ chịu thuế của lợi nhuận, ảnh hưởng đến lợi nhuận ròng.",line_item,"current_tax_expense, pretax_profit",False,True,,,"safe_div(current_tax_expense,pretax_profit)",2,2,True,False,False
gemma4-e2b-plecpu,0,F3-017,F3,P22-PNJ17-tax,False,2,strict,profit_to_assets_ratio,"safe_div(operating_profit, total_assets)","Tỷ lệ lợi nhuận hoạt động trên tổng tài sản cho thấy hiệu quả sử dụng tài sản tạo ra lợi nhuận, một chỉ báo về chất lượng lợi nhuận.",note,Công ty có nghĩa vụ nộp thuê thu nhập doanh nghiệp theo tỷ lệ 20% (2016:20%) trên thu nhập tính thuế,True,True,,,"safe_div(operating_profit,total_assets)",2,2,True,False,False
gemma4-e2b-plecpu,0,F1-015,F1,P23-VCB24-bank_loans,True,0,strict,credit_quality_to_asset_ratio_zscore,"zscore(cfo, mean(cfo, 4)) * (1 - safe_div(total_assets, equity))","Công thức này đo lường hiệu quả sử dụng tiền mặt (CFO) so với quy mô tài sản và vốn chủ sở hữu. Giá trị cao cho thấy khả năng tạo ra dòng tiền tốt hơn so với quy mô tài sản, ngụ ý chất lượng hoạt động kinh doanh tốt hơn.",line_item,"cfo, total_assets, equity",False,False,bad_arity:zscore,,"((1-safe_div(total_assets,equity))*zscore(cfo,mean(cfo,4)))",4,3,False,True,False
gemma4-e2b-plecpu,0,F1-015,F1,P23-VCB24-bank_loans,True,1,strict,profit_to_debt_risk_score,log(pretax_profit) * abs(related_party_disclosed),Đo lường mối liên hệ giữa lợi nhuận (pretax_profit) và mức độ rủi ro liên quan đến giao dịch với bên liên quan (related_party_disclosed). Lợi nhuận cao đi kèm với rủi ro giao dịch cao có thể là tín hiệu cảnh báo về chất lượng lợi nhuận.,line_item,"pretax_profit, related_party_disclosed",False,True,,,(abs(related_party_disclosed)*log(pretax_profit)),3,2,True,False,True
gemma4-e2b-plecpu,0,F1-015,F1,P23-VCB24-bank_loans,True,2,strict,solvency_and_risk_factor,"zscore(cfi, std(cfi, 4)) * (1 - safe_div(equity, total_assets))","Công thức này tập trung vào rủi ro thanh khoản và cấu trúc vốn. Giá trị cao cho thấy sự biến động lớn trong dòng tiền đầu tư (CFI) so với mức trung bình, kết hợp với mức độ đòn bẩy tài chính (1 - equity/total_assets), cho thấy rủi ro cấu trúc cao.",line_item,"cfi, equity, total_assets",False,False,bad_arity:zscore,,"((1-safe_div(equity,total_assets))*zscore(cfi,std(cfi,4)))",4,3,False,True,False
gemma4-e2b-plecpu,0,F2-023,F2,P23-VCB24-bank_loans,True,0,recovered,loan_quality_lag_zscore,"zscore(lag(net_income, 1)) * abs(cfo)","Đo lường sự biến động của lợi nhuận sau thuế trong quý trước đó, được chuẩn hóa theo giá trị tuyệt đối của dòng tiền thuần từ hoạt động kinh doanh. Điều này giúp xác định các quý có sự bất thường về hiệu suất kinh doanh, có thể phản ánh chất lượng hoạt động trong kỳ.",note,going_concern_flag: Thuyết minh có nêu nghi ngờ khả năng hoạt động liên tục,False,True,,,"(abs(cfo)*zscore(lag(net_income,1)))",4,2,True,True,False
gemma4-e2b-plecpu,0,F2-023,F2,P23-VCB24-bank_loans,True,1,recovered,loan_provision_growth_zscore,"growth(net_income, 2) * zscore(cff)","Phân tích tốc độ tăng trưởng lợi nhuận trong hai quý gần nhất, được chuẩn hóa theo sự biến động của dòng tiền tài chính. Công thức này tìm kiếm các chu kỳ tăng trưởng lợi nhuận đi kèm với sự thay đổi trong dòng tiền tài chính, gợi ý về sự thay đổi trong quản lý rủi ro tín dụng.",line_item,Nợ nghi ngờ 1.518.558 31/12/2024 2.819.825,False,True,,,"(growth(net_income,2)*zscore(cff))",3,2,True,True,False
gemma4-e2b-plecpu,0,F3-018,F3,P23-VCB24-bank_loans,True,0,strict,credit_quality_ratio_change,"delta(safe_div(net_income, total_assets), 4)","Tỷ suất lợi nhuận sau thuế trên tổng tài sản là thước đo hiệu quả hoạt động tổng thể, có thể phản ánh chất lượng kinh doanh trong kỳ.",line_item,"net_income, total_assets",False,True,,,"delta(safe_div(net_income,total_assets),4)",3,2,True,True,False
gemma4-e2b-plecpu,0,F3-018,F3,P23-VCB24-bank_loans,True,1,strict,credit_provision_impact,abs(net_income - cfo),"Sự khác biệt giữa lợi nhuận kế toán và dòng tiền thuần cho thấy mức độ chất lượng của lợi nhuận, trong khi việc điều chỉnh dự phòng tín dụng (thường ảnh hưởng đến lợi nhuận) là yếu tố quan trọng.",note,"Nợ nghi ngờ, Nợ có khả năng mất vốn",False,True,,,abs((net_income-cfo)),3,2,False,False,False
gemma4-e2b-plecpu,0,F3-018,F3,P23-VCB24-bank_loans,True,2,strict,governance_risk_factor,related_party_disclosed * 2,"Mức độ giao dịch với bên liên quan là chỉ báo về rủi ro quản trị và minh bạch, ảnh hưởng tiêu cực đến định giá cổ phiếu.",note,Có thuyết minh giao dịch với bên liên quan,False,True,,,(2*related_party_disclosed),2,1,True,False,True
gemma4-e2b-plecpu,0,F4-014,F4,P23-VCB24-bank_loans,True,0,strict,credit_quality_vs_profit_ratio,"abs(pretax_profit safe_div(total_assets, equity))","Tỷ lệ lợi nhuận so với tổng tài sản cho thấy hiệu quả kinh doanh, là chỉ báo chất lượng hoạt động tín dụng.",line_item,"pretax_profit, total_assets, equity",False,False,syntax_error,,,,,False,False,False
gemma4-e2b-plecpu,0,F4-014,F4,P23-VCB24-bank_loans,True,1,strict,liquidity_flow_vs_risk_signal,"zscore(cfo, 4)","Lưu chuyển tiền thuần từ hoạt động kinh doanh chuẩn hóa giúp đánh giá khả năng tạo dòng tiền ổn định, giảm rủi ro.",line_item,cfo,False,False,bad_arity:zscore,,"zscore(cfo,4)",2,1,False,False,False
gemma4-e2b-plecpu,0,F4-014,F4,P23-VCB24-bank_loans,True,2,strict,governance_risk_factor,related_party_disclosed * audit_opinion_qualified,Mức độ minh bạch và rủi ro kiểm toán là yếu tố quan trọng ảnh hưởng đến sự ổn định và định giá cổ phiếu.,line_item,"related_party_disclosed, audit_opinion_qualified",False,True,,,(audit_opinion_qualified*related_party_disclosed),2,2,True,False,True
gemma4-e2b-plecpu,0,F1-016,F1,P24-SHB17-bank_loans,True,0,strict,credit_quality_to_asset_ratio_zscore,"zscore(cfo, mean(cfo, 4)) * (1 - safe_div(total_assets, equity))","Công thức này đo lường hiệu quả sử dụng tiền mặt (cfo) so với quy mô tài sản và vốn chủ sở hữu, ngụ ý chất lượng hoạt động. Giá trị cao có thể cho thấy khả năng tạo ra dòng tiền tốt hơn trong kỳ, dự báo lợi suất tích cực.",line_item,"cfo, total_assets, equity",False,False,bad_arity:zscore|duplicate,,"((1-safe_div(total_assets,equity))*zscore(cfo,mean(cfo,4)))",4,3,False,True,False
gemma4-e2b-plecpu,0,F1-016,F1,P24-SHB17-bank_loans,True,1,strict,risk_exposure_to_related_party_zscore,"zscore(related_party_disclosed, mean(related_party_disclosed, 4)) * abs(1 - (equity / total_assets))","Đo lường mức độ rủi ro từ các giao dịch với bên liên quan (related_party_disclosed) được chuẩn hóa theo quy mô vốn chủ sở hữu. Mức độ rủi ro cao có thể dẫn đến biến động tiêu cực, do đó cần điều chỉnh lợi suất.",line_item,"related_party_disclosed, equity, total_assets",False,False,bad_arity:zscore|raw_division,,"(abs((1-(equity/total_assets)))*zscore(related_party_disclosed,mean(related_party_disclosed,4)))",5,3,False,True,True
gemma4-e2b-plecpu,0,F1-016,F1,P24-SHB17-bank_loans,True,2,strict,profit_quality_vs_profit_volatility,"log(pretax_profit) * std(net_income, 4)","Công thức này kết hợp lợi nhuận trước thuế với độ biến động của lợi nhuận sau thuế. Lợi nhuận cao đi kèm với sự ổn định (biến động thấp) có thể là dấu hiệu của chất lượng lợi nhuận bền vững, hỗ trợ cho lợi suất.",line_item,"pretax_profit, net_income",False,True,,,"(log(pretax_profit)*std(net_income,4))",3,2,True,True,False
gemma4-e2b-plecpu,0,F2-024,F2,P24-SHB17-bank_loans,True,0,strict,loan_quality_ratio_lag_1,"growth(nợ_đủ_tiêu_chuẩn, 1) safe_div(growth(nợ_đủ_tiêu_chuẩn, 1), growth(nợ_cần_chú_ý, 1) + growth(nợ_dưới_tiêu_chuẩn, 1))","Công thức này đo lường sự thay đổi tương đối của tỷ lệ nợ đủ tiêu chuẩn so với tổng các nhóm nợ xấu trong quý trước. Tỷ lệ cao cho thấy chất lượng danh mục cho vay đang cải thiện, dự kiến sẽ hỗ trợ lợi suất.",note,11.1 Phân tích chất lượng nợ cho vay,True,False,syntax_error,,,,,False,True,False
gemma4-e2b-plecpu,0,F2-024,F2,P24-SHB17-bank_loans,True,1,strict,debt_to_total_assets_ratio_delta_1,"delta(total_assets, 1) safe_div(delta(total_assets, 1), delta(total_assets, 1))","Đo lường sự thay đổi của tổng tài sản trong kỳ, sau đó chuẩn hóa bằng chính nó. Công thức này nhằm nắm bắt sự biến động của quy mô tài sản, có thể liên quan đến khả năng mở rộng kinh doanh.",line_item,total_assets,False,False,syntax_error,,,,,False,True,False
gemma4-e2b-plecpu,0,F2-024,F2,P24-SHB17-bank_loans,True,2,strict,related_party_impact_zscore_1,zscore(related_party_disclosed),Đo lường mức độ bất thường của việc có giao dịch với bên liên quan trong kỳ so với mức trung bình của toàn thị trường. Sự gia tăng bất thường có thể là tín hiệu rủi ro hoặc cơ hội.,line_item,related_party_disclosed,False,True,,,zscore(related_party_disclosed),2,1,True,False,True
gemma4-e2b-plecpu,0,F3-019,F3,P24-SHB17-bank_loans,True,0,strict,loan_quality_ratio_change,"delta(safe_div(Nợ đủ tiêu chuẩn, total_assets), 4)","Tỷ lệ nợ đủ tiêu chuẩn so với tổng tài sản là thước đo trực tiếp về chất lượng danh mục cho vay, sự gia tăng cho thấy chất lượng rủi ro tín dụng đang được cải thiện.",line_item,"Nợ đủ tiêu chuẩn, total_assets",False,False,syntax_error,,,,,False,True,False
gemma4-e2b-plecpu,0,F3-019,F3,P24-SHB17-bank_loans,True,1,strict,bad_debt_to_total_loan_ratio,"safe_div(Nợ có khả năng mất vốn, Nợ đủ tiêu chuẩn)","Tỷ lệ nợ có khả năng mất vốn so với nợ đủ tiêu chuẩn là chỉ số rủi ro tín dụng, giá trị thấp hơn dự báo lợi suất tốt hơn.",line_item,"Nợ có khả năng mất vốn, Nợ đủ tiêu chuẩn",False,False,syntax_error,,,,,False,False,False
gemma4-e2b-plecpu,0,F3-019,F3,P24-SHB17-bank_loans,True,2,strict,going_concern_signal,abs(going_concern_flag),"Sự hiện diện của tín hiệu nghi ngờ khả năng hoạt động liên tục là một yếu tố tiêu cực mạnh, làm giảm kỳ vọng lợi suất trong tương lai.",note,Thuyết minh có nêu nghi ngờ khả năng hoạt động liên tục,False,True,,,abs(going_concern_flag),2,1,True,False,True
gemma4-e2b-plecpu,0,F1-017,F1,P25-BVS24-fin_assets,True,0,strict,cfo_to_equity_ratio_lag1,"abs(cfo(t-1)) safe_div(equity(t), total_assets(t))","Tỷ lệ CFO so với Vốn chủ sở hữu (sau một kỳ) đo lường chất lượng dòng tiền hoạt động so với nguồn vốn chủ sở hữu, cho thấy khả năng tự tạo ra tiền mặt từ hoạt động kinh doanh. Tỷ lệ cao dự kiến sẽ có lợi suất tốt hơn.",line_item,"cfo, equity, total_assets",False,False,syntax_error,,,,,False,False,False
gemma4-e2b-plecpu,0,F1-017,F1,P25-BVS24-fin_assets,True,1,strict,net_income_growth_zscore_lag2,"zscore(growth(net_income, 2))",Sử dụng sự tăng trưởng lợi nhuận sau thuế trong hai quý trước để đánh giá đà tăng trưởng lợi nhuận. Các công ty có đà tăng trưởng lợi nhuận ổn định hơn có thể duy trì hiệu suất tốt hơn.,line_item,net_income,False,True,,,"zscore(growth(net_income,2))",3,1,True,True,False
gemma4-e2b-plecpu,0,F1-017,F1,P25-BVS24-fin_assets,True,2,strict,related_party_disclosed_mean_lag1,"mean(related_party_disclosed, 1)","Đánh giá mức độ minh bạch và rủi ro giao dịch với bên liên quan. Mức độ minh bạch (thường là số lần nhắc đến thấp) có thể là tín hiệu tích cực, giảm thiểu rủi ro tiềm ẩn.",line_item,related_party_disclosed,False,True,,,"mean(related_party_disclosed,1)",2,1,True,True,True
gemma4-e2b-plecpu,0,F2-025,F2,P25-BVS24-fin_assets,True,0,strict,profit_to_asset_ratio_lag_1,"ratio(pretax_profit, total_assets, lag(1))","Tỷ lệ lợi nhuận trước thuế trên tổng tài sản trong kỳ trước có thể phản ánh hiệu quả sinh lời của doanh nghiệp trong kỳ hiện tại. Tỷ lệ cao cho thấy khả năng tạo ra lợi nhuận tốt hơn trên cơ sở tài sản hiện có, có thể dẫn đến lợi suất cao hơn.",note,7.1 Tài sản tài chính ghi nhận thông qua lãi/lỗ,True,False,unknown_func:ratio|bad_arity:lag,,"ratio(pretax_profit,total_assets,lag(1))",3,2,False,True,False
gemma4-e2b-plecpu,0,F2-025,F2,P25-BVS24-fin_assets,True,1,strict,cfo_to_total_assets_ratio_zscore,"zscore(ratio(cfo, total_assets))","Lưu chuyển tiền thuần từ hoạt động kinh doanh (CFO) so với tổng tài sản chuẩn hóa theo phân phối Z-score giúp đo lường mức độ hiệu quả trong việc tạo ra tiền mặt từ hoạt động kinh doanh so với mức trung bình của các công ty cùng ngành. Giá trị cao cho thấy dòng tiền hoạt động mạnh mẽ, hỗ trợ giá cổ phiếu.",line_item,cfo,False,False,unknown_func:ratio,,"zscore(ratio(cfo,total_assets))",3,2,False,False,False
gemma4-e2b-plecpu,0,F2-025,F2,P25-BVS24-fin_assets,True,2,strict,market_cap_to_profit_ratio_growth,"growth(ratio(market_cap, pretax_profit), 1)",Tốc độ tăng trưởng của tỷ lệ vốn hóa thị trường trên lợi nhuận trước thuế trong quá khứ cho thấy mức độ định giá của thị trường đối với lợi nhuận của công ty. Tốc độ tăng trưởng dương có thể gợi ý về tiềm năng tăng trưởng giá cổ phiếu trong quý tới.,note,7.1 Tài sản tài chính ghi nhận thông qua lãi/lỗ,True,False,unknown_func:ratio,,"growth(ratio(market_cap,pretax_profit),1)",3,2,False,True,False
gemma4-e2b-plecpu,0,F4-015,F4,P25-BVS24-fin_assets,True,0,strict,cfo_to_equity_ratio,"safe_div(cfo, equity)","Tỷ lệ dòng tiền từ hoạt động kinh doanh so với vốn chủ sở hữu cho thấy khả năng tạo ra dòng tiền bền vững, là yếu tố quan trọng cho lợi suất.",line_item,"cfo, equity",False,True,,,"safe_div(cfo,equity)",2,2,True,False,False
gemma4-e2b-plecpu,0,F4-015,F4,P25-BVS24-fin_assets,True,1,strict,profit_volatility_zscore,"zscore(pretax_profit, 4)","Độ biến động của lợi nhuận trước thuế trong quý gần đây có thể là tín hiệu của sự không ổn định, ảnh hưởng tiêu cực đến lợi suất.",line_item,pretax_profit,False,False,bad_arity:zscore,,"zscore(pretax_profit,4)",2,1,False,False,False
gemma4-e2b-plecpu,0,F4-015,F4,P25-BVS24-fin_assets,True,2,strict,liquidity_flow_rank,rank(cff),"Thứ hạng của dòng tiền tài chính cho thấy mức độ thanh khoản và khả năng huy động vốn của doanh nghiệp, ảnh hưởng đến giá cổ phiếu.",line_item,cff,False,True,,,rank(cff),2,1,True,False,False
gemma4-e2b-plecpu,1,F1-001,F1,P01-ANV17-inventory,False,0,strict,inventory_write_down_ratio_zscore,"zscore(inventory_writedown, inventory_gross, current_assets)","Công thức này đo lường mức độ dự phòng giảm giá hàng tồn kho so với giá trị hàng tồn kho gốc và tổng tài sản, giúp đánh giá chất lượng tài sản và khả năng quản lý rủi ro tồn kho. Giá trị thấp hơn có thể cho thấy việc quản lý dự phòng hiệu quả hơn.",line_item,"inventory_writedown, inventory_gross, current_assets",False,False,bad_arity:zscore,,"zscore(inventory_writedown,inventory_gross,current_assets)",2,3,False,False,False
gemma4-e2b-plecpu,1,F1-001,F1,P01-ANV17-inventory,False,1,strict,inventory_to_revenue_growth_lag_ratio,"growth(inventory, revenue), lag(inventory_to_revenue_growth_lag_ratio, 1)","Đo lường sự thay đổi tương quan giữa mức tồn kho và doanh thu trong các quý trước, giúp dự đoán xu hướng tồn kho trong quý tới. Tồn kho tăng nhanh so với doanh thu có thể là tín hiệu cảnh báo về rủi ro tồn kho.",line_item,"inventory, revenue",False,False,syntax_error:Tuple,,,,,False,True,False
gemma4-e2b-plecpu,1,F1-001,F1,P01-ANV17-inventory,False,2,strict,inventory_write_down_impact_on_profit_zscore,"zscore(gross_profit, abs(inventory_writedown))",Công thức này đánh giá mức độ tác động của dự phòng giảm giá hàng tồn kho lên lợi nhuận gộp. Mức độ tác động lớn (dương hoặc âm) có thể chỉ ra sự biến động lớn trong kết quả kinh doanh do các chính sách kế toán liên quan đến hàng tồn kho.,line_item,"gross_profit, inventory_writedown",False,False,bad_arity:zscore,,"zscore(gross_profit,abs(inventory_writedown))",3,2,False,False,False
gemma4-e2b-plecpu,1,F2-001,F2,P01-ANV17-inventory,False,0,strict,inventory_writedown_zscore,zscore(inventory_writedown),"Đo lường mức độ biến động của dự phòng giảm giá hàng tồn kho so với mức trung bình của toàn thị trường, cho thấy rủi ro tiềm ẩn từ việc ghi nhận lỗ trong kỳ.",line_item,Dự phòng giảm giá hàng tồn kho,False,True,,,zscore(inventory_writedown),2,1,True,False,False
gemma4-e2b-plecpu,1,F2-001,F2,P01-ANV17-inventory,False,1,strict,inventory_writedown_lag_rank,"rank(lag(inventory_writedown, 1))","Xếp hạng dựa trên sự thay đổi tức thời của dự phòng giảm giá hàng tồn kho qua các quý, giúp nắm bắt xu hướng biến động ngắn hạn của rủi ro tồn kho.",line_item,Dự phòng giảm giá hàng tồn kho,False,True,,,"rank(lag(inventory_writedown,1))",3,1,True,True,False
gemma4-e2b-plecpu,1,F2-001,F2,P01-ANV17-inventory,False,2,strict,inventory_writedown_growth_rank,"rank(growth(inventory_writedown, 1))","Đánh giá tốc độ tăng trưởng của dự phòng giảm giá hàng tồn kho qua các quý, xác định các cổ phiếu có xu hướng gia tăng rủi ro dự phòng trong tương lai.",line_item,Dự phòng giảm giá hàng tồn kho,False,True,,,"rank(growth(inventory_writedown,1))",3,1,True,True,False
gemma4-e2b-plecpu,1,F3-001,F3,P01-ANV17-inventory,False,0,strict,inventory_writedown_ratio_to_assets,abs(inventory_writedown / total_assets),"Tỷ lệ dự phòng giảm giá hàng tồn kho so với tổng tài sản cho thấy mức độ rủi ro tiềm ẩn từ hàng tồn kho, tỷ lệ cao có thể báo hiệu rủi ro tài chính cao và lợi suất tiềm năng.",line_item,"inventory_writedown, total_assets",False,False,raw_division,,abs((inventory_writedown/total_assets)),3,2,False,False,False
gemma4-e2b-plecpu,1,F3-001,F3,P01-ANV17-inventory,False,1,strict,inventory_writedown_change_to_assets,"delta(inventory_writedown, 2) * safe_div(market_cap, total_assets)",Sự thay đổi của dự phòng giảm giá hàng tồn kho so với quy mô vốn hóa thị trường cho thấy sự biến động của rủi ro tồn kho so với giá trị thị trường của cổ phiếu.,line_item,"inventory_writedown, market_cap, total_assets",False,True,,,"(delta(inventory_writedown,2)*safe_div(market_cap,total_assets))",3,3,True,True,False
gemma4-e2b-plecpu,1,F3-001,F3,P01-ANV17-inventory,False,2,strict,inventory_writedown_level_note,"rank(inventory_writedown) - rank(inventory_writedown, 1)","Xếp hạng dựa trên mức độ dự phòng giảm giá hàng tồn kho (dữ liệu từ thuyết minh) giúp phân loại các công ty có mức độ rủi ro tồn kho khác nhau, ảnh hưởng đến lợi suất.",note,Dự phòng giảm giá hàng tồn kho như sau: Năm nay 268.405.509 Năm trước 1.660.540.609,False,False,bad_arity:rank,,"(rank(inventory_writedown)-rank(inventory_writedown,1))",3,1,False,False,False
gemma4-e2b-plecpu,1,F4-001,F4,P01-ANV17-inventory,False,0,strict,inventory_writedown_zscore_lag4,"zscore(inventory_writedown, 4)","Độ lệch chuẩn của dự phòng giảm giá hàng tồn kho trong 4 quý trước cho thấy mức độ biến động của việc trích lập dự phòng, có thể là tín hiệu rủi ro.",line_item,inventory_writedown,False,False,bad_arity:zscore,,"zscore(inventory_writedown,4)",2,1,False,False,False
gemma4-e2b-plecpu,1,F4-001,F4,P01-ANV17-inventory,False,1,strict,inventory_to_revenue_ratio_delta2,"delta(inventory_gross, revenue, 2)",Sự thay đổi của tỷ lệ hàng tồn kho gốc so với doanh thu trong 2 quý gần nhất phản ánh hiệu quả quản lý hàng tồn kho trong kỳ.,line_item,"inventory_gross, revenue",False,False,bad_arity:delta,,"delta(inventory_gross,revenue,2)",2,2,False,True,False
gemma4-e2b-plecpu,1,F4-001,F4,P01-ANV17-inventory,False,2,strict,inventory_writedown_zscore_lag8,"zscore(inventory_writedown, 8)",Độ lệch chuẩn của dự phòng giảm giá hàng tồn kho trong 8 quý trước giúp xác định mức độ bất thường của việc trích lập dự phòng.,line_item,inventory_writedown,False,False,bad_arity:zscore,,"zscore(inventory_writedown,8)",2,1,False,False,False
gemma4-e2b-plecpu,1,F1-002,F1,P02-HPG24-inventory,False,0,strict,inventory_writedown_ratio_lag_1,"abs(inventory_writedown / (inventory_gross + 1e-6)) * lag(inventory_writedown / inventory_gross, 1)","Đo lường mức độ dự phòng giảm giá hàng tồn kho so với giá trị hàng tồn kho gốc trong kỳ trước. Tỷ lệ cao có thể báo hiệu rủi ro về chất lượng hàng tồn kho và khả năng cần phải trích lập dự phòng cao hơn trong tương lai, ảnh hưởng tiêu cực đến lợi suất.",line_item,"inventory_writedown, inventory_gross, lag",False,False,raw_division,,"(abs((inventory_writedown/(1e-06+inventory_gross)))*lag((inventory_writedown/inventory_gross),1))",5,2,False,True,False
gemma4-e2b-plecpu,1,F1-002,F1,P02-HPG24-inventory,False,1,strict,inventory_writedown_zscore_current,"zscore(inventory_writedown) * zscore(inventory_writedown, 4)","Sử dụng Z-score của dự phòng giảm giá hàng tồn kho so với phân phối của toàn bộ cổ phiếu trong cùng kỳ. Giá trị cao hơn (dương) cho thấy mức độ bất thường cao hơn so với các cổ phiếu khác, có thể là tín hiệu mua bán (nếu dự phòng quá cao) hoặc bán (nếu dự phòng quá thấp).",line_item,"inventory_writedown, zscore",False,False,bad_arity:zscore,,"(zscore(inventory_writedown)*zscore(inventory_writedown,4))",3,1,False,False,False
gemma4-e2b-plecpu,1,F1-002,F1,P02-HPG24-inventory,False,2,strict,inventory_change_vs_revenue_ratio_delta_2,"delta(abs(inventory - inventory_gross), revenue, 2)","Đo lường sự thay đổi tuyệt đối của hàng tồn kho thuần so với doanh thu trong hai quý trước. Sự thay đổi lớn có thể chỉ ra sự biến động trong chuỗi cung ứng hoặc định giá hàng tồn kho, ảnh hưởng đến tính ổn định của lợi nhuận.",line_item,"inventory, inventory_gross, revenue, delta",False,False,bad_arity:delta,,"delta(abs((inventory-inventory_gross)),revenue,2)",4,3,False,True,False
gemma4-e2b-plecpu,1,F2-002,F2,P02-HPG24-inventory,False,0,strict,inventory_writedown_zscore,zscore(inventory_writedown),"Đo lường mức độ dự phòng giảm giá hàng tồn kho so với mức trung bình của toàn thị trường, cho thấy rủi ro tiềm ẩn về việc ghi nhận lỗ trong kỳ.",line_item,inventory_writedown,False,False,duplicate,,zscore(inventory_writedown),2,1,False,False,False
gemma4-e2b-plecpu,1,F2-002,F2,P02-HPG24-inventory,False,1,strict,inventory_to_total_ratio_lag_1,"abs(current_assets * 1.0 / total_assets) - lag(abs(current_assets * 1.0 / total_assets), 1)",So sánh tỷ lệ tài sản ngắn hạn (bao gồm hàng tồn kho) của công ty so với kỳ trước để đánh giá sự thay đổi trong cấu trúc tài sản ngắn hạn.,note,Trong hàng tồn kho tại ngày 31 tháng 12 năm 2024 có 671 tỷ VND hàng tồn kho,True,False,raw_division,,"(abs(((1*current_assets)/total_assets))-lag(abs(((1*current_assets)/total_assets)),1))",6,2,False,True,False
gemma4-e2b-plecpu,1,F2-002,F2,P02-HPG24-inventory,False,2,strict,inventory_gross_growth_4,"growth(inventory_gross, 4)","Đo lường tốc độ tăng trưởng của giá trị hàng tồn kho gốc trong 4 quý gần nhất, phản ánh sự biến động của giá hàng hóa trong kỳ.",line_item,inventory_gross,False,True,,,"growth(inventory_gross,4)",2,1,True,True,False
gemma4-e2b-plecpu,1,F3-002,F3,P02-HPG24-inventory,False,0,recovered,inventory_write_down_ratio,abs(inventory_writedown / inventory_gross),Tỷ lệ dự phòng giảm giá hàng tồn kho so với giá gốc hàng tồn kho cho thấy mức độ rủi ro về giá hàng tồn kho; tỷ lệ cao có thể báo hiệu rủi ro lỗ trong kỳ.,line_item,"inventory_writedown, inventory_gross",False,False,raw_division,,abs((inventory_writedown/inventory_gross)),3,2,False,False,False
gemma4-e2b-plecpu,1,F3-002,F3,P02-HPG24-inventory,False,1,recovered,inventory_to_assets_ratio,"safe_div(inventory, total_assets)","Tỷ lệ hàng tồn kho so với tổng tài sản đo lường mức độ tập trung của tài sản vào hàng tồn kho, có thể là chỉ báo về tính thanh khoản của doanh nghiệp.",line_item,"inventory, total_assets",False,True,,,"safe_div(inventory,total_assets)",2,2,True,False,False
gemma4-e2b-plecpu,1,F3-002,F3,P02-HPG24-inventory,False,2,recovered,inventory_write_down_risk_note,rank(inventory_writedown) - rank(inventory_writedown),"Sử dụng rank của dự phòng giảm giá hàng tồn kho để xếp hạng mức độ rủi ro, nơi giá trị dự phòng cao hơn có thể được xếp hạng khác biệt.",note,Hàng tồn kho có giá trị ghi sổ là 29.769 tỷ VND (1/1/2024: 24.178 tỷ VND) được thế chấp tại các ngân hàng để đảm bảo cho các khoản vay của Tập đoàn.,True,True,,,(rank(inventory_writedown)-rank(inventory_writedown)),3,1,True,False,False
gemma4-e2b-plecpu,1,F1-003,F1,P03-PNJ24-inventory,False,0,strict,inventory_writedown_ratio_zscore,"zscore(inventory_writedown, inventory_gross) * log(revenue)","Công thức này đo lường mức độ biến động của dự phòng giảm giá hàng tồn kho so với giá trị hàng tồn kho gốc, được chuẩn hóa theo tổng tài sản, và nhân với log doanh thu để xem xét tác động của biến động này lên lợi suất.",line_item,"inventory_writedown, inventory_gross, revenue, zscore",False,False,bad_arity:zscore,,"(log(revenue)*zscore(inventory_writedown,inventory_gross))",3,3,False,False,False
gemma4-e2b-plecpu,1,F1-003,F1,P03-PNJ24-inventory,False,1,strict,inventory_to_current_assets_ratio_lag_zscore,"lag(inventory, 1) safe_div(current_assets, inventory_gross) zscore(lag(inventory, 1))","Đo lường tỷ lệ hàng tồn kho so với tài sản ngắn hạn trong kỳ trước, chuẩn hóa theo phân phối toàn thị trường, nhằm đánh giá rủi ro thanh khoản liên quan đến hàng tồn kho.",line_item,"inventory, current_assets, inventory_gross, lag, zscore",False,False,syntax_error,,,,,False,True,False
gemma4-e2b-plecpu,1,F1-003,F1,P03-PNJ24-inventory,False,2,strict,gross_profit_to_inventory_writedown_ratio_growth_zscore,"growth(gross_profit, 1) safe_div(abs(inventory_writedown), inventory_gross) zscore(growth(gross_profit, 1))","Công thức này so sánh sự tăng trưởng lợi nhuận gộp với mức độ dự phòng giảm giá hàng tồn kho, giúp xác định xem việc quản lý hàng tồn kho có ảnh hưởng đến hiệu quả kinh doanh trong quý tiếp theo hay không.",line_item,"gross_profit, inventory_writedown, inventory_gross, growth, zscore",False,False,syntax_error,,,,,False,True,False
gemma4-e2b-plecpu,1,F2-003,F2,P03-PNJ24-inventory,False,0,strict,inventory_writedown_zscore,zscore(inventory_writedown),"Đo lường mức độ biến động của dự phòng giảm giá hàng tồn kho so với mức trung bình của toàn thị trường, cho thấy rủi ro hoặc sự kiện bất thường liên quan đến việc xử lý hàng tồn kho.",line_item,Biến động về dự phòng giảm giá hàng tồn kho trong năm tài chính như sau,False,False,duplicate,,zscore(inventory_writedown),2,1,False,False,False
gemma4-e2b-plecpu,1,F2-003,F2,P03-PNJ24-inventory,False,1,strict,inventory_writedown_lag_rank,"rank(lag(inventory_writedown, 1))","Xếp hạng dựa trên giá trị dự phòng giảm giá hàng tồn kho của quý trước, giúp nắm bắt xu hướng biến động của việc trích lập dự phòng trong các kỳ liên tiếp.",line_item,Biến động về dự phòng giảm giá hàng tồn kho trong năm tài chính như sau,False,False,duplicate,,"rank(lag(inventory_writedown,1))",3,1,False,True,False
gemma4-e2b-plecpu,1,F2-003,F2,P03-PNJ24-inventory,False,2,strict,inventory_writedown_zscore_lag,"zscore(lag(inventory_writedown, 1))","Đo lường mức độ bất thường của dự phòng giảm giá hàng tồn kho của quý trước so với phân phối toàn thị trường, giúp xác định các quý có mức độ rủi ro cao hơn.",line_item,Biến động về dự phòng giảm giá hàng tồn kho trong năm tài chính như sau,False,True,,,"zscore(lag(inventory_writedown,1))",3,1,True,True,False
gemma4-e2b-plecpu,1,F4-002,F4,P03-PNJ24-inventory,False,0,strict,inventory_writedown_zscore_lag4,"zscore(inventory_writedown, 4)","Độ lệch chuẩn của dự phòng giảm giá hàng tồn kho trong 4 quý trước cho thấy mức độ biến động của việc trích lập dự phòng, ảnh hưởng đến rủi ro.",line_item,inventory_writedown,False,False,bad_arity:zscore|duplicate,,"zscore(inventory_writedown,4)",2,1,False,False,False
gemma4-e2b-plecpu,1,F4-002,F4,P03-PNJ24-inventory,False,1,strict,inventory_gross_growth_zscore_lag2,"zscore(growth(inventory_gross, 2))",Tốc độ tăng trưởng của hàng tồn kho gốc trong 2 quý trước là chỉ báo về sự gia tăng rủi ro về hàng tồn kho.,line_item,inventory_gross,False,True,,,"zscore(growth(inventory_gross,2))",3,1,True,True,False
gemma4-e2b-plecpu,1,F4-002,F4,P03-PNJ24-inventory,False,2,strict,inventory_writedown_rank_lag1,"rank(inventory_writedown, 1)",Xếp hạng dự phòng giảm giá hàng tồn kho theo quý gần nhất giúp đánh giá mức độ tiêu cực của việc trích lập.,line_item,inventory_writedown,False,False,bad_arity:rank,,"rank(inventory_writedown,1)",2,1,False,False,False
gemma4-e2b-plecpu,1,F1-004,F1,P04-GAS24-receivables,False,0,strict,receivables_to_revenue_ratio_zscore,zscore(receivables_customers) * (1.0 / revenue),"Công thức này đo lường mức độ phụ thuộc của doanh thu vào các khoản phải thu của khách hàng. Tỷ lệ cao hơn cho thấy rủi ro thanh khoản cao hơn, có thể ảnh hưởng tiêu cực đến lợi suất cổ phiếu.",line_item,"receivables_customers, revenue",False,False,raw_division,,((1/revenue)*zscore(receivables_customers)),3,2,False,False,False
gemma4-e2b-plecpu,1,F1-004,F1,P04-GAS24-receivables,False,1,strict,provision_doubtful_debt_to_current_assets_ratio_lag_1,abs(provision_doubtful_debt) / current_assets,"Đo lường mức độ dự phòng rủi ro nợ khó đòi so với tổng tài sản ngắn hạn. Tỷ lệ cao cho thấy mức độ rủi ro tiềm ẩn cao, có thể là tín hiệu tiêu cực cho giá cổ phiếu.",line_item,"provision_doubtful_debt, current_assets",False,False,raw_division,,(abs(provision_doubtful_debt)/current_assets),3,2,False,False,False
gemma4-e2b-plecpu,1,F1-004,F1,P04-GAS24-receivables,False,2,strict,cfo_to_receivables_ratio_growth_2,"growth(cfo, 2) * (1.0 / receivables_customers)","Đo lường khả năng tạo tiền mặt từ hoạt động kinh doanh so với mức độ phải thu của khách hàng. Tăng trưởng dương cho thấy khả năng thu hồi tốt hơn, có thể là tín hiệu tích cực.",line_item,"cfo, receivables_customers",False,False,raw_division,,"((1/receivables_customers)*growth(cfo,2))",3,2,False,True,False
gemma4-e2b-plecpu,1,F2-004,F2,P04-GAS24-receivables,False,0,strict,receivables_ratio_to_assets_growth,"growth(receivables_customers, 1) * safe_div(current_assets, total_assets)","Công thức này đo lường mức độ tăng trưởng của khoản phải thu khách hàng so với tổng tài sản trong kỳ, cho thấy hiệu quả quản lý rủi ro tín dụng và khả năng thu hồi nợ trong quý.",line_item,số dư các khoản phải thu ngắn hạn của khách hàng khó có khả năng thu hồi,False,True,,,"(growth(receivables_customers,1)*safe_div(current_assets,total_assets))",3,3,True,True,False
gemma4-e2b-plecpu,1,F2-004,F2,P04-GAS24-receivables,False,1,strict,receivables_level_zscore,zscore(receivables_customers),"Sử dụng Z-score để chuẩn hóa mức độ phải thu của khách hàng so với phân phối của toàn bộ cổ phiếu trong cùng kỳ, giúp xác định các quý có mức độ phải thu cao bất thường.",line_item,receivables_customers,False,True,,,zscore(receivables_customers),2,1,True,False,False
gemma4-e2b-plecpu,1,F2-004,F2,P04-GAS24-receivables,False,2,strict,doubtful_debt_vs_receivables_ratio,"safe_div(provision_doubtful_debt, receivables_customers)",Tỷ lệ giữa dự phòng nợ khó đòi và tổng phải thu ngắn hạn cho thấy mức độ bảo đảm rủi ro của công ty; tỷ lệ thấp có thể ám chỉ rủi ro tiềm ẩn cao.,note,số dư các khoản phải thu ngắn hạn của khách hàng khó có khả năng thu hồi,True,True,,,"safe_div(provision_doubtful_debt,receivables_customers)",2,2,True,False,False
gemma4-e2b-plecpu,1,F3-003,F3,P04-GAS24-receivables,False,0,strict,receivables_to_assets_ratio,"safe_div(receivables_customers, total_assets)",Tỷ lệ phải thu ngắn hạn của khách hàng so với tổng tài sản thể hiện mức độ rủi ro thanh khoản và khả năng thu hồi của doanh nghiệp; tỷ lệ cao cho thấy rủi ro cao hơn.,line_item,"receivables_customers, total_assets",False,True,,,"safe_div(receivables_customers,total_assets)",2,2,True,False,False
gemma4-e2b-plecpu,1,F3-003,F3,P04-GAS24-receivables,False,1,strict,doubtful_debt_ratio,"safe_div(provision_doubtful_debt, current_assets)","Tỷ lệ dự phòng phải thu khó đòi trên tài sản ngắn hạn là thước đo trực tiếp về chất lượng tài sản, dự phòng lớn cho thấy khả năng thu hồi kém.",line_item,"provision_doubtful_debt, current_assets",False,True,,,"safe_div(provision_doubtful_debt,current_assets)",2,2,True,False,False
gemma4-e2b-plecpu,1,F3-003,F3,P04-GAS24-receivables,False,2,strict,receivables_to_revenue_ratio,"safe_div(receivables_customers, revenue)","Tỷ lệ phải thu ngắn hạn của khách hàng so với doanh thu cho thấy mức độ phụ thuộc vào các khoản phải thu trong hoạt động kinh doanh, ảnh hưởng đến dòng tiền.",line_item,"receivables_customers, revenue",False,True,,,"safe_div(receivables_customers,revenue)",2,2,True,False,False
gemma4-e2b-plecpu,1,F4-003,F4,P04-GAS24-receivables,False,0,strict,receivables_risk_zscore,zscore(receivables_customers),Độ biến động của khoản phải thu khách hàng là chỉ báo trực tiếp về rủi ro tín dụng và khả năng thu hồi của doanh nghiệp.,line_item,receivables_customers,False,False,duplicate,,zscore(receivables_customers),2,1,False,False,False
gemma4-e2b-plecpu,1,F4-003,F4,P04-GAS24-receivables,False,1,strict,cfo_vs_receivables_ratio,"safe_div(cfo, receivables_customers)",Tỷ lệ lưu chuyển tiền thuần so với khoản phải thu cho thấy khả năng thanh khoản để bù đắp các khoản nợ phải thu.,line_item,"cfo, receivables_customers",False,True,,,"safe_div(cfo,receivables_customers)",2,2,True,False,False
gemma4-e2b-plecpu,1,F4-003,F4,P04-GAS24-receivables,False,2,strict,net_income_vs_provision_ratio,"safe_div(net_income, abs(provision_doubtful_debt))",Tỷ lệ lợi nhuận sau thuế so với dự phòng nợ khó đòi đánh giá mức độ bảo đảm của dự phòng hiện tại.,line_item,"net_income, provision_doubtful_debt",False,True,,,"safe_div(net_income,abs(provision_doubtful_debt))",3,2,True,False,False
gemma4-e2b-plecpu,1,F2-005,F2,P05-HUT24-receivables,False,0,strict,receivables_to_total_assets_ratio,abs(short_term_receivables / total_assets),"Tỷ lệ này đo lường mức độ tập trung của tài sản ngắn hạn vào các khoản phải thu, một chỉ báo rủi ro về khả năng thu hồi của doanh nghiệp.",line_item,"Các khoản phải thu quá hạn thanh toán, hoặc chưa quá hạn nhưng khó có khả năng thu hồi",False,False,raw_division,,abs((short_term_receivables/total_assets)),3,2,False,False,False
gemma4-e2b-plecpu,1,F2-005,F2,P05-HUT24-receivables,False,1,strict,provision_change_zscore,"zscore(delta(provision_doubtful_debt, 1))","Đo lường sự thay đổi bất thường của dự phòng nợ khó đòi trong kỳ, cho thấy sự biến động trong đánh giá rủi ro tín dụng của công ty.",note,Trích lập dự phòng bổ sung trong năm,True,True,,,"zscore(delta(provision_doubtful_debt,1))",3,1,True,True,False
gemma4-e2b-plecpu,1,F2-005,F2,P05-HUT24-receivables,False,2,strict,receivables_to_equity_ratio,abs(receivables_customers / equity),"Tỷ lệ này đánh giá mức độ tài sản ngắn hạn (phải thu) so với vốn chủ sở hữu, phản ánh áp lực tài chính trực tiếp lên cấu trúc vốn của công ty.",line_item,receivables_customers,False,False,raw_division,,abs((receivables_customers/equity)),3,2,False,False,False
gemma4-e2b-plecpu,1,F3-004,F3,P05-HUT24-receivables,False,0,strict,receivables_to_assets_ratio,"safe_div(receivables_customers, total_assets)",Tỷ lệ phải thu ngắn hạn của khách hàng so với tổng tài sản cho thấy mức độ rủi ro thanh khoản và khả năng thu hồi của doanh nghiệp; tỷ lệ cao thường đi kèm với lợi suất thấp.,line_item,"receivables_customers, total_assets",False,False,duplicate,,"safe_div(receivables_customers,total_assets)",2,2,False,False,False
gemma4-e2b-plecpu,1,F3-004,F3,P05-HUT24-receivables,False,1,strict,provision_level_vs_receivables,"abs(provision_doubtful_debt) * safe_div(1, receivables_customers)",Mức độ dự phòng nợ khó đòi so với tổng số phải thu cho thấy mức độ thận trọng của công ty; dự phòng cao có thể là dấu hiệu của chất lượng tài sản kém.,note,"Công ty đã đánh giá và trích lập dự phòng đối với các khoản nợ quá hạn, nợ khó có khả năng thu hồi với sự thận trọng phù hợp.",True,True,,,"(abs(provision_doubtful_debt)*safe_div(1,receivables_customers))",3,2,True,False,False
gemma4-e2b-plecpu,1,F3-004,F3,P05-HUT24-receivables,False,2,strict,net_income_to_receivables_ratio,"safe_div(net_income, receivables_customers)","Tỷ lệ lợi nhuận sau thuế trên mỗi đồng phải thu ngắn hạn phản ánh hiệu quả chuyển đổi doanh thu thành lợi nhuận từ các khoản phải thu, là chỉ báo chất lượng lợi nhuận.",line_item,"net_income, receivables_customers",False,True,,,"safe_div(net_income,receivables_customers)",2,2,True,False,False
gemma4-e2b-plecpu,1,F1-005,F1,P06-TNG24-debt,False,0,strict,interest_expense_lag_zscore_1,"zscore(lag(interest_expense, 1))","Đo lường sự thay đổi bất thường của chi phí lãi vay trong quý hiện tại so với quý trước, chuẩn hóa trên toàn bộ thị trường để xác định các quý có rủi ro hoặc biến động cao về chi phí tài chính.",line_item,"interest_expense, lag, zscore",False,True,,,"zscore(lag(interest_expense,1))",3,1,True,True,False
gemma4-e2b-plecpu,1,F1-005,F1,P06-TNG24-debt,False,1,strict,short_term_debt_to_assets_ratio_delta,"delta(short_term_debt / total_assets, 1)","Đánh giá sự thay đổi tương đối của tỷ lệ nợ ngắn hạn trên tổng tài sản trong kỳ, cho thấy áp lực tài chính ngắn hạn đang gia tăng hay suy giảm, ảnh hưởng đến khả năng thanh khoản.",line_item,"short_term_debt, total_assets, delta",False,False,raw_division,,"delta((short_term_debt/total_assets),1)",3,2,False,True,False
gemma4-e2b-plecpu,1,F1-005,F1,P06-TNG24-debt,False,2,strict,financial_expense_growth_mean,"growth(financial_expense, 2) * mean(financial_expense, 2)","Phân tích xu hướng tăng trưởng của chi phí tài chính trong hai quý gần nhất, sau đó chuẩn hóa bằng giá trị trung bình, giúp xác định các doanh nghiệp có xu hướng chi phí tài chính đang tăng nhanh hơn mức trung bình thị trường.",line_item,"financial_expense, growth, mean",False,True,,,"(growth(financial_expense,2)*mean(financial_expense,2))",3,1,True,True,False
gemma4-e2b-plecpu,1,F2-006,F2,P06-TNG24-debt,False,0,strict,interest_expense_vs_debt_ratio_zscore,"zscore(interest_expense, 4) * safe_div(long_term_debt, total_liabilities)","Công thức này đo lường mức độ phụ thuộc của chi phí lãi vay vào tổng nợ vay dài hạn so với mức độ rủi ro tổng thể của công ty, giúp xếp hạng các cổ phiếu có cấu trúc nợ vay khác nhau.",line_item,Chi phí lãi vay,False,False,bad_arity:zscore,,"(safe_div(long_term_debt,total_liabilities)*zscore(interest_expense,4))",3,3,False,False,False
gemma4-e2b-plecpu,1,F2-006,F2,P06-TNG24-debt,False,1,strict,long_term_debt_growth_lag_rank,"rank(growth(long_term_debt, 2))","Xếp hạng dựa trên tốc độ tăng trưởng của nợ vay dài hạn trong các quý trước, cho thấy xu hướng gia tăng gánh nặng tài chính trong tương lai.",note,Vay dài hạn | 716.279.584.223 | 114.479.625.701 | 224.253.960.000 | 606.505.249.924,True,True,,,"rank(growth(long_term_debt,2))",3,1,True,True,False
gemma4-e2b-plecpu,1,F2-006,F2,P06-TNG24-debt,False,2,strict,interest_expense_to_revenue_ratio_lag_rank,"rank(lag(interest_expense, 1)) * safe_div(interest_expense, revenue)","Đo lường tỷ lệ chi phí lãi vay so với doanh thu trong kỳ trước, một chỉ báo trực tiếp về áp lực chi phí tài chính lên kết quả kinh doanh.",line_item,Chi phí lãi vay,False,True,,,"(rank(lag(interest_expense,1))*safe_div(interest_expense,revenue))",4,2,True,True,False
gemma4-e2b-plecpu,1,F4-004,F4,P06-TNG24-debt,False,0,recovered,interest_expense_lag_rank,"rank(interest_expense, 1) * zscore(interest_expense, 4)","Lợi suất cổ phiếu có thể phản ánh mức độ biến động của chi phí lãi vay trong quý trước, cho thấy rủi ro tài chính.",line_item,interest_expense,False,False,bad_arity:rank|bad_arity:zscore,,"(rank(interest_expense,1)*zscore(interest_expense,4))",3,1,False,False,False
gemma4-e2b-plecpu,1,F1-006,F1,P07-NLG17-debt,False,0,strict,interest_expense_lag_zscore_1,"zscore(lag(interest_expense, 1))","Đo lường sự thay đổi bất thường của chi phí lãi vay trong quý hiện tại so với quý trước, chuẩn hóa trên toàn bộ thị trường để xác định các quý có rủi ro hoặc biến động cao về chi phí tài chính.",line_item,"interest_expense, lag, zscore",False,False,duplicate,,"zscore(lag(interest_expense,1))",3,1,False,True,False
gemma4-e2b-plecpu,1,F1-006,F1,P07-NLG17-debt,False,1,strict,short_term_debt_to_assets_ratio_delta,delta(short_term_debt / total_assets),"Đánh giá sự thay đổi tức thời của tỷ lệ nợ ngắn hạn trên tổng tài sản, cho thấy áp lực thanh khoản hoặc cấu trúc vốn ngắn hạn đang thay đổi nhanh chóng.",line_item,"short_term_debt, total_assets, delta",False,False,bad_arity:delta|raw_division,,delta((short_term_debt/total_assets)),3,2,False,True,False
gemma4-e2b-plecpu,1,F1-006,F1,P07-NLG17-debt,False,2,strict,interest_expense_growth_rank_4,"rank(growth(interest_expense, 4))","Xếp hạng các doanh nghiệp có xu hướng tăng trưởng chi phí lãi vay trong 4 quý gần nhất, giúp dự đoán xu hướng chi phí tài chính trong tương lai.",line_item,"interest_expense, growth, rank",False,True,,,"rank(growth(interest_expense,4))",3,1,True,True,False
gemma4-e2b-plecpu,1,F2-007,F2,P07-NLG17-debt,False,0,strict,debt_to_asset_ratio_lag_1,"zscore(short_term_debt, 4) * lag(total_liabilities, 1)","Đo lường mức độ phụ thuộc của công ty vào nợ ngắn hạn so với tổng tài sản, sau đó so sánh với mức độ nợ ngắn hạn của quý trước để đánh giá rủi ro thanh khoản.",note,Vay ngắn hạn từ ngân hàng 113.644.486.982,False,False,bad_arity:zscore,,"(lag(total_liabilities,1)*zscore(short_term_debt,4))",3,2,False,True,False
gemma4-e2b-plecpu,1,F2-007,F2,P07-NLG17-debt,False,1,strict,interest_expense_growth_ratio,"growth(interest_expense, 1) * log(interest_expense)","Đánh giá tốc độ tăng trưởng chi phí lãi vay trong kỳ, một chỉ báo trực tiếp về áp lực tài chính và khả năng trả nợ trong tương lai.",line_item,interest_expense,False,True,,,"(growth(interest_expense,1)*log(interest_expense))",3,1,True,True,False
gemma4-e2b-plecpu,1,F2-007,F2,P07-NLG17-debt,False,2,strict,long_term_debt_to_equity_ratio_ratio,"safe_div(long_term_debt, equity) * rank(long_term_debt, 1)","Xếp hạng dựa trên tỷ lệ nợ dài hạn so với vốn chủ sở hữu, cho thấy mức độ đòn bẩy tài chính dài hạn của doanh nghiệp.",line_item,long_term_debt,False,False,bad_arity:rank,,"(rank(long_term_debt,1)*safe_div(long_term_debt,equity))",3,2,False,False,False
gemma4-e2b-plecpu,1,F3-005,F3,P07-NLG17-debt,False,0,strict,interest_expense_to_total_liabilities,"abs(interest_expense, total_liabilities)",Tỷ lệ chi phí lãi vay so với tổng nợ phải trả đo lường mức độ áp lực chi phí lãi vay lên cấu trúc tài chính; tỷ lệ cao cho thấy rủi ro chi phí lãi vay cao.,line_item,"interest_expense, total_liabilities",False,False,bad_arity:abs,,"abs(interest_expense,total_liabilities)",2,2,False,False,False
gemma4-e2b-plecpu,1,F3-005,F3,P07-NLG17-debt,False,1,strict,short_term_debt_to_total_liabilities,"safe_div(short_term_debt, total_liabilities)","Tỷ lệ nợ ngắn hạn so với tổng nợ phải trả phản ánh mức độ phụ thuộc vào nguồn vốn ngắn hạn, tăng rủi ro thanh khoản.",line_item,"short_term_debt, total_liabilities",False,True,,,"safe_div(short_term_debt,total_liabilities)",2,2,True,False,False
gemma4-e2b-plecpu,1,F3-005,F3,P07-NLG17-debt,False,2,strict,long_term_debt_to_total_liabilities,"safe_div(long_term_debt, total_liabilities)","Tỷ lệ nợ dài hạn so với tổng nợ phải trả đánh giá cấu trúc tài trợ dài hạn, ảnh hưởng đến khả năng chống chịu rủi ro lãi suất.",line_item,"long_term_debt, total_liabilities",False,True,,,"safe_div(long_term_debt,total_liabilities)",2,2,True,False,False
gemma4-e2b-plecpu,1,F4-005,F4,P07-NLG17-debt,False,0,recovered,interest_expense_lag_rank,"rank(interest_expense, 1) * zscore(interest_expense, 4)","Xếp hạng dựa trên sự biến động của chi phí lãi vay trong quý trước, cho thấy rủi ro biến động chi phí tài chính.",line_item,interest_expense,False,False,bad_arity:rank|bad_arity:zscore|duplicate,,"(rank(interest_expense,1)*zscore(interest_expense,4))",3,1,False,False,False
gemma4-e2b-plecpu,1,F2-008,F2,P08-POW17-debt,False,0,strict,debt_to_asset_ratio_lag_1,"rank(safe_div(long_term_debt(k), total_assets(k)))","Xếp hạng dựa trên tỷ lệ nợ dài hạn trên tổng tài sản, cho thấy mức độ phụ thuộc vào nợ dài hạn của doanh nghiệp. Tỷ lệ cao có thể báo hiệu rủi ro tài chính cao hơn.",note,Vay dài hạn | 30.421.681.064.106 | 30.421.681.064.106,True,False,unknown_func:long_term_debt|unknown_func:total_assets|unknown_var:k,,"rank(safe_div(long_term_debt(k),total_assets(k)))",4,1,False,False,False
gemma4-e2b-plecpu,1,F2-008,F2,P08-POW17-debt,False,1,strict,interest_expense_zscore_lag_1,zscore(interest_expense(lag(1))),"Đo lường mức độ biến động bất thường của chi phí lãi vay trong kỳ, giúp xác định các quý có chi phí lãi vay cao hơn hoặc thấp hơn đáng kể so với mức trung bình lịch sử.",line_item,interest_expense,False,False,unknown_func:interest_expense|bad_arity:lag|constant_only,,zscore(interest_expense(lag(1))),4,0,False,True,False
gemma4-e2b-plecpu,1,F2-008,F2,P08-POW17-debt,False,2,strict,debt_to_current_ratio_growth_2,"growth(safe_div(current_liabilities(lag(2)), total_liabilities(lag(1))))","Đánh giá tốc độ tăng trưởng của tỷ lệ nợ ngắn hạn so với tổng nợ, phản ánh áp lực thanh khoản trong ngắn hạn. Tăng trưởng cao có thể là tín hiệu cảnh báo về khả năng thanh toán.",line_item,current_liabilities,False,False,bad_arity:growth|unknown_func:current_liabilities|unknown_func:total_liabilities|bad_arity:lag|constant_only,,"growth(safe_div(current_liabilities(lag(2)),total_liabilities(lag(1))))",5,0,False,True,False
gemma4-e2b-plecpu,1,F3-006,F3,P08-POW17-debt,False,0,strict,interest_expense_to_revenue_growth,"growth(interest_expense, revenue, 1)",Tỷ lệ chi phí lãi vay so với tốc độ tăng trưởng doanh thu đo lường gánh nặng chi phí tài chính trên quy mô kinh doanh; tỷ lệ cao cho thấy rủi ro tài chính cao hơn.,line_item,"interest_expense, revenue",False,False,bad_arity:growth,,"growth(interest_expense,revenue,1)",2,2,False,True,False
gemma4-e2b-plecpu,1,F3-006,F3,P08-POW17-debt,False,1,strict,long_term_debt_to_total_assets,"safe_div(long_term_debt, total_assets)",Tỷ lệ nợ dài hạn trên tổng tài sản là thước đo mức độ sử dụng đòn bẩy tài chính dài hạn của doanh nghiệp; tỷ lệ cao hơn có thể làm tăng biến động lợi suất.,note,Vay dài hạn | 30.421.681.064.106 | 30.421.681.064.106,True,True,,,"safe_div(long_term_debt,total_assets)",2,2,True,False,False
gemma4-e2b-plecpu,1,F3-006,F3,P08-POW17-debt,False,2,strict,interest_expense_to_net_income,"safe_div(interest_expense, net_income)",Tỷ lệ chi phí lãi vay so với lợi nhuận sau thuế cho thấy mức độ chi phí lãi vay ăn mòn lợi nhuận ròng; tỷ lệ cao hơn làm giảm chất lượng lợi nhuận.,line_item,"interest_expense, net_income",False,True,,,"safe_div(interest_expense,net_income)",2,2,True,False,False
gemma4-e2b-plecpu,1,F1-007,F1,P09-HAH24-fixed_assets,False,0,strict,capex_to_revenue_ratio_lag1,"abs(revenue lag(1)) safe_div(capex, long_term_assets lag(1))","Đo lường mức độ chi tiêu đầu tư mới (capex) so với doanh thu kỳ trước, sau đó chuẩn hóa theo tài sản dài hạn. Tỷ lệ cao có thể chỉ ra sự mở rộng hoạt động mạnh mẽ, hỗ trợ lợi suất.",line_item,"revenue, capex, long_term_assets",False,False,syntax_error,,,,,False,True,False
gemma4-e2b-plecpu,1,F1-007,F1,P09-HAH24-fixed_assets,False,1,strict,depreciation_to_equity_ratio_zscore,zscore(depreciation) * zscore(equity),So sánh mức độ khấu hao (chi phí) với vốn chủ sở hữu. Sự biến động tương đối của tỷ lệ này có thể phản ánh sự thay đổi trong cấu trúc tài sản và khả năng sinh lời của công ty.,line_item,"depreciation, equity",False,True,,,(zscore(depreciation)*zscore(equity)),3,2,True,False,False
gemma4-e2b-plecpu,1,F1-007,F1,P09-HAH24-fixed_assets,False,2,strict,capex_to_total_assets_growth_ratio,"growth(capex, 1) safe_div(total_assets lag(1), total_assets)",Đo lường tốc độ tăng trưởng chi tiêu đầu tư (capex) so với tổng tài sản. Tỷ lệ này giúp đánh giá hiệu quả của việc sử dụng vốn để mở rộng quy mô tài sản.,line_item,"capex, total_assets",False,False,syntax_error,,,,,False,True,False
gemma4-e2b-plecpu,1,F2-009,F2,P09-HAH24-fixed_assets,False,0,strict,capex_to_asset_ratio_growth,"growth(capex, 1) * safe_div(fixed_assets, total_assets)","Công thức này đo lường mức độ tăng trưởng chi tiêu đầu tư mới (capex) so với tổng tài sản, cho thấy khả năng mở rộng hoạt động trong quý tới. Tỷ lệ cao có thể dự báo lợi suất tích cực.",line_item,capex,False,True,,,"(growth(capex,1)*safe_div(fixed_assets,total_assets))",3,3,True,True,False
gemma4-e2b-plecpu,1,F2-009,F2,P09-HAH24-fixed_assets,False,1,strict,depreciation_to_revenue_ratio_lag,"lag(depreciation, 1) * safe_div(revenue, revenue)","Đo lường mức độ khấu hao so với doanh thu trong kỳ trước, giúp đánh giá mức độ hao mòn tài sản cố định so với khả năng tạo ra doanh thu. Tỷ lệ này có thể phản ánh hiệu quả sử dụng tài sản.",note,"Khi tài sản cố định hữu hình được bán hay thanh lý, nguyên giá và giá trị hao mòn lũy kế được xóa số và lãi, lỗ phát sinh do thanh lý được ghi nhận vào thu nhập hay chi phí trong kỳ",True,True,,,"(lag(depreciation,1)*safe_div(revenue,revenue))",3,2,True,True,False
gemma4-e2b-plecpu,1,F2-009,F2,P09-HAH24-fixed_assets,False,2,strict,fixed_assets_value_zscore,zscore(fixed_assets),"Sử dụng Z-score của giá trị tài sản cố định để xếp hạng các công ty có mức độ đầu tư tài sản cố định cao hơn hoặc thấp hơn mức trung bình trong cùng kỳ, dự đoán xu hướng đầu tư trong tương lai.",line_item,fixed_assets,False,True,,,zscore(fixed_assets),2,1,True,False,False
gemma4-e2b-plecpu,1,F3-007,F3,P09-HAH24-fixed_assets,False,0,strict,capex_to_revenue_ratio,"abs(capex) * safe_div(revenue, capex)","Tỷ lệ chi tiêu cho đầu tư mới (capex) so với doanh thu cho thấy mức độ mở rộng kinh doanh, một chỉ báo quan trọng về tiềm năng tăng trưởng trong quý tới.",line_item,"capex, revenue",False,True,,,"(abs(capex)*safe_div(revenue,capex))",3,2,True,False,False
gemma4-e2b-plecpu,1,F3-007,F3,P09-HAH24-fixed_assets,False,1,strict,depreciation_to_fixed_assets,"safe_div(depreciation, fixed_assets)","Tỷ lệ khấu hao so với tổng tài sản cố định phản ánh mức độ hao mòn của cơ sở vật chất, cho thấy mức độ sử dụng và tuổi của tài sản trong kỳ.",line_item,"depreciation, fixed_assets",False,True,,,"safe_div(depreciation,fixed_assets)",2,2,True,False,False
gemma4-e2b-plecpu,1,F3-007,F3,P09-HAH24-fixed_assets,False,2,strict,asset_turnover_ratio,"safe_div(revenue, tangible_fixed_assets)","Doanh thu so với tài sản cố định hữu hình cho thấy hiệu quả sử dụng tài sản trong việc tạo ra doanh thu, là thước đo cơ bản về hiệu suất tài sản.",note,Tài sản cố định hữu hình được thể hiện theo nguyên giá trừ hao mòn lũy kế,True,True,,,"safe_div(revenue,tangible_fixed_assets)",2,2,True,False,False
gemma4-e2b-plecpu,1,F4-006,F4,P09-HAH24-fixed_assets,False,0,strict,depreciation_to_revenue_ratio,abs(revenue / (depreciation + 1)),"Tỷ lệ khấu hao so với doanh thu cho thấy mức độ hao mòn tài sản so với khả năng tạo ra doanh thu, ảnh hưởng đến chất lượng tài sản.",line_item,"revenue, depreciation",False,False,raw_division,,abs((revenue/(1+depreciation))),4,2,False,False,False
gemma4-e2b-plecpu,1,F4-006,F4,P09-HAH24-fixed_assets,False,1,strict,capex_to_equity_ratio,"safe_div(abs(capex), equity)","Tỷ lệ chi tiêu vốn so với vốn chủ sở hữu đo lường mức độ phụ thuộc vào đầu tư mới, có thể là rủi ro hoặc cơ hội.",line_item,"capex, equity",False,True,,,"safe_div(abs(capex),equity)",3,2,True,False,False
gemma4-e2b-plecpu,1,F4-006,F4,P09-HAH24-fixed_assets,False,2,strict,asset_composition_zscore,zscore(long_term_assets),"Điểm chuẩn hóa của tài sản dài hạn giúp đánh giá vị thế tài sản của công ty so với thị trường, ảnh hưởng đến định giá.",line_item,long_term_assets,False,True,,,zscore(long_term_assets),2,1,True,False,False
gemma4-e2b-plecpu,1,F2-010,F2,P10-TNG17-fixed_assets,False,0,strict,asset_turnover_ratio_lag_1,"rank(safe_div(fixed_assets lag(1), total_assets lag(1)))","Xếp hạng dựa trên tỷ lệ tài sản cố định so với tổng tài sản của quý trước, thể hiện mức độ luân chuyển tài sản trong kỳ. Tỷ lệ cao có thể ám chỉ việc sử dụng tài sản hiệu quả hơn hoặc đang trong giai đoạn tái cấu trúc tài sản.",note,"Công ty đã thể chấp máy móc, thiết bị, phương tiện vận tải, nhà xuống và vật kiến trúc để đảm bào cho các khoản tiên vay tại các ngân hàng thương mại và tổ chức tín dụng",True,False,syntax_error,,,,,False,True,False
gemma4-e2b-plecpu,1,F2-010,F2,P10-TNG17-fixed_assets,False,1,strict,capex_to_asset_ratio_zscore,zscore(capex / fixed_assets),Đo lường mức độ chi tiêu cho đầu tư mới (capex) so với tổng giá trị tài sản cố định hiện có. Giá trị cao có thể cho thấy mức độ mở rộng hoặc đầu tư mạnh mẽ vào tài sản cố định trong kỳ.,line_item,capex,False,False,raw_division,,zscore((capex/fixed_assets)),3,2,False,False,False
gemma4-e2b-plecpu,1,F2-010,F2,P10-TNG17-fixed_assets,False,2,strict,depreciation_to_revenue_ratio_lag_1,"rank(safe_div(depreciation lag(1), revenue lag(1)))","Xếp hạng dựa trên tỷ lệ khấu hao so với doanh thu của quý trước. Tỷ lệ này cho thấy mức độ hao mòn tài sản so với hoạt động kinh doanh tạo ra, có thể là chỉ báo về mức độ hao mòn của cơ sở vật chất.",line_item,depreciation,False,False,syntax_error,,,,,False,True,False
gemma4-e2b-plecpu,1,F3-008,F3,P10-TNG17-fixed_assets,False,0,strict,capex_to_fixed_assets_ratio,abs(capex) / fixed_assets,"Tỷ lệ chi tiêu cho đầu tư mới (capex) so với tổng tài sản cố định cho thấy mức độ tái đầu tư vào cơ sở vật chất, là yếu tố quan trọng cho tăng trưởng dài hạn.",line_item,"capex, fixed_assets",False,False,raw_division,,(abs(capex)/fixed_assets),3,2,False,False,False
gemma4-e2b-plecpu,1,F3-008,F3,P10-TNG17-fixed_assets,False,1,strict,asset_turnover_proxy,"safe_div(depreciation, fixed_assets)","Khấu hao là chi phí liên quan đến việc sử dụng tài sản cố định; tỷ lệ này đo lường mức độ hao mòn của tài sản, phản ánh mức độ sử dụng và vòng quay của tài sản.",line_item,"depreciation, fixed_assets",False,False,duplicate,,"safe_div(depreciation,fixed_assets)",2,2,False,False,False
gemma4-e2b-plecpu,1,F3-008,F3,P10-TNG17-fixed_assets,False,2,strict,asset_disposal_impact,abs(revenue) / (fixed_assets + accumulated_depreciation),"Tỷ lệ doanh thu so với tổng giá trị tài sản cố định (bao gồm cả khấu hao lũy kế) cho thấy mức độ tài sản tạo ra doanh thu, là thước đo hiệu quả sử dụng tài sản.",note,"Thanh lý, nhượng bán",True,False,raw_division,,(abs(revenue)/(accumulated_depreciation+fixed_assets)),3,3,False,False,False
gemma4-e2b-plecpu,1,F2-011,F2,P11-HPG17-cip,False,0,strict,construction_progress_ratio,"abs(construction_in_progress) safe_div(total_assets, construction_in_progress)","Tỷ lệ chi phí xây dựng cơ bản dở dang so với tổng tài sản thể hiện mức độ cam kết đầu tư vào các dự án dài hạn, là yếu tố quan trọng cho chu kỳ đầu tư của ngành sản xuất công nghiệp.",line_item,Chi phí xây dựng cơ bản dở dang,False,False,syntax_error,,,,,False,False,False
gemma4-e2b-plecpu,1,F2-011,F2,P11-HPG17-cip,False,1,strict,capex_to_revenue_ratio,"abs(capex) safe_div(revenue, capex)","Tỷ lệ chi tiêu cho đầu tư (CAPEX) so với doanh thu phản ánh mức độ mở rộng sản xuất và khả năng tạo ra dòng tiền trong tương lai, ảnh hưởng đến hiệu suất trong chu kỳ.",line_item,capex,False,False,syntax_error,,,,,False,False,False
gemma4-e2b-plecpu,1,F2-011,F2,P11-HPG17-cip,False,2,strict,lagged_net_income_growth,"growth(net_income, 1)","Tốc độ tăng trưởng lợi nhuận sau thuế trong quý trước là một chỉ báo về đà tăng trưởng kinh doanh, giúp dự đoán xu hướng lợi suất trong các quý tiếp theo.",note,Tăng trong năm,True,True,,,"growth(net_income,1)",2,1,True,True,False
gemma4-e2b-plecpu,1,F4-007,F4,P11-HPG17-cip,False,0,strict,construction_progress_ratio,"abs(construction_in_progress) safe_div(total_assets, long_term_assets)","Tỷ lệ tài sản dở dang so với tổng tài sản phản ánh mức độ đầu tư đang diễn ra, có thể là tín hiệu cho chu kỳ tăng trưởng sắp tới.",line_item,"construction_in_progress, total_assets, long_term_assets",False,False,syntax_error,,,,,False,False,False
gemma4-e2b-plecpu,1,F4-007,F4,P11-HPG17-cip,False,1,strict,capex_to_revenue_lag,"delta(capex, 1) safe_div(revenue, long_term_assets)",Sự thay đổi của chi tiêu vốn so với doanh thu trong quá khứ cho thấy hiệu quả sử dụng vốn trong chu kỳ kinh doanh.,line_item,"capex, revenue, long_term_assets",False,False,syntax_error,,,,,False,True,False
gemma4-e2b-plecpu,1,F4-007,F4,P11-HPG17-cip,False,2,strict,net_income_lag_zscore,"zscore(net_income, 4)","Độ lệch chuẩn của lợi nhuận trong quá khứ giúp xác định các quý có hiệu suất bất thường, có thể là điểm vào/ra.",line_item,net_income,False,False,bad_arity:zscore,,"zscore(net_income,4)",2,1,False,False,False
gemma4-e2b-plecpu,1,F1-008,F1,P12-VGC24-cip,False,0,strict,construction_progress_ratio_lag1,"growth(construction_in_progress, 1) * safe_div(revenue, total_assets) + zscore(construction_in_progress) * 0.5",Công thức này đo lường mức độ tăng trưởng của tài sản dở dang so với doanh thu và chuẩn hóa theo phân phối của tài sản dở dang. Lợi suất cao khi việc xây dựng đang tăng nhanh trong khi quy mô tài sản tổng thể vẫn ổn định.,line_item,"construction_in_progress, revenue, total_assets",False,True,,,"((0.5*zscore(construction_in_progress))+(growth(construction_in_progress,1)*safe_div(revenue,total_assets)))",4,3,True,True,False
gemma4-e2b-plecpu,1,F1-008,F1,P12-VGC24-cip,False,1,strict,capex_to_equity_ratio_lag2,"lag(capex, 2) * safe_div(equity, long_term_assets) + delta(capex, 2)","Đo lường mối quan hệ giữa chi tiêu đầu tư (CAPEX) và nguồn vốn chủ sở hữu. Tỷ lệ cao có thể chỉ ra sự mở rộng mạnh mẽ của hoạt động đầu tư so với khả năng tài trợ nội bộ, ảnh hưởng đến định giá.",line_item,"capex, equity, long_term_assets",False,True,,,"((lag(capex,2)*safe_div(equity,long_term_assets))+delta(capex,2))",4,3,True,True,False
gemma4-e2b-plecpu,1,F1-008,F1,P12-VGC24-cip,False,2,strict,net_income_vs_construction_ratio,"abs(net_income) * safe_div(construction_in_progress, construction_in_progress) + lag(net_income, 1)","Công thức này xem xét lợi nhuận sau thuế so với tài sản dở dang. Lợi nhuận cao hơn so với tài sản dở dang cho thấy hiệu quả kinh doanh trong giai đoạn xây dựng, có thể là tín hiệu tích cực cho chu kỳ đầu tư.",line_item,"net_income, construction_in_progress",False,True,,,"((abs(net_income)*safe_div(construction_in_progress,construction_in_progress))+lag(net_income,1))",4,2,True,True,False
gemma4-e2b-plecpu,1,F2-012,F2,P12-VGC24-cip,False,0,strict,construction_progress_ratio,"abs(construction_in_progress) safe_div(total_assets, construction_in_progress)","Tỷ lệ chi phí xây dựng cơ bản dở dang so với tổng tài sản thể hiện mức độ cam kết và khối lượng dự án đang triển khai, ảnh hưởng trực tiếp đến dòng tiền và lợi nhuận trong tương lai.",line_item,16. CHI PHÍ XÂY DỰNG CƠ BẢN DỞ DANG,False,False,syntax_error,,,,,False,False,False
gemma4-e2b-plecpu,1,F2-012,F2,P12-VGC24-cip,False,1,strict,capex_to_revenue_ratio,"abs(capex) safe_div(revenue, capex)",Tỷ lệ chi tiêu cho đầu tư xây dựng (capex) so với doanh thu cho thấy mức độ tập trung vào mở rộng cơ sở hạ tầng và khả năng tạo ra doanh thu từ các dự án này.,note,"capex: Tiền chi mua sắm, xây dựng TSCĐ và tài sản dài hạn khác [VND, phát sinh trong kỳ, ghi số âm]",False,False,syntax_error,,,,,False,False,False
gemma4-e2b-plecpu,1,F2-012,F2,P12-VGC24-cip,False,2,strict,lagged_cfo_vs_construction,"growth(cfo, 1) * lag(construction_in_progress, 1)","Sự tăng trưởng của dòng tiền thuần (cfo) trong kỳ trước có thể là tín hiệu cho thấy việc giải ngân các dự án xây dựng dở dang đang diễn ra, dự báo lợi nhuận trong quý tới.",line_item,"cfo: Lưu chuyển tiền thuần từ hoạt động kinh doanh [VND, phát sinh trong kỳ]",False,True,,,"(growth(cfo,1)*lag(construction_in_progress,1))",3,2,True,True,False
gemma4-e2b-plecpu,1,F3-009,F3,P12-VGC24-cip,False,0,strict,construction_in_progress_ratio,"safe_div(construction_in_progress, total_assets)","Tỷ lệ chi phí xây dựng cơ bản dở dang so với tổng tài sản phản ánh mức độ cam kết và khối lượng dự án đang triển khai, có thể là yếu tố rủi ro hoặc cơ hội trong chu kỳ đầu tư.",line_item,"construction_in_progress, total_assets",False,True,,,"safe_div(construction_in_progress,total_assets)",2,2,True,False,False
gemma4-e2b-plecpu,1,F3-009,F3,P12-VGC24-cip,False,1,strict,capex_to_construction_ratio,"safe_div(abs(capex), construction_in_progress)","Tỷ lệ chi tiền chi mua sắm, xây dựng so với chi phí dở dang cho thấy áp lực tài chính hiện tại đối với các dự án đang triển khai, ảnh hưởng đến lợi suất trong chu kỳ đầu tư.",line_item,"capex, construction_in_progress",False,True,,,"safe_div(abs(capex),construction_in_progress)",3,2,True,False,False
gemma4-e2b-plecpu,1,F3-009,F3,P12-VGC24-cip,False,2,strict,construction_cost_to_equity_ratio,"safe_div(construction_in_progress, equity)","Tỷ lệ chi phí dở dang so với vốn chủ sở hữu đo lường mức độ rủi ro vốn trong các dự án, ảnh hưởng trực tiếp đến lợi suất cổ phiếu trong chu kỳ đầu tư.",note,16. CHI PHÍ XÂY DỰNG CƠ BẢN DỞ DANG,True,True,,,"safe_div(construction_in_progress,equity)",2,2,True,False,False
gemma4-e2b-plecpu,1,F4-008,F4,P12-VGC24-cip,False,0,strict,construction_progress_momentum,"zscore(construction_in_progress, 4)","Tỷ lệ phần trăm công trình dở dang tăng nhanh cho thấy nhu cầu xây dựng đang tăng mạnh, dự báo tích cực cho lợi suất cổ phiếu.",line_item,construction_in_progress,False,False,bad_arity:zscore,,"zscore(construction_in_progress,4)",2,1,False,False,False
gemma4-e2b-plecpu,1,F4-008,F4,P12-VGC24-cip,False,1,strict,capex_to_revenue_ratio,"safe_div(capex, revenue)","Tỷ lệ chi tiêu cho xây dựng mới so với doanh thu phản ánh mức độ đầu tư vào tăng trưởng trong kỳ, ảnh hưởng đến định giá.",line_item,"capex, revenue",False,True,,,"safe_div(capex,revenue)",2,2,True,False,False
gemma4-e2b-plecpu,1,F4-008,F4,P12-VGC24-cip,False,2,strict,asset_utilization_lag,"lag(depreciation, 2)","Khấu hao tài sản là chi phí cố định, sự biến động của nó có thể là tín hiệu về việc tài sản đang được sử dụng hiệu quả.",line_item,depreciation,False,True,,,"lag(depreciation,2)",2,1,False,True,False
gemma4-e2b-plecpu,1,F2-013,F2,P13-NLG24-customer_advances,False,0,strict,customer_advance_ratio_zscore,zscore(customer_advances),"Tỷ lệ người mua trả tiền trước (customer_advances) được chuẩn hóa để đo lường mức độ phụ thuộc vào tiền trả trước của khách hàng, một chỉ báo mạnh mẽ về chất lượng và tính thanh khoản của doanh thu tương lai.",line_item,Tiền thuê nhận trước từ khách hàng cho toàn bộ giai đoạn thuê,False,True,,,zscore(customer_advances),2,1,True,False,False
gemma4-e2b-plecpu,1,F2-013,F2,P13-NLG24-customer_advances,False,1,strict,revenue_to_assets_growth_lag,"growth(revenue) * lag(total_assets, 1)","Sử dụng tốc độ tăng trưởng doanh thu (revenue) so với tổng tài sản (total_assets) trong quý trước để đánh giá hiệu quả chuyển đổi tài sản thành doanh thu, dự báo khả năng thực hiện doanh thu trong kỳ.",note,Doanh thu chưa thực hiện tại ngày 31 tháng 12 năm 2024 bao gồm: Giá trị của khoản lợi nhuận mà Nhóm Công ty nhận được từ việc chuyển nhượng một phần dự án Mizuki cho NNH Mizuki,True,False,bad_arity:growth,,"(growth(revenue)*lag(total_assets,1))",3,2,False,True,False
gemma4-e2b-plecpu,1,F2-013,F2,P13-NLG24-customer_advances,False,2,strict,short_term_receivables_to_revenue_ratio_zscore,zscore(short_term_receivables / revenue),"Tỷ lệ các khoản phải thu ngắn hạn (short_term_receivables) so với doanh thu trong kỳ là thước đo trực tiếp về áp lực thanh khoản và rủi ro thu hồi công nợ, ảnh hưởng tiêu cực đến lợi suất.",line_item,Các khoản phải thu ngắn hạn,False,False,raw_division,,zscore((short_term_receivables/revenue)),3,2,False,False,False
gemma4-e2b-plecpu,1,F3-010,F3,P13-NLG24-customer_advances,False,0,strict,customer_advance_to_revenue,"safe_div(customer_advances, revenue)","Tỷ lệ tiền người mua trả trước so với doanh thu thuần đo lường mức độ tiền mặt đã được thu về từ các giao dịch bán hàng, là chỉ báo trực tiếp về chất lượng dòng tiền trong kỳ.",line_item,"customer_advances, revenue",False,True,,,"safe_div(customer_advances,revenue)",2,2,True,False,False
gemma4-e2b-plecpu,1,F3-010,F3,P13-NLG24-customer_advances,False,1,strict,unrealized_revenue_to_assets,"safe_div(revenue, total_assets)","Tỷ lệ doanh thu (bao gồm cả chưa thực hiện) so với tổng tài sản phản ánh mức độ tài sản đang được sử dụng để tạo ra doanh thu, cho thấy tính chất của tài sản.",note,Doanh thu chưa thực hiện tại ngày 31 tháng 12 năm 2024 bao gồm: Giá trị của khoản lợi nhuận mà Nhóm Công ty nhận được từ việc chuyển nhượng một phần dự án Mizuki cho NNH Mizuki,True,True,,,"safe_div(revenue,total_assets)",2,2,True,False,False
gemma4-e2b-plecpu,1,F3-010,F3,P13-NLG24-customer_advances,False,2,strict,customer_advances_to_equity,"safe_div(customer_advances, equity)","Tỷ lệ tiền người mua trả trước so với vốn chủ sở hữu đo lường mức độ tài trợ hoạt động kinh doanh bằng nguồn vốn của cổ đông, cho thấy sự phụ thuộc vào vốn huy động từ khách hàng.",line_item,"customer_advances, equity",False,True,,,"safe_div(customer_advances,equity)",2,2,True,False,False
gemma4-e2b-plecpu,1,F1-009,F1,P14-IDC24-customer_advances,False,0,recovered,customer_advance_to_revenue_ratio_lag1,"abs(revenue lag(1), customer_advances) * safe_div(total_assets, short_term_receivables) * zscore(revenue, 4)","Công thức này đo lường mức độ phụ thuộc của doanh thu kỳ sau vào các khoản tiền khách hàng đã trả trước, được chuẩn hóa theo mức độ rủi ro thanh khoản (tỷ lệ tài sản/phải thu ngắn hạn). Lợi suất cao khi doanh thu tương lai có mối liên hệ mạnh với tiền mặt đã thu được.",line_item,"revenue, customer_advances, total_assets, short_term_receivables",False,False,syntax_error,,,,,False,True,False
gemma4-e2b-plecpu,1,F1-009,F1,P14-IDC24-customer_advances,False,1,recovered,gross_profit_to_equity_growth_ratio,"growth(gross_profit, 2) * log(equity) * zscore(gross_profit, 8)",Đo lường tốc độ tăng trưởng lợi nhuận gộp so với vốn chủ sở hữu. Doanh nghiệp có lợi nhuận gộp tăng trưởng nhanh hơn so với mức trung bình của ngành (zscore) và có cơ sở vốn (equity) lớn hơn sẽ có tiềm năng tăng giá cổ phiếu.,line_item,"gross_profit, equity",False,False,bad_arity:zscore,,"(growth(gross_profit,2)*log(equity)*zscore(gross_profit,8))",4,2,False,True,False
gemma4-e2b-plecpu,1,F2-014,F2,P14-IDC24-customer_advances,False,0,strict,customer_advance_ratio_zscore,zscore(customer_advances) * 1.5,"Tỷ lệ người mua trả tiền trước (customer_advances) được chuẩn hóa để đo lường mức độ phụ thuộc vào tiền trả trước của doanh nghiệp, một chỉ báo quan trọng cho dòng tiền trong tương lai.",line_item,Doanh thu nhận trước ngắn hạn khác,False,True,,,(1.5*zscore(customer_advances)),3,1,True,False,False
gemma4-e2b-plecpu,1,F2-014,F2,P14-IDC24-customer_advances,False,1,strict,revenue_growth_lag_zscore,"zscore(growth(revenue, 1))","Tốc độ tăng trưởng doanh thu (revenue) trong quý trước là một yếu tố dự báo mạnh mẽ cho hiệu suất kinh doanh trong quý tiếp theo, giúp xếp hạng các cổ phiếu có đà tăng trưởng tốt.",line_item,revenue,False,True,,,"zscore(growth(revenue,1))",3,1,True,True,False
gemma4-e2b-plecpu,1,F2-014,F2,P14-IDC24-customer_advances,False,2,strict,short_term_receivables_to_revenue_ratio_lag,"abs(short_term_receivables) safe_div(revenue, lag(revenue, 1))","Tỷ lệ các khoản phải thu ngắn hạn so với doanh thu trong kỳ trước cho thấy áp lực thanh khoản và khả năng thu hồi nợ, ảnh hưởng trực tiếp đến chất lượng lợi nhuận.",note,Các khoản phải thu ngắn hạn,False,False,syntax_error,,,,,False,True,False
gemma4-e2b-plecpu,1,F3-011,F3,P14-IDC24-customer_advances,False,0,strict,customer_advance_to_revenue,"safe_div(customer_advances, revenue)","Tỷ lệ người mua trả tiền trước so với doanh thu cho thấy mức độ phụ thuộc vào tiền mặt từ các giao dịch bán hàng, là chỉ báo chất lượng doanh thu.",line_item,"customer_advances, revenue",False,False,duplicate,,"safe_div(customer_advances,revenue)",2,2,False,False,False
gemma4-e2b-plecpu,1,F3-011,F3,P14-IDC24-customer_advances,False,1,strict,revenue_growth_lag_1,"growth(revenue, 1)","Tốc độ tăng trưởng doanh thu trong quý trước là yếu tố dự báo tốt cho doanh thu tương lai, thể hiện đà tăng trưởng của hoạt động kinh doanh.",note,Doanh thu chưa thực hiện và doanh thu tương lai,False,True,,,"growth(revenue,1)",2,1,True,True,False
gemma4-e2b-plecpu,1,F3-011,F3,P14-IDC24-customer_advances,False,2,strict,revenue_to_assets_ratio,"safe_div(revenue, total_assets)","Tỷ lệ doanh thu so với tổng tài sản đo lường mức độ sử dụng tài sản để tạo ra doanh thu, giúp đánh giá hiệu quả sử dụng tài sản.",note,TỔNG CỘNG TÀI SẢN,False,False,duplicate,,"safe_div(revenue,total_assets)",2,2,False,False,False
gemma4-e2b-plecpu,1,F4-009,F4,P14-IDC24-customer_advances,False,0,strict,customer_advance_ratio_zscore,"zscore(customer_advances, 4)",Tỷ lệ người mua trả tiền trước chuẩn hóa theo phân phối để đánh giá mức độ phụ thuộc vào tiền trả trước.,line_item,customer_advances,False,False,bad_arity:zscore,,"zscore(customer_advances,4)",2,1,False,False,False
gemma4-e2b-plecpu,1,F4-009,F4,P14-IDC24-customer_advances,False,1,strict,revenue_to_asset_lag_rank,"rank(revenue, lag(total_assets, 2))",Xếp hạng doanh thu so với tổng tài sản trong quá khứ để đo lường chất lượng doanh thu.,line_item,"revenue, total_assets",False,False,bad_arity:rank,,"rank(revenue,lag(total_assets,2))",3,2,False,True,False
gemma4-e2b-plecpu,1,F4-009,F4,P14-IDC24-customer_advances,False,2,strict,cfo_to_equity_growth,"growth(cfo, equity, 4)",Tăng trưởng lưu chuyển tiền thuần so với vốn chủ sở hữu cho thấy khả năng tạo ra dòng tiền bền vững.,line_item,"cfo, equity",False,False,bad_arity:growth,,"growth(cfo,equity,4)",2,2,False,True,False
gemma4-e2b-plecpu,1,F1-010,F1,P15-CTD17-associates,False,0,strict,associates_profit_growth_zscore,"zscore(growth(share_of_associates, 1)) * abs(revenue) * 0.5","Công thức này đo lường mức độ tăng trưởng lợi nhuận từ các công ty liên doanh/liên kết so với mức trung bình của toàn thị trường, được điều chỉnh theo quy mô doanh thu. Lợi suất cao khi mức tăng trưởng lợi nhuận của các liên kết cao hơn mức trung bình thị trường.",line_item,"share_of_associates, revenue",False,True,,,"(0.5*abs(revenue)*zscore(growth(share_of_associates,1)))",5,2,True,True,False
gemma4-e2b-plecpu,1,F1-010,F1,P15-CTD17-associates,False,1,strict,investments_to_equity_ratio_delta,"delta(equity, 1) * safe_div(investments_associates, total_assets)","Đo lường sự thay đổi tương đối của vốn chủ sở hữu so với tổng tài sản, đồng thời xem xét mức độ đầu tư vào liên doanh. Sự thay đổi tích cực của tỷ lệ này cho thấy sự gia tăng giá trị liên quan đến các khoản đầu tư liên kết.",line_item,"equity, investments_associates, total_assets",False,True,,,"(delta(equity,1)*safe_div(investments_associates,total_assets))",3,3,True,True,False
gemma4-e2b-plecpu,1,F1-010,F1,P15-CTD17-associates,False,2,strict,minority_interest_lag_zscore,"rank(minority_interest) * lag(minority_interest, 2)",Công thức này sử dụng sự xếp hạng của lợi ích cổ đông không kiểm soát (minority_interest) và so sánh nó với giá trị của nó trong quá khứ. Điều này giúp xác định các cổ phiếu có xu hướng tích lũy hoặc phục hồi giá trị liên quan đến cấu trúc sở hữu liên kết.,line_item,minority_interest,False,True,,,"(lag(minority_interest,2)*rank(minority_interest))",3,1,True,True,False
gemma4-e2b-plecpu,1,F2-015,F2,P15-CTD17-associates,False,0,strict,associates_profit_growth_zscore,"zscore(growth(share_of_associates, 1))","Công thức này đo lường mức độ biến động (tăng trưởng) của phần lãi lỗ từ các công ty liên kết trong kỳ so với mức trung bình của toàn thị trường, giúp xác định các cổ phiếu có tiềm năng lợi nhuận từ liên kết cao.",line_item,Phần lợi nhuận từ các công ty liên kết trong năm,False,True,,,"zscore(growth(share_of_associates,1))",3,1,True,True,False
gemma4-e2b-plecpu,1,F2-015,F2,P15-CTD17-associates,False,1,strict,investments_associates_growth_lag_zscore,"zscore(growth(share_of_associates, 1), lag(share_of_associates, 1))","Đo lường sự tăng trưởng của phần lãi lỗ từ các công ty liên kết trong kỳ so với kỳ trước đó, sau đó chuẩn hóa bằng z-score, nhằm tìm các cổ phiếu có xu hướng tăng trưởng lợi nhuận liên kết liên tục.",line_item,Phần lợi nhuận từ các công ty liên kết trong năm,False,False,bad_arity:zscore,,"zscore(growth(share_of_associates,1),lag(share_of_associates,1))",3,1,False,True,False
gemma4-e2b-plecpu,1,F2-015,F2,P15-CTD17-associates,False,2,strict,net_income_vs_total_assets_ratio,"rank(net_income_parent * safe_div(total_assets, investments_associates))","Công thức này tạo ra một chỉ số dựa trên tỷ lệ lợi nhuận sau thuế của công ty mẹ so với tổng tài sản, được điều chỉnh bằng mức độ đầu tư vào công ty liên kết, nhằm xếp hạng các cổ phiếu có hiệu quả sinh lời cao từ hoạt động kinh doanh cốt lõi.",note,Lợi nhuận sau thuế của cổ đông công ty mẹ,False,True,,,"rank((net_income_parent*safe_div(total_assets,investments_associates)))",4,3,True,False,False
gemma4-e2b-plecpu,1,F3-012,F3,P15-CTD17-associates,False,0,strict,associates_profit_ratio,"safe_div(share_of_associates, net_income_parent)",Tỷ lệ lợi nhuận từ các công ty liên kết so với lợi nhuận sau thuế của công ty mẹ cho thấy mức độ phụ thuộc và hiệu quả của mô hình liên doanh.,line_item,"share_of_associates, net_income_parent",False,True,,,"safe_div(share_of_associates,net_income_parent)",2,2,True,False,False
gemma4-e2b-plecpu,1,F3-012,F3,P15-CTD17-associates,False,1,strict,investment_return_growth,"growth(long_term_investments, 2)","Tốc độ tăng trưởng của khoản đầu tư dài hạn phản ánh sự gia tăng giá trị của các tài sản liên quan, có thể là tín hiệu tích cực cho lợi suất.",line_item,long_term_investments,False,True,,,"growth(long_term_investments,2)",2,1,True,True,False
gemma4-e2b-plecpu,1,F3-012,F3,P15-CTD17-associates,False,2,strict,minority_interest_ratio,"safe_div(minority_interest, total_assets)",Tỷ lệ lợi ích cổ đông không kiểm soát so với tổng tài sản cho thấy mức độ rủi ro và mức độ tham gia vào các cấu trúc liên kết.,note,Đầu tư vào các công ty liên kết | 227.204.788.931 | 194.783.616.306,True,True,,,"safe_div(minority_interest,total_assets)",2,2,True,False,False
gemma4-e2b-plecpu,1,F4-010,F4,P15-CTD17-associates,False,0,strict,associate_profit_growth,"growth(share_of_associates, 2)",Tốc độ tăng trưởng lợi nhuận từ liên doanh là chỉ báo quan trọng về hiệu quả kinh doanh của các liên kết.,line_item,share_of_associates,False,True,,,"growth(share_of_associates,2)",2,1,True,True,False
gemma4-e2b-plecpu,1,F4-010,F4,P15-CTD17-associates,False,1,strict,long_term_invest_volatility,"std(long_term_investments, 4)",Biến động của các khoản đầu tư dài hạn phản ánh mức độ rủi ro và sự biến động của danh mục đầu tư.,line_item,long_term_investments,False,True,,,"std(long_term_investments,4)",2,1,False,True,False
gemma4-e2b-plecpu,1,F4-010,F4,P15-CTD17-associates,False,2,strict,revenue_vs_equity_ratio,"abs(revenue, equity)",Tỷ lệ giữa doanh thu và vốn chủ sở hữu cho thấy khả năng tạo ra dòng tiền từ hoạt động kinh doanh cốt lõi.,line_item,"revenue, equity",False,False,bad_arity:abs,,"abs(revenue,equity)",2,2,False,False,False
gemma4-e2b-plecpu,1,F1-011,F1,P16-PVT17-associates,False,0,strict,share_of_associates_growth_zscore,"zscore(growth(share_of_associates, 4)) * abs(growth(revenue, 4))","Công thức này đo lường mức độ tăng trưởng của phần lãi lỗ từ công ty liên doanh/liên kết so với mức tăng trưởng doanh thu trong kỳ. Tỷ lệ cao cho thấy sự tăng trưởng mạnh mẽ của các hoạt động liên kết, dự kiến mang lại lợi suất cao hơn.",line_item,"share_of_associates, revenue",False,True,,,"(abs(growth(revenue,4))*zscore(growth(share_of_associates,4)))",4,2,True,True,False
gemma4-e2b-plecpu,1,F1-011,F1,P16-PVT17-associates,False,1,strict,investments_associates_to_equity_ratio_lag,"lag(investments_associates, 2) safe_div(equity, total_assets)","Đo lường tỷ lệ giữa khoản đầu tư vào công ty liên doanh/liên kết và vốn chủ sở hữu. Tỷ lệ này cho thấy mức độ rủi ro và sự phụ thuộc của công ty vào các liên kết, ảnh hưởng đến sự ổn định lợi nhuận.",line_item,"investments_associates, equity, total_assets",False,False,syntax_error,,,,,False,True,False
gemma4-e2b-plecpu,1,F1-011,F1,P16-PVT17-associates,False,2,strict,net_income_parent_vs_share_of_associates_delta,"delta(net_income_parent, 4) - delta(share_of_associates, 4)","Công thức này so sánh sự thay đổi của lợi nhuận sau thuế của công ty mẹ với sự thay đổi của phần lãi lỗ từ công ty liên doanh/liên kết. Sự chênh lệch dương cho thấy hiệu quả hoạt động của các liên kết đang cải thiện so với kỳ trước, là tín hiệu tích cực cho lợi suất.",line_item,"net_income_parent, share_of_associates",False,True,,,"(delta(net_income_parent,4)-delta(share_of_associates,4))",3,2,False,True,False
gemma4-e2b-plecpu,1,F2-016,F2,P16-PVT17-associates,False,0,strict,return_on_associate_profit_growth,"growth(share_of_associates, 1) * safe_div(net_income, total_assets)","Công thức này đo lường mức độ tăng trưởng lợi nhuận từ các công ty liên kết so với tổng tài sản, phản ánh hiệu quả hoạt động của mảng kinh doanh cốt lõi.",line_item,Lợi nhuận thuần từ khoản đầu tư vào công ty liên kết,False,True,,,"(growth(share_of_associates,1)*safe_div(net_income,total_assets))",3,3,True,True,False
gemma4-e2b-plecpu,1,F2-016,F2,P16-PVT17-associates,False,1,strict,return_on_associate_share_profit_ratio,"share_of_associates * safe_div(net_income, total_assets)","Đo lường tỷ lệ đóng góp của lợi nhuận từ công ty liên kết vào lợi nhuận sau thuế của công ty mẹ, cho thấy mức độ phụ thuộc và đóng góp của mảng liên kết.",line_item,"Phần lãi lỗ trong công ty liên doanh, liên kết",False,True,,,"(safe_div(net_income,total_assets)*share_of_associates)",3,3,True,False,False
gemma4-e2b-plecpu,1,F2-016,F2,P16-PVT17-associates,False,2,strict,return_on_associate_profit_lag_zscore,"rank(share_of_associates, 1) * zscore(net_income, 1)","Công thức này xếp hạng dựa trên mức độ biến động của phần lãi lỗ từ liên kết so với mức độ biến động của lợi nhuận sau thuế chung, giúp xác định các cổ phiếu có tính ổn định hoặc biến động cao trong mảng liên kết.",note,Lợi nhuận sau thuế,True,False,bad_arity:rank|bad_arity:zscore,,"(rank(share_of_associates,1)*zscore(net_income,1))",3,2,False,False,False
gemma4-e2b-plecpu,1,F3-013,F3,P16-PVT17-associates,False,0,strict,return_on_associates_share,"growth(share_of_associates, 1)","Tỷ lệ tăng trưởng lợi nhuận từ các công ty liên kết là chỉ báo trực tiếp về hiệu quả của mô hình liên doanh, ảnh hưởng mạnh đến lợi suất cổ phiếu.",line_item,share_of_associates,False,True,,,"growth(share_of_associates,1)",2,1,True,True,False
gemma4-e2b-plecpu,1,F3-013,F3,P16-PVT17-associates,False,1,strict,net_income_vs_total_assets_ratio,"safe_div(net_income, total_assets)","Tỷ lệ lợi nhuận sau thuế trên tổng tài sản thể hiện hiệu quả sử dụng tài sản tổng thể của doanh nghiệp, là thước đo cơ bản về khả năng sinh lời.",note,Tài sản thuần 532.075.879.594,False,True,,,"safe_div(net_income,total_assets)",2,2,True,False,False
gemma4-e2b-plecpu,1,F3-013,F3,P16-PVT17-associates,False,2,strict,cfi_to_net_income_ratio,"safe_div(cfi, net_income)","Lưu chuyển tiền thuần từ hoạt động đầu tư (CFI) so với lợi nhuận sau thuế cho thấy chất lượng của dòng tiền tạo ra, là yếu tố quan trọng cho lợi suất.",line_item,"cfi, net_income",False,True,,,"safe_div(cfi,net_income)",2,2,True,False,False
gemma4-e2b-plecpu,1,F1-012,F1,P17-NTP17-related_party,False,0,strict,short_term_receivable_to_total_assets_ratio_lag1,"abs(short_term_receivables / total_assets) * lag(short_term_receivables / total_assets, 1)","Đo lường mức độ phụ thuộc vào tài sản ngắn hạn trong kỳ trước, cho thấy rủi ro thanh khoản. Tỷ lệ cao có thể báo hiệu áp lực thanh khoản trong quý tiếp theo.",line_item,"short_term_receivables, total_assets",False,False,raw_division,,"(abs((short_term_receivables/total_assets))*lag((short_term_receivables/total_assets),1))",4,2,False,True,False
gemma4-e2b-plecpu,1,F1-012,F1,P17-NTP17-related_party,False,1,strict,related_party_disclosed_zscore_revenue,"zscore(related_party_disclosed) * growth(revenue, 1)","Đánh giá mức độ quan tâm của thị trường đến các giao dịch với bên liên quan so với mức trung bình chung, kết hợp với tốc độ tăng trưởng doanh thu để xem liệu các giao dịch này có đi kèm với sự tăng trưởng doanh thu hay không.",line_item,"related_party_disclosed, revenue",False,True,,,"(growth(revenue,1)*zscore(related_party_disclosed))",3,2,True,True,True
gemma4-e2b-plecpu,1,F1-012,F1,P17-NTP17-related_party,False,2,strict,payables_suppliers_to_equity_ratio_delta1,"safe_div(payables_suppliers / equity) * delta(payables_suppliers / equity, 1)","Đo lường mức độ sử dụng đòn bẩy (nợ) trong hoạt động kinh doanh, so sánh với vốn chủ sở hữu. Sự thay đổi (delta) cho thấy sự biến động trong cấu trúc vốn, ảnh hưởng đến khả năng chi trả trong tương lai.",line_item,"payables_suppliers, equity",False,False,bad_arity:safe_div|raw_division,,"(delta((payables_suppliers/equity),1)*safe_div((payables_suppliers/equity)))",4,2,False,True,False
gemma4-e2b-plecpu,1,F2-017,F2,P17-NTP17-related_party,False,0,strict,related_party_transaction_ratio,abs(revenue) safe_div(total_assets) * related_party_disclosed,"Công thức này đo lường mức độ giao dịch trong kỳ (revenue) so với tổng tài sản, được điều chỉnh bởi mức độ liên quan của các bên liên quan. Tỷ lệ cao có thể chỉ ra rủi ro từ các giao dịch liên quan.",note,Danh sách các bên liên quan có giao dịch và số dư chủ yếu trong năm,True,False,syntax_error,,,,,False,False,False
gemma4-e2b-plecpu,1,F2-017,F2,P17-NTP17-related_party,False,1,strict,short_term_liquidity_ratio,short_term_receivables safe_div(payables_suppliers),"Tỷ lệ này đánh giá khả năng thanh khoản ngắn hạn của doanh nghiệp. Tỷ lệ cao cho thấy khả năng chuyển đổi tài sản ngắn hạn thành tiền mặt nhanh chóng, có lợi cho lợi suất.",line_item,"short_term_receivables: Các khoản phải thu ngắn hạn [VND, số dư cuối kỳ]",False,False,syntax_error,,,,,False,False,False
gemma4-e2b-plecpu,1,F2-017,F2,P17-NTP17-related_party,False,2,strict,net_income_to_revenue_ratio,net_income safe_div(revenue),Đo lường hiệu quả hoạt động cốt lõi bằng cách so sánh lợi nhuận sau thuế với doanh thu. Tỷ lệ cao cho thấy khả năng sinh lời tốt từ hoạt động kinh doanh chính.,line_item,"net_income: Lợi nhuận sau thuế thu nhập doanh nghiệp [VND, phát sinh trong kỳ]",False,False,syntax_error,,,,,False,False,False
gemma4-e2b-plecpu,1,F3-014,F3,P17-NTP17-related_party,False,0,strict,related_party_exposure_ratio,abs(related_party_disclosed) * (short_term_receivables + payables_suppliers),"Tỷ lệ giao dịch với bên liên quan (related_party_disclosed) nhân với tổng các khoản phải thu và phải trả ngắn hạn cho thấy mức độ phụ thuộc vào các giao dịch bên ngoài, có thể là rủi ro hoặc cơ hội trong kỳ.",line_item,"related_party_disclosed, short_term_receivables, payables_suppliers",False,True,,,((payables_suppliers+short_term_receivables)*abs(related_party_disclosed)),3,3,False,False,True
gemma4-e2b-plecpu,1,F3-014,F3,P17-NTP17-related_party,False,1,strict,related_party_to_revenue_ratio,"safe_div(revenue, related_party_disclosed)","Tỷ lệ doanh thu so với giao dịch liên quan cho thấy mức độ doanh thu được tạo ra thông qua các đối tác liên quan, ảnh hưởng đến tính bền vững của doanh thu.",note,"Trong năm, Công ty có các giao dịch chủ yếu với các bên liên quan",True,True,,,"safe_div(revenue,related_party_disclosed)",2,2,True,False,True
gemma4-e2b-plecpu,1,F3-014,F3,P17-NTP17-related_party,False,2,strict,liquidity_to_related_exposure,"safe_div(short_term_receivables + prepaid_to_suppliers, related_party_disclosed)",Tỷ lệ tài sản ngắn hạn (dòng tiền) so với mức độ giao dịch liên quan đo lường khả năng thanh khoản để đối phó với các nghĩa vụ/quyền lợi liên quan.,note,Số dư chủ yếu với các bên liên quan tại ngày kết thúc năm tài chính,True,True,,,"safe_div((prepaid_to_suppliers+short_term_receivables),related_party_disclosed)",3,3,True,False,True
gemma4-e2b-plecpu,1,F2-018,F2,P18-MWG24-related_party,False,0,strict,related_party_exposure_ratio,"abs(related_party_disclosed) * safe_div(revenue, total_assets)","Công thức này đo lường mức độ phụ thuộc của doanh nghiệp vào các giao dịch với bên liên quan so với quy mô tài sản, cho thấy rủi ro từ các mối quan hệ này.",line_item,Danh sách các giao dịch trọng yếu của Công ty với các bên liên quan trong năm nay,False,True,,,"(abs(related_party_disclosed)*safe_div(revenue,total_assets))",3,3,True,False,True
gemma4-e2b-plecpu,1,F2-018,F2,P18-MWG24-related_party,False,1,strict,profit_to_related_party_ratio,"net_income * safe_div(related_party_disclosed, revenue)","Đo lường mức độ lợi nhuận được tạo ra có liên quan đến các bên liên quan, cho thấy chất lượng lợi nhuận từ các giao dịch này.",note,Thu nhập của các thành viên của Hội đồng Quản trị và Tổng Giám đốc,True,True,,,"(net_income*safe_div(related_party_disclosed,revenue))",3,3,True,False,True
gemma4-e2b-plecpu,1,F2-018,F2,P18-MWG24-related_party,False,2,strict,short_term_receivable_to_equity_ratio,"short_term_receivables * safe_div(equity, total_assets)","Đo lường mức độ rủi ro thanh khoản ngắn hạn (phải thu) so với cơ cấu vốn chủ sở hữu, là một chỉ báo về áp lực thanh khoản.",line_item,"short_term_receivables, equity, total_assets",False,True,,,"(safe_div(equity,total_assets)*short_term_receivables)",3,3,True,False,False
gemma4-e2b-plecpu,1,F4-011,F4,P18-MWG24-related_party,False,0,strict,short_term_receivable_ratio,"zscore(short_term_receivables, 4)",Tỷ lệ phải thu ngắn hạn chuẩn hóa giúp đánh giá mức độ rủi ro thanh khoản của doanh nghiệp.,line_item,short_term_receivables,False,False,bad_arity:zscore,,"zscore(short_term_receivables,4)",2,1,False,False,False
gemma4-e2b-plecpu,1,F4-011,F4,P18-MWG24-related_party,False,1,strict,profit_volatility_ratio,"std(net_income, 2) * log(revenue)",Biến động lợi nhuận so với doanh thu cho thấy sự không ổn định của kết quả kinh doanh trong quý.,line_item,"net_income, revenue",False,True,,,"(log(revenue)*std(net_income,2))",3,2,True,True,False
gemma4-e2b-plecpu,1,F4-011,F4,P18-MWG24-related_party,False,2,strict,related_party_exposure,"abs(related_party_disclosed) * zscore(market_cap, 4)",Mức độ giao dịch với bên liên quan được chuẩn hóa theo vốn hóa thị trường để đo lường rủi ro quản trị.,line_item,"related_party_disclosed, market_cap",False,False,bad_arity:zscore,,"(abs(related_party_disclosed)*zscore(market_cap,4))",3,2,False,False,True
gemma4-e2b-plecpu,1,F1-013,F1,P19-GAS17-commitments,False,0,strict,contingent_liability_risk_zscore,zscore(contingent_liabilities_disclosed) * log(cash_and_equivalents),"Công thức này đo lường mức độ rủi ro tiềm tàng (contingent liabilities) được thể hiện trong thuyết minh, chuẩn hóa theo toàn thị trường, và nhân với tỷ lệ tiền mặt. Cổ phiếu có rủi ro tiềm tàng cao hơn so với mức trung bình và có lượng tiền mặt tương đối thấp sẽ được xếp hạng cao hơn.",line_item,"contingent_liabilities_disclosed, cash_and_equivalents",False,True,,,(log(cash_and_equivalents)*zscore(contingent_liabilities_disclosed)),3,2,True,False,True
gemma4-e2b-plecpu,1,F1-013,F1,P19-GAS17-commitments,False,1,strict,debt_to_asset_lag_growth,"growth(long_term_debt) * lag(total_liabilities, 1) / total_assets","Đo lường tốc độ tăng trưởng của nợ dài hạn so với tổng tài sản trong kỳ trước, sau đó chuẩn hóa theo mức độ rủi ro tổng thể. Tốc độ tăng trưởng nợ cao hơn so với mức trung bình sẽ chỉ ra áp lực tài chính trong tương lai.",line_item,"long_term_debt, total_liabilities, total_assets",False,False,raw_division|bad_arity:growth,,"((growth(long_term_debt)*lag(total_liabilities,1))/total_assets)",4,3,False,True,False
gemma4-e2b-plecpu,1,F1-013,F1,P19-GAS17-commitments,False,2,strict,cash_to_equity_delta,"delta(cash_and_equivalents, 1) - delta(equity, 1)","Công thức này so sánh sự thay đổi (delta) của dòng tiền mặt và vốn chủ sở hữu trong kỳ. Sự gia tăng của dòng tiền mặt so với vốn chủ sở hữu cho thấy khả năng thanh khoản và sức khỏe tài chính ngắn hạn tốt hơn, là yếu tố tích cực cho lợi suất.",line_item,"cash_and_equivalents, equity",False,True,,,"(delta(cash_and_equivalents,1)-delta(equity,1))",3,2,False,True,False
gemma4-e2b-plecpu,1,F2-019,F2,P19-GAS17-commitments,False,0,strict,contingent_liability_exposure_ratio,"abs(contingent_liabilities_disclosed) * safe_div(total_assets, cash_and_equivalents)","Công thức này đo lường mức độ rủi ro tiềm tàng (cam kết/nợ tiềm tàng) so với tổng tài sản, cho thấy mức độ phụ thuộc của doanh nghiệp vào các nghĩa vụ chưa được ghi nhận. Tỷ lệ cao cho thấy rủi ro tài chính cao hơn.",line_item,39. CÁC KHOÀN CAM KẾT,False,True,,,"(abs(contingent_liabilities_disclosed)*safe_div(total_assets,cash_and_equivalents))",3,3,True,False,True
gemma4-e2b-plecpu,1,F2-019,F2,P19-GAS17-commitments,False,1,strict,construction_commitment_growth,"growth(construction_in_progress) * safe_div(revenue, construction_in_progress)","Đo lường tốc độ tăng trưởng của các dự án đang thực hiện (construction_in_progress) so với doanh thu, giúp đánh giá mức độ mở rộng hoạt động dựa trên các cam kết đầu tư.",note,Cam kết vốn liên quan tối một số dự án đầu tư xây dựng cơ bản lớn đang thực hiện chưa hoàn thành sau,True,False,bad_arity:growth,,"(growth(construction_in_progress)*safe_div(revenue,construction_in_progress))",3,2,False,True,False
gemma4-e2b-plecpu,1,F2-019,F2,P19-GAS17-commitments,False,2,strict,cash_flow_to_liability_ratio,"safe_div(cfo, total_liabilities) * log(cash_and_equivalents)","Đánh giá khả năng thanh toán bằng dòng tiền thuần so với tổng nợ phải trả, được điều chỉnh bằng mức độ tiền mặt hiện có. Tỷ lệ cao cho thấy khả năng xoay vòng vốn tốt hơn.",line_item,"cfo, total_liabilities, cash_and_equivalents",False,True,,,"(log(cash_and_equivalents)*safe_div(cfo,total_liabilities))",3,3,True,False,False
gemma4-e2b-plecpu,1,F3-015,F3,P19-GAS17-commitments,False,0,strict,contingent_liability_exposure,"abs(contingent_liabilities_disclosed) * growth(revenue, 1)","Mức độ cam kết tiềm tàng (contingent_liabilities_disclosed) càng lớn so với doanh thu trong kỳ càng cho thấy rủi ro tài chính chưa được định giá đầy đủ, ảnh hưởng tiêu cực đến lợi suất.",line_item,"contingent_liabilities_disclosed, revenue",False,True,,,"(abs(contingent_liabilities_disclosed)*growth(revenue,1))",3,2,True,True,True
gemma4-e2b-plecpu,1,F3-015,F3,P19-GAS17-commitments,False,1,strict,capex_to_assets_ratio,"safe_div(capex, construction_in_progress)","Tỷ lệ chi tiêu cho tài sản cố định so với tài sản dở dang cho thấy mức độ tái đầu tư vào cơ sở hạ tầng, có thể là tín hiệu cho sự tăng trưởng trong tương lai.",line_item,"capex, construction_in_progress",False,True,,,"safe_div(capex,construction_in_progress)",2,2,True,False,False
gemma4-e2b-plecpu,1,F3-015,F3,P19-GAS17-commitments,False,2,strict,cam_ket_revenue_growth,"growth(revenue, 1)",Tốc độ tăng trưởng doanh thu liên quan đến các cam kết bán hàng (cam kết bán hàng) là chỉ báo quan trọng về khả năng tạo ra dòng tiền ổn định trong tương lai.,note,Cam kết bán hàng | Sản lượng cam kết | Thời gian cam kết,True,False,duplicate,,"growth(revenue,1)",2,1,False,True,False
gemma4-e2b-plecpu,1,F4-012,F4,P19-GAS17-commitments,False,0,recovered,contingent_risk_exposure,"abs(contingent_liabilities_disclosed) * safe_div(1 + cash_and_equivalents, total_assets)","Tỷ lệ nợ tiềm tàng so với tài sản cho thấy rủi ro tài chính tiềm ẩn, ảnh hưởng tiêu cực đến lợi suất.",line_item,"contingent_liabilities_disclosed, cash_and_equivalents, total_assets",False,True,,,"(abs(contingent_liabilities_disclosed)*safe_div((1+cash_and_equivalents),total_assets))",4,3,True,False,True
gemma4-e2b-plecpu,1,F4-012,F4,P19-GAS17-commitments,False,1,recovered,cash_flow_momentum,"growth(cfo, 2) * log(revenue)",Lưu chuyển tiền thuần tăng trưởng nhanh kết hợp với doanh thu cho thấy động lực tích cực cho giá cổ phiếu.,line_item,"cfo, revenue",False,True,,,"(growth(cfo,2)*log(revenue))",3,2,True,True,False
gemma4-e2b-plecpu,1,F4-012,F4,P19-GAS17-commitments,False,2,recovered,balance_sheet_health,zscore(equity) - zscore(total_liabilities),"Chỉ số này đo lường sức khỏe cơ cấu vốn, sự chênh lệch giữa vốn chủ sở hữu và nợ phải trả.",line_item,"equity, total_liabilities",False,True,,,(zscore(equity)-zscore(total_liabilities)),3,2,True,False,False
gemma4-e2b-plecpu,1,F1-014,F1,P20-VNM24-segment,False,0,strict,revenue_profit_ratio_lag_1,"growth(gross_profit, 1) * zscore(gross_profit)","Công thức này đo lường tốc độ tăng trưởng lợi nhuận gộp trong quý trước so với mức trung bình của toàn thị trường, giúp xác định các doanh nghiệp có đà tăng trưởng lợi nhuận mạnh mẽ.",line_item,"gross_profit, growth, zscore",False,True,,,"(growth(gross_profit,1)*zscore(gross_profit))",3,1,True,True,False
gemma4-e2b-plecpu,1,F1-014,F1,P20-VNM24-segment,False,1,strict,operating_profit_vs_revenue_ratio_lag_2,"abs(revenue - lag(revenue, 2)) safe_div(gross_profit, revenue) * zscore(operating_profit)","Đo lường hiệu quả chuyển đổi doanh thu thành lợi nhuận hoạt động trong hai quý trước, chuẩn hóa theo lợi nhuận hoạt động, giúp tìm các doanh nghiệp có biên lợi nhuận hoạt động ổn định.",line_item,"revenue, gross_profit, operating_profit, lag, safe_div, zscore",False,False,syntax_error,,,,,False,True,False
gemma4-e2b-plecpu,1,F1-014,F1,P20-VNM24-segment,False,2,strict,gross_profit_momentum_zscore,"zscore(gross_profit) * lag(gross_profit, 1)","Công thức này tập trung vào động lượng của lợi nhuận gộp, đo lường mức độ mà lợi nhuận gộp của quý hiện tại cao hơn so với mức trung bình của toàn thị trường, dự đoán khả năng duy trì hiệu suất.",line_item,"gross_profit, zscore, lag",False,True,,,"(lag(gross_profit,1)*zscore(gross_profit))",3,1,True,True,False
gemma4-e2b-plecpu,1,F2-020,F2,P20-VNM24-segment,False,0,strict,revenue_profit_ratio_zscore,zscore(gross_profit) * log(gross_revenue),"Công thức này đo lường mức độ hiệu quả chuyển đổi doanh thu thành lợi nhuận gộp, được chuẩn hóa theo lát cắt ngang thị trường. Lợi suất cao cho thấy khả năng quản lý chi phí và định giá sản phẩm tốt hơn.",line_item,Doanh thu thuầnGiá vốn hàng bán và dịch vụ cung cấp,False,True,,,(log(gross_revenue)*zscore(gross_profit)),3,2,True,False,False
gemma4-e2b-plecpu,1,F2-020,F2,P20-VNM24-segment,False,1,strict,segment_profit_growth_lag,"growth(gross_profit, 1) * lag(gross_profit, 2)","Đo lường sự tăng trưởng của lợi nhuận gộp theo thời gian, so sánh mức tăng trưởng gần đây với mức tăng trưởng xa hơn. Điều này giúp xác định các chu kỳ tăng trưởng lợi nhuận bền vững.",note,Kết quả của bộ phận bao gồm các khoản mục phân bổ trực tiếp cho một bộ phận cũng như phân bổ cho các bộ phận theo một cơ sở hợp lý.,True,True,,,"(growth(gross_profit,1)*lag(gross_profit,2))",3,1,True,True,False
gemma4-e2b-plecpu,1,F2-020,F2,P20-VNM24-segment,False,2,strict,gross_profit_zscore_lag,"zscore(gross_profit, 4) * lag(gross_profit, 1)",Công thức này sử dụng lợi nhuận gộp đã được chuẩn hóa để đánh giá hiệu suất ngắn hạn. Lợi suất cao cho thấy sự biến động lợi nhuận tích cực trong kỳ gần nhất.,line_item,gross_profit,False,False,bad_arity:zscore,,"(lag(gross_profit,1)*zscore(gross_profit,4))",3,1,False,True,False
gemma4-e2b-plecpu,1,F3-016,F3,P20-VNM24-segment,False,0,strict,segment_profit_ratio_quarterly,rank(gross_profit / revenue),"Xếp hạng dựa trên biên lợi nhuận gộp (gross_profit/revenue) trong kỳ, phản ánh hiệu quả hoạt động cốt lõi của doanh nghiệp.",line_item,"gross_profit, revenue",False,False,raw_division,,rank((gross_profit/revenue)),3,2,False,False,False
gemma4-e2b-plecpu,1,F3-016,F3,P20-VNM24-segment,False,1,strict,geographic_revenue_growth_zscore,"zscore(growth(revenue, 4))","Đo lường sự biến động của tốc độ tăng trưởng doanh thu theo quý, giúp xác định các quý có sự tăng trưởng bất thường so với mức trung bình.",note,Doanh thu của bộ phận được trình bày dựa vào vị trí địa lý của khách hàng tại Việt Nam”,False,True,,,"zscore(growth(revenue,4))",3,1,True,True,False
gemma4-e2b-plecpu,1,F3-016,F3,P20-VNM24-segment,False,2,strict,operating_profit_to_revenue_ratio,safe_div(operating_profit / revenue),"Tỷ lệ lợi nhuận thuần từ hoạt động kinh doanh trên doanh thu cho thấy khả năng sinh lời sau khi trừ đi chi phí hoạt động, là chỉ số quan trọng về hiệu quả kinh doanh.",line_item,"operating_profit, revenue",False,False,bad_arity:safe_div|raw_division,,safe_div((operating_profit/revenue)),3,2,False,False,False
gemma4-e2b-plecpu,1,F2-021,F2,P21-PC124-segment,False,0,strict,revenue_profit_ratio_zscore,zscore(gross_profit) * zscore(revenue),"Công thức này đo lường mức độ hiệu quả chuyển đổi doanh thu thành lợi nhuận trong kỳ. Điểm cao cho thấy khả năng quản lý chi phí và định giá tốt hơn, dự kiến có lợi suất cao hơn.",line_item,Kết quả kinh doanh của bộ phân,False,True,,,(zscore(gross_profit)*zscore(revenue)),3,2,True,False,False
gemma4-e2b-plecpu,1,F2-021,F2,P21-PC124-segment,False,1,strict,segment_revenue_growth_lag_zscore,"growth(revenue, 1) * rank(segment_disclosed)",Công thức này tập trung vào tốc độ tăng trưởng doanh thu của các bộ phận khác nhau trong quý trước và so sánh nó với mức độ phân tách hoạt động của doanh nghiệp. Tăng trưởng mạnh trong bộ phận có thể là tín hiệu tích cực.,note,"Doanh thu, chi phí và kết quả kinh doanh của các bộ phận bao gồm các giao dịch giữa các bộ phận này",False,True,,,"(growth(revenue,1)*rank(segment_disclosed))",3,2,True,True,True
gemma4-e2b-plecpu,1,F2-021,F2,P21-PC124-segment,False,2,strict,gross_profit_lag_zscore_segment,"lag(gross_profit, 1) * zscore(gross_profit)",Công thức này sử dụng lợi nhuận gộp của kỳ trước để dự đoán hiệu suất lợi nhuận trong kỳ hiện tại. Lợi nhuận gộp cao trong quá khứ thường là yếu tố dự báo tốt cho hiệu suất trong tương lai.,line_item,gross_profit,False,False,duplicate,,"(lag(gross_profit,1)*zscore(gross_profit))",3,1,False,True,False
gemma4-e2b-plecpu,1,F4-013,F4,P21-PC124-segment,False,0,strict,profit_margin_momentum,"growth(gross_profit, 1) * zscore(gross_profit, 4)",Tốc độ tăng lợi nhuận gộp trong quý trước có thể dự báo xu hướng lợi nhuận trong quý tới.,line_item,gross_profit,False,False,bad_arity:zscore,,"(growth(gross_profit,1)*zscore(gross_profit,4))",3,1,False,True,False
gemma4-e2b-plecpu,1,F4-013,F4,P21-PC124-segment,False,1,strict,revenue_vs_cost_lag,"safe_div(gross_revenue, cogs) * lag(gross_revenue, 1)",Tỷ lệ biên lợi nhuận gộp trong kỳ hiện tại so với kỳ trước giúp đánh giá hiệu quả hoạt động cốt lõi.,line_item,"gross_revenue, cogs",False,True,,,"(lag(gross_revenue,1)*safe_div(gross_revenue,cogs))",3,2,True,True,False
gemma4-e2b-plecpu,1,F4-013,F4,P21-PC124-segment,False,2,strict,operating_profit_mean_rank,"rank(operating_profit) * mean(operating_profit, 2)",Xếp hạng lợi nhuận thuần từ hoạt động kinh doanh so với mức trung bình giúp tìm các quý có hiệu suất vượt trội.,line_item,operating_profit,False,True,,,"(mean(operating_profit,2)*rank(operating_profit))",3,1,True,True,False
gemma4-e2b-plecpu,1,F2-022,F2,P22-PNJ17-tax,False,0,strict,tax_expense_ratio_lag_1,"abs(current_tax_expense lag(current_tax_expense, 1)) safe_div(revenue, total_assets)","Công thức này đo lường mức độ biến động của chi phí thuế TNDN hiện hành so với doanh thu trong kỳ trước, sau đó chuẩn hóa bằng tổng tài sản. Tỷ lệ này có thể phản ánh chất lượng lợi nhuận và áp lực thuế trong kỳ.",line_item,Chi phí thuế thu nhập doanh nghiệp tính trên thu nhập tính thuế năm hiện hành,False,False,syntax_error,,,,,False,True,False
gemma4-e2b-plecpu,1,F2-022,F2,P22-PNJ17-tax,False,1,strict,tax_to_profit_ratio_zscore,"zscore(pretax_profit safe_div(current_tax_expense, pretax_profit))","Công thức này tính toán điểm Z-score của tỷ lệ thuế trên lợi nhuận trước thuế. Giá trị cao cho thấy mức độ thuế suất cao hơn so với các cổ phiếu khác trong cùng kỳ, gợi ý về chất lượng lợi nhuận.",note,Công ty có nghĩa vụ nộp thuê thu nhập doanh nghiệp theo tỷ lệ 20% (2016:20%) trên thu nhập tính thuế,True,False,syntax_error,,,,,False,False,False
gemma4-e2b-plecpu,1,F2-022,F2,P22-PNJ17-tax,False,2,strict,profit_to_tax_ratio_growth_2,"growth(net_income, current_tax_expense, 2)",Công thức này đo lường tốc độ thay đổi của tỷ lệ lợi nhuận sau thuế so với chi phí thuế TNDN trong hai quý gần nhất. Tốc độ tăng trưởng này có thể chỉ ra sự cải thiện hoặc suy giảm trong chất lượng lợi nhuận.,line_item,net_income,False,False,bad_arity:growth,,"growth(net_income,current_tax_expense,2)",2,2,False,True,False
gemma4-e2b-plecpu,1,F3-017,F3,P22-PNJ17-tax,False,0,strict,tax_expense_ratio_current,abs(current_tax_expense) / revenue,"Tỷ lệ chi phí thuế TNDN hiện hành trên doanh thu cho thấy gánh nặng thuế trực tiếp của hoạt động kinh doanh trong kỳ, ảnh hưởng đến lợi nhuận ròng.",line_item,"current_tax_expense, revenue",False,False,raw_division,,(abs(current_tax_expense)/revenue),3,2,False,False,False
gemma4-e2b-plecpu,1,F3-017,F3,P22-PNJ17-tax,False,1,strict,tax_to_profit_ratio,"safe_div(current_tax_expense, pretax_profit)","Tỷ lệ chi phí thuế so với lợi nhuận trước thuế đo lường mức độ thuế ăn mòn lợi nhuận, một chỉ báo quan trọng về chất lượng lợi nhuận.",line_item,"current_tax_expense, pretax_profit",False,True,,,"safe_div(current_tax_expense,pretax_profit)",2,2,True,False,False
gemma4-e2b-plecpu,1,F3-017,F3,P22-PNJ17-tax,False,2,strict,tax_expense_note,log(current_tax_expense),"Logarit của chi phí thuế TNDN thể hiện mức độ biến động hoặc mức độ 'đáng kể' của chi phí thuế trong kỳ, có thể là một đặc trưng của chất lượng lợi nhuận.",note,Công ty có nghĩa vụ nộp thuê thu nhập doanh nghiệp theo tỷ lệ 20% (2016:20%) trên thu nhập tính thuế,True,True,,,log(current_tax_expense),2,1,True,False,False
gemma4-e2b-plecpu,1,F1-015,F1,P23-VCB24-bank_loans,True,0,strict,credit_quality_vs_asset_size_ratio,"zscore(cfo, 4) * log(total_assets) * (1 - equity / total_assets)","Công thức này đo lường hiệu quả sử dụng tiền mặt (cfo) so với quy mô tài sản và mức độ đòn bẩy (equity/total_assets). Giá trị cao cho thấy khả năng tạo ra dòng tiền tốt hơn so với quy mô tài sản, có thể liên quan đến chất lượng danh mục.",line_item,"cfo, total_assets, equity",False,False,bad_arity:zscore|raw_division,,"((1-(equity/total_assets))*log(total_assets)*zscore(cfo,4))",4,3,False,False,False
gemma4-e2b-plecpu,1,F1-015,F1,P23-VCB24-bank_loans,True,1,strict,profit_to_asset_quality_score,rank(pretax_profit / total_assets) * abs(related_party_disclosed),"Đánh giá chất lượng lợi nhuận (pretax_profit) trên tổng tài sản, đồng thời phạt hoặc thưởng dựa trên mức độ minh bạch về giao dịch với bên liên quan. Lợi nhuận cao hơn trên tài sản và mức độ minh bạch cao hơn có thể chỉ ra chất lượng hoạt động tốt.",line_item,"pretax_profit, total_assets, related_party_disclosed",False,False,raw_division,,(abs(related_party_disclosed)*rank((pretax_profit/total_assets))),4,3,False,False,True
gemma4-e2b-plecpu,1,F1-015,F1,P23-VCB24-bank_loans,True,2,strict,liquidity_and_solvency_risk_factor,"mean(cff, 2) * (1 + contingent_liabilities_disclosed)",Công thức này kết hợp lưu chuyển tiền từ hoạt động tài chính (cff) với mức độ rủi ro tiềm tàng (contingent_liabilities_disclosed). Lưu chuyển tiền tốt hơn kết hợp với mức độ rủi ro tiềm tàng cao hơn có thể là tín hiệu của sự quản lý rủi ro tín dụng kém hiệu quả.,line_item,"cff, contingent_liabilities_disclosed",False,True,,,"((1+contingent_liabilities_disclosed)*mean(cff,2))",3,2,False,True,True
gemma4-e2b-plecpu,1,F2-023,F2,P23-VCB24-bank_loans,True,0,strict,loan_quality_vs_total_assets_lag_1,"zscore(lag(net_income, 1))","Đo lường sự biến động của lợi nhuận sau thuế trong quý trước, có thể phản ánh chất lượng hoạt động kinh doanh và khả năng tạo ra dòng tiền trong kỳ tiếp theo.",note,"net_income: Lợi nhuận sau thuế thu nhập doanh nghiệp [VND, phát sinh trong kỳ]",False,True,,,"zscore(lag(net_income,1))",3,1,True,True,False
gemma4-e2b-plecpu,1,F2-023,F2,P23-VCB24-bank_loans,True,1,strict,loan_provision_vs_total_assets_lag_2,"abs(lag(cfo, 2))","Phân tích sự thay đổi của dòng tiền thuần từ hoạt động kinh doanh trong hai quý trước, giúp đánh giá tính ổn định của dòng tiền, yếu tố quan trọng đối với ngân hàng.",line_item,"cfo: Lưu chuyển tiền thuần từ hoạt động kinh doanh [VND, phát sinh trong kỳ]",False,True,,,"abs(lag(cfo,2))",3,1,False,True,False
gemma4-e2b-plecpu,1,F2-023,F2,P23-VCB24-bank_loans,True,2,strict,related_party_risk_score,related_party_disclosed * zscore(close_price),"Cổ phiếu có mức độ minh bạch về giao dịch với bên liên quan cao hơn (related_party_disclosed) có thể mang lại rủi ro khác biệt, được điều chỉnh theo biến động giá cổ phiếu.",note,"related_party_disclosed: Có thuyết minh giao dịch với bên liên quan cờ từ thuyết minh, số lần nội dung này được nhắc tới",False,True,,,(related_party_disclosed*zscore(close_price)),3,2,True,False,True
gemma4-e2b-plecpu,1,F3-018,F3,P23-VCB24-bank_loans,True,0,strict,credit_quality_ratio_change,"delta(safe_div(net_income, total_assets), 4)","Tỷ suất lợi nhuận sau thuế trên tổng tài sản là thước đo hiệu quả hoạt động chung, có thể phản ánh chất lượng kinh doanh trong kỳ.",line_item,"net_income, total_assets",False,True,,,"delta(safe_div(net_income,total_assets),4)",3,2,True,True,False
gemma4-e2b-plecpu,1,F3-018,F3,P23-VCB24-bank_loans,True,1,strict,credit_provision_impact,abs(net_income - cfo),"Sự chênh lệch giữa lợi nhuận kế toán và dòng tiền thuần cho thấy mức độ chất lượng của lợi nhuận, ảnh hưởng đến khả năng tạo ra lợi nhuận bền vững.",line_item,"net_income, cfo",False,True,,,abs((net_income-cfo)),3,2,False,False,False
gemma4-e2b-plecpu,1,F3-018,F3,P23-VCB24-bank_loans,True,2,strict,financial_health_signal,zscore(cff),"Lưu chuyển tiền thuần từ hoạt động tài chính (cff) là chỉ báo về khả năng quản lý rủi ro và huy động vốn, ảnh hưởng đến sự ổn định của cổ phiếu.",note,cff,False,True,,,zscore(cff),2,1,True,False,False
gemma4-e2b-plecpu,1,F4-014,F4,P23-VCB24-bank_loans,True,0,strict,credit_quality_signal_1,"zscore(pretax_profit, 4)","Lợi nhuận trước thuế chuẩn hóa giúp đánh giá hiệu quả kinh doanh trong kỳ, tín hiệu tốt cho chất lượng danh mục.",line_item,pretax_profit,False,False,bad_arity:zscore,,"zscore(pretax_profit,4)",2,1,False,False,False
gemma4-e2b-plecpu,1,F4-014,F4,P23-VCB24-bank_loans,True,1,strict,credit_quality_signal_2,"abs(cfo, 2)","Dòng tiền thuần từ hoạt động kinh doanh tuyệt đối cho thấy khả năng tạo tiền mặt ổn định, quan trọng cho ngân hàng.",line_item,cfo,False,False,bad_arity:abs,,"abs(cfo,2)",2,1,False,False,False
gemma4-e2b-plecpu,1,F4-014,F4,P23-VCB24-bank_loans,True,2,strict,credit_quality_signal_3,rank(net_income),"Xếp hạng lợi nhuận sau thuế giúp xác định vị thế của doanh nghiệp trong kỳ, ảnh hưởng đến định giá.",line_item,net_income,False,True,,,rank(net_income),2,1,True,False,False
gemma4-e2b-plecpu,1,F1-016,F1,P24-SHB17-bank_loans,True,0,strict,credit_quality_vs_asset_size_ratio,"zscore(pretax_profit, k=4) * safe_div(total_assets, equity)","Công thức này đo lường hiệu quả sinh lời (lợi nhuận trước thuế) so với quy mô tài sản và vốn chủ sở hữu. Tỷ lệ này giúp đánh giá khả năng tạo ra lợi nhuận từ quy mô tài sản hiện có, một chỉ báo quan trọng về chất lượng hoạt động.",line_item,"pretax_profit, total_assets, equity",False,False,syntax_error:keyword,,,,,False,False,False
gemma4-e2b-plecpu,1,F1-016,F1,P24-SHB17-bank_loans,True,1,strict,risk_exposure_to_related_party_and_audit_risk,abs(related_party_disclosed) * (1 - audit_opinion_qualified),"Công thức này tập trung vào rủi ro quản trị và minh bạch. Tỷ lệ này định lượng mức độ rủi ro liên quan đến giao dịch với bên liên quan và rủi ro kiểm toán, những yếu tố tiêu cực ảnh hưởng đến niềm tin nhà đầu tư.",line_item,"related_party_disclosed, audit_opinion_qualified",False,True,,,((1-audit_opinion_qualified)*abs(related_party_disclosed)),3,2,True,False,True
gemma4-e2b-plecpu,1,F1-016,F1,P24-SHB17-bank_loans,True,2,strict,cash_flow_to_profit_ratio,"safe_div(cfo, pretax_profit)","Công thức này đánh giá khả năng chuyển đổi hoạt động kinh doanh thành dòng tiền. Tỷ lệ này cho thấy mức độ hiệu quả của việc tạo ra tiền mặt từ hoạt động cốt lõi, một yếu tố quan trọng đối với các ngân hàng.",line_item,"cfo, pretax_profit",False,True,,,"safe_div(cfo,pretax_profit)",2,2,True,False,False
gemma4-e2b-plecpu,1,F2-024,F2,P24-SHB17-bank_loans,True,0,strict,loan_quality_vs_total_loan_ratio,"abs(ratio(Nợ đủ tiêu chuẩn, total_loan_amount))","Tỷ lệ nợ đủ tiêu chuẩn so với tổng dư nợ cho vay là một chỉ báo trực tiếp về chất lượng danh mục tín dụng. Tỷ lệ cao cho thấy chất lượng danh mục tốt, dự báo lợi suất tích cực hơn.",note,Nợ đủ tiêu chuẩn 190.368.695 / 198.290.566,False,False,syntax_error,,,,,False,False,False
gemma4-e2b-plecpu,1,F2-024,F2,P24-SHB17-bank_loans,True,1,strict,loan_risk_to_equity_ratio,"ratio(Nợ có khả năng mất vốn, equity)","Tỷ lệ giữa các khoản nợ có khả năng mất vốn và vốn chủ sở hữu đo lường mức độ rủi ro tín dụng so với nguồn vốn của ngân hàng. Tỷ lệ này cao cho thấy rủi ro cao, có thể dẫn đến lợi suất tiêu cực.",line_item,Nợ có khả năng mất vốn 2.865.240 / equity,False,False,syntax_error,,,,,False,False,False
gemma4-e2b-plecpu,1,F2-024,F2,P24-SHB17-bank_loans,True,2,strict,loan_growth_vs_prev_period,"growth(Cho vay các tổ chức kinh tế, cá nhân, k=1)","Tốc độ tăng trưởng của dư nợ cho vay cho các tổ chức kinh tế, cá nhân trong quý trước là một chỉ báo về sự mở rộng của hoạt động cho vay. Tăng trưởng dương thường hỗ trợ cho lợi suất cổ phiếu.",line_item,"Cho vay các tổ chức kinh tế, cá nhân",False,False,syntax_error,,,,,False,True,False
gemma4-e2b-plecpu,1,F3-019,F3,P24-SHB17-bank_loans,True,0,strict,loan_quality_ratio_change,"delta(safe_div(Nợ đủ tiêu chuẩn, total_assets), 4)","Tỷ lệ nợ đủ tiêu chuẩn so với tổng tài sản là thước đo trực tiếp về chất lượng danh mục cho vay, sự gia tăng cho thấy chất lượng tài sản đang được cải thiện.",line_item,"Nợ đủ tiêu chuẩn, total_assets",False,False,syntax_error,,,,,False,True,False
gemma4-e2b-plecpu,1,F3-019,F3,P24-SHB17-bank_loans,True,1,strict,loan_to_total_assets_lag,"lag(safe_div(Nợ đủ tiêu chuẩn, total_assets), 1)",Sự thay đổi của tỷ lệ nợ đủ tiêu chuẩn qua các quý trước giúp đánh giá xu hướng chất lượng danh mục cho vay theo thời gian.,line_item,"Nợ đủ tiêu chuẩn, total_assets",False,False,syntax_error,,,,,False,True,False
gemma4-e2b-plecpu,1,F3-019,F3,P24-SHB17-bank_loans,True,2,strict,going_concern_flag_presence,abs(related_party_disclosed),"Sự hiện diện của thuyết minh về khả năng hoạt động liên tục (going concern) là tín hiệu cảnh báo rủi ro tiềm ẩn, ảnh hưởng tiêu cực đến lợi suất.",note,Thuyết minh có nêu nghi ngờ khả năng hoạt động liên tục,False,True,,,abs(related_party_disclosed),2,1,True,False,True
gemma4-e2b-plecpu,1,F1-017,F1,P25-BVS24-fin_assets,True,0,strict,cfo_to_equity_ratio_lag1,"abs(cfo(t-1)) safe_div(equity(t), total_assets(t))","Tỷ lệ CFO so với Vốn chủ sở hữu (sau khi lùi 1 quý) đo lường chất lượng dòng tiền hoạt động so với nguồn vốn chủ sở hữu. Tỷ lệ cao cho thấy khả năng tạo tiền mặt mạnh mẽ từ hoạt động kinh doanh, dự kiến hỗ trợ lợi suất.",line_item,"cfo, equity, total_assets",False,False,syntax_error,,,,,False,False,False
gemma4-e2b-plecpu,1,F1-017,F1,P25-BVS24-fin_assets,True,1,strict,net_income_growth_zscore_lag2,"zscore(growth(net_income, 2))",Sử dụng sự tăng trưởng lợi nhuận sau thuế trong 2 quý trước để đánh giá động lực tăng trưởng lợi nhuận. Lợi nhuận tăng trưởng ổn định thường là tín hiệu tích cực cho giá cổ phiếu.,line_item,net_income,False,True,,,"zscore(growth(net_income,2))",3,1,True,True,False
gemma4-e2b-plecpu,1,F1-017,F1,P25-BVS24-fin_assets,True,2,strict,related_party_risk_mean_lag1,"mean(related_party_disclosed, 1)","Đánh giá mức độ rủi ro từ các giao dịch với bên liên quan. Mức độ giao dịch liên quan cao có thể là tín hiệu cảnh báo rủi ro quản trị, ảnh hưởng tiêu cực đến lợi suất.",line_item,related_party_disclosed,False,True,,,"mean(related_party_disclosed,1)",2,1,True,True,True
gemma4-e2b-plecpu,1,F2-025,F2,P25-BVS24-fin_assets,True,0,strict,fvtpl_to_total_assets_ratio_growth,"growth(pretax_profit, 1) * safe_div(total_assets, equity)","Đo lường mức độ tăng trưởng lợi nhuận so với tổng tài sản, cho thấy hiệu quả sử dụng tài sản trong việc tạo ra lợi nhuận. Tỷ lệ cao có thể gợi ý về khả năng sinh lời tốt hơn trong quý tới.",note,TỔNG CỘNG | 387.193.800.471 | 416.563.567.584,True,True,,,"(growth(pretax_profit,1)*safe_div(total_assets,equity))",3,3,True,True,False
gemma4-e2b-plecpu,1,F2-025,F2,P25-BVS24-fin_assets,True,1,strict,cfo_cfi_ratio_mean,"mean(cfo, 1) * safe_div(cfi, 1)","Đánh giá sự cân bằng giữa dòng tiền từ hoạt động kinh doanh (CFO) và hoạt động đầu tư (CFI). Tỷ lệ này phản ánh chất lượng dòng tiền, nơi dòng tiền từ kinh doanh có thể được tái đầu tư hiệu quả.",line_item,"cfo, cfi",False,True,,,"(mean(cfo,1)*safe_div(cfi,1))",3,2,True,True,False
gemma4-e2b-plecpu,1,F2-025,F2,P25-BVS24-fin_assets,True,2,strict,related_party_disclosed_zscore,zscore(related_party_disclosed),Sử dụng biến thuyết minh để đo lường mức độ minh bạch và rủi ro giao dịch với bên liên quan. Cổ phiếu có mức độ minh bạch cao hơn (z-score cao) có thể được đánh giá là an toàn hơn.,note,related_party_disclosed,False,True,,,zscore(related_party_disclosed),2,1,True,False,True
gemma4-e2b-plecpu,1,F4-015,F4,P25-BVS24-fin_assets,True,0,strict,cfo_to_equity_ratio,"safe_div(cfo, equity)","Tỷ lệ CFO trên Vốn chủ sở hữu đo lường khả năng tạo tiền mặt từ hoạt động kinh doanh so với vốn chủ sở hữu, là chỉ báo sức khỏe tài chính.",line_item,"cfo, equity",False,True,,,"safe_div(cfo,equity)",2,2,True,False,False
gemma4-e2b-plecpu,1,F4-015,F4,P25-BVS24-fin_assets,True,1,strict,profit_volatility_lag,"std(pretax_profit, 2)","Độ biến động của lợi nhuận trước thuế trong 2 quý gần nhất cho thấy sự không ổn định của kết quả kinh doanh, ảnh hưởng đến lợi suất.",line_item,pretax_profit,False,True,,,"std(pretax_profit,2)",2,1,False,True,False
gemma4-e2b-plecpu,1,F4-015,F4,P25-BVS24-fin_assets,True,2,strict,liquidity_flow_zscore,zscore(cff),"Điểm Z-score của dòng tiền tài chính thể hiện vị thế tương đối của dòng tiền tài chính so với phân phối chung, giúp đánh giá rủi ro thanh khoản.",line_item,cff,False,False,duplicate,,zscore(cff),2,1,False,False,False
gemma4-e2b-plecpu,2,F1-001,F1,P01-ANV17-inventory,False,0,strict,inventory_writedown_ratio_zscore,"zscore(inventory_writedown, inventory_gross, current_assets)","Công thức này đo lường mức độ dự phòng giảm giá hàng tồn kho so với giá trị hàng tồn kho gốc và tổng tài sản, giúp đánh giá chất lượng tài sản và khả năng quản lý rủi ro tồn kho. Giá trị thấp hơn có thể cho thấy việc quản lý dự phòng hiệu quả hơn.",line_item,"inventory_writedown, inventory_gross, current_assets",False,False,bad_arity:zscore,,"zscore(inventory_writedown,inventory_gross,current_assets)",2,3,False,False,False
gemma4-e2b-plecpu,2,F1-001,F1,P01-ANV17-inventory,False,1,strict,inventory_writedown_growth_lag_rank,"rank(growth(inventory_writedown, inventory_gross), lag(inventory_writedown, 1))","Công thức này xếp hạng dựa trên tốc độ thay đổi của dự phòng giảm giá hàng tồn kho qua các quý. Tốc độ tăng trưởng dương có thể chỉ ra sự gia tăng rủi ro hoặc sự thay đổi trong chính sách kế toán, ảnh hưởng đến lợi suất trong tương lai.",line_item,"inventory_writedown, inventory_gross",False,False,bad_arity:rank|bad_lag:growth,,"rank(growth(inventory_writedown,inventory_gross),lag(inventory_writedown,1))",3,2,False,True,False
gemma4-e2b-plecpu,2,F1-001,F1,P01-ANV17-inventory,False,2,strict,inventory_to_revenue_ratio_zscore,"zscore(safe_div(inventory_writedown, revenue), current_assets)","Công thức này so sánh tỷ lệ dự phòng giảm giá hàng tồn kho trên doanh thu, cho biết mức độ ảnh hưởng của việc ghi nhận dự phòng đến kết quả kinh doanh. Tỷ lệ cao có thể là tín hiệu cảnh báo về sự biến động trong định giá hàng tồn kho.",line_item,"inventory_writedown, revenue, current_assets",False,False,bad_arity:zscore,,"zscore(safe_div(inventory_writedown,revenue),current_assets)",3,3,False,False,False
gemma4-e2b-plecpu,2,F2-001,F2,P01-ANV17-inventory,False,0,strict,inventory_writedown_zscore,zscore(inventory_writedown),"Đo lường mức độ biến động của dự phòng giảm giá hàng tồn kho so với mức trung bình của toàn thị trường, cho thấy rủi ro tiềm ẩn từ việc ghi nhận lỗ trong kỳ.",line_item,Dự phòng giảm giá hàng tồn kho,False,True,,,zscore(inventory_writedown),2,1,True,False,False
gemma4-e2b-plecpu,2,F2-001,F2,P01-ANV17-inventory,False,1,strict,inventory_writedown_lag_rank,"rank(lag(inventory_writedown, 1))","Xếp hạng dựa trên sự thay đổi tức thời của dự phòng giảm giá hàng tồn kho qua các quý, giúp nắm bắt xu hướng biến động ngắn hạn của rủi ro tồn kho.",line_item,Trích lập/(Hoàn nhập) dự phòng dự phòng giảm giá hàng tồn kho,False,True,,,"rank(lag(inventory_writedown,1))",3,1,True,True,False
gemma4-e2b-plecpu,2,F2-001,F2,P01-ANV17-inventory,False,2,strict,inventory_writedown_growth_zscore,"zscore(growth(inventory_writedown, 2))","Đánh giá tốc độ tăng trưởng của dự phòng giảm giá hàng tồn kho qua hai quý, giúp xác định các cổ phiếu có xu hướng rủi ro tồn kho tăng nhanh.",line_item,Dự phòng giảm giá hàng tồn kho,False,True,,,"zscore(growth(inventory_writedown,2))",3,1,True,True,False
gemma4-e2b-plecpu,2,F3-001,F3,P01-ANV17-inventory,False,0,strict,inventory_writedown_ratio_to_assets,abs(inventory_writedown / total_assets),"Tỷ lệ dự phòng giảm giá hàng tồn kho so với tổng tài sản cho thấy mức độ rủi ro tiềm ẩn trong hàng tồn kho, tỷ lệ cao có thể báo hiệu rủi ro thua lỗ cao hơn.",line_item,"inventory_writedown, total_assets",False,False,raw_division,,abs((inventory_writedown/total_assets)),3,2,False,False,False
gemma4-e2b-plecpu,2,F3-001,F3,P01-ANV17-inventory,False,1,strict,inventory_writedown_change_to_assets,"delta(inventory_writedown, 2) * safe_div(market_cap, total_assets)",Sự thay đổi của dự phòng giảm giá hàng tồn kho so với quy mô vốn hoá thị trường có thể là tín hiệu về sự biến động giá trị tài sản trong kỳ.,line_item,"inventory_writedown, market_cap, total_assets",False,True,,,"(delta(inventory_writedown,2)*safe_div(market_cap,total_assets))",3,3,True,True,False
gemma4-e2b-plecpu,2,F3-001,F3,P01-ANV17-inventory,False,2,strict,inventory_writedown_note,rank(inventory_writedown),"Xếp hạng dựa trên mức độ dự phòng giảm giá hàng tồn kho, giá trị dự phòng cao hơn (rank cao) có thể liên quan đến rủi ro định giá tài sản trong tương lai.",note,Dự phòng giảm giá hàng tồn kho được lập cho từng mặt hàng tồn kho có giá gốc lớn hơn giá trị thuần có thể thực hiện được.,True,True,,,rank(inventory_writedown),2,1,True,False,False
gemma4-e2b-plecpu,2,F4-001,F4,P01-ANV17-inventory,False,0,strict,inventory_writedown_impact_zscore,"zscore(inventory_writedown, 4)",Độ lệch chuẩn của dự phòng giảm giá hàng tồn kho cho thấy mức độ biến động của dự phòng so với các cổ phiếu khác trong kỳ.,line_item,inventory_writedown,False,False,bad_arity:zscore,,"zscore(inventory_writedown,4)",2,1,False,False,False
gemma4-e2b-plecpu,2,F4-001,F4,P01-ANV17-inventory,False,1,strict,inventory_to_asset_ratio_delta,"delta(safe_div(inventory, total_assets), 4)",Sự thay đổi của tỷ lệ hàng tồn kho trên tổng tài sản phản ánh hiệu quả quản lý hàng tồn kho trong kỳ.,line_item,"inventory, total_assets",False,True,,,"delta(safe_div(inventory,total_assets),4)",3,2,True,True,False
gemma4-e2b-plecpu,2,F4-001,F4,P01-ANV17-inventory,False,2,strict,gross_profit_vs_inventory_ratio_rank,"rank(gross_profit, inventory_gross)",Xếp hạng lợi nhuận gộp so với giá vốn hàng tồn kho giúp đánh giá khả năng định giá sản phẩm của doanh nghiệp.,line_item,"gross_profit, inventory_gross",False,False,bad_arity:rank,,"rank(gross_profit,inventory_gross)",2,2,False,False,False
gemma4-e2b-plecpu,2,F1-002,F1,P02-HPG24-inventory,False,0,strict,inventory_writedown_ratio_lag_1,"abs(inventory_writedown / (inventory_gross + 1e-6)) * lag(inventory_writedown / inventory_gross, 1)","Công thức này đo lường mức độ dự phòng giảm giá hàng tồn kho so với giá trị hàng tồn kho gốc trong kỳ trước. Tỷ lệ cao có thể chỉ ra rủi ro tiềm ẩn về việc ghi nhận lỗ trong tương lai, ảnh hưởng tiêu cực đến lợi suất.",line_item,"inventory_writedown, inventory_gross, lag",False,False,raw_division,,"(abs((inventory_writedown/(1e-06+inventory_gross)))*lag((inventory_writedown/inventory_gross),1))",5,2,False,True,False
gemma4-e2b-plecpu,2,F1-002,F1,P02-HPG24-inventory,False,1,strict,inventory_writedown_zscore_current,"zscore(inventory_writedown) * zscore(inventory_writedown, 4)","Sử dụng Z-score của dự phòng giảm giá hàng tồn kho để chuẩn hóa mức độ rủi ro của doanh nghiệp so với toàn thị trường. Giá trị cao hơn cho thấy mức độ bất thường cao hơn, có thể là tín hiệu bán tháo hoặc rủi ro cao.",line_item,"inventory_writedown, zscore",False,False,bad_arity:zscore,,"(zscore(inventory_writedown)*zscore(inventory_writedown,4))",3,1,False,False,False
gemma4-e2b-plecpu,2,F1-002,F1,P02-HPG24-inventory,False,2,strict,inventory_change_vs_revenue_growth,"growth(inventory - inventory_gross, revenue) * log(revenue)","Công thức này xem xét sự thay đổi của hàng tồn kho so với doanh thu trong kỳ, sau đó chuẩn hóa bằng log(doanh thu). Nó đánh giá xem sự biến động của hàng tồn kho có tương quan với tốc độ tăng trưởng doanh thu hay không.",line_item,"inventory, inventory_gross, revenue, growth, log",False,False,bad_lag:growth,,"(growth((inventory-inventory_gross),revenue)*log(revenue))",4,3,False,True,False
gemma4-e2b-plecpu,2,F2-002,F2,P02-HPG24-inventory,False,0,strict,inventory_writedown_zscore,zscore(inventory_writedown),"Đo lường mức độ biến động của dự phòng giảm giá hàng tồn kho so với mức trung bình của toàn thị trường, cho thấy rủi ro định giá hàng tồn kho.",line_item,inventory_writedown,False,False,duplicate,,zscore(inventory_writedown),2,1,False,False,False
gemma4-e2b-plecpu,2,F2-002,F2,P02-HPG24-inventory,False,1,strict,inventory_to_total_ratio_lag,"abs(lag(inventory_gross, 1) safe_div(total_assets, lag(total_assets, 1)))","So sánh tỷ lệ hàng tồn kho (giá gốc) so với tổng tài sản qua các quý, đánh giá mức độ chiếm dụng tài sản của hàng tồn kho.",note,Trong hàng tồn kho tại ngày 31 tháng 12 năm 2024 có 671 tỷ VND hàng tồn kho (1/1/2024: 20.212 tỷ VND),True,False,syntax_error,,,,,False,True,False
gemma4-e2b-plecpu,2,F2-002,F2,P02-HPG24-inventory,False,2,strict,inventory_writedown_growth_zscore,zscore(growth(inventory_writedown)),"Đo lường tốc độ tăng trưởng của dự phòng giảm giá hàng tồn kho, giúp xác định xu hướng biến động của việc trích lập dự phòng.",line_item,inventory_writedown,False,False,bad_arity:growth,,zscore(growth(inventory_writedown)),3,1,False,True,False
gemma4-e2b-plecpu,2,F3-002,F3,P02-HPG24-inventory,False,0,recovered,inventory_write_down_ratio,abs(inventory_writedown / inventory_gross),Tỷ lệ dự phòng giảm giá hàng tồn kho so với giá gốc hàng tồn kho cho thấy mức độ rủi ro về giá hàng tồn kho; tỷ lệ cao có thể báo hiệu rủi ro thua lỗ trong kỳ.,line_item,"inventory_writedown, inventory_gross",False,False,raw_division,,abs((inventory_writedown/inventory_gross)),3,2,False,False,False
gemma4-e2b-plecpu,2,F3-002,F3,P02-HPG24-inventory,False,1,recovered,inventory_to_assets_ratio,"safe_div(inventory, total_assets)","Tỷ lệ hàng tồn kho so với tổng tài sản đo lường mức độ tập trung của tài sản vào hàng tồn kho, có thể là chỉ báo về tính thanh khoản hoặc rủi ro tồn kho.",line_item,"inventory, total_assets",False,True,,,"safe_div(inventory,total_assets)",2,2,True,False,False
gemma4-e2b-plecpu,2,F3-002,F3,P02-HPG24-inventory,False,2,recovered,inventory_write_down_as_note,abs(inventory_writedown / inventory_gross),Tỷ lệ dự phòng giảm giá hàng tồn kho so với giá gốc hàng tồn kho cho thấy mức độ rủi ro về giá hàng tồn kho; tỷ lệ cao có thể báo hiệu rủi ro thua lỗ trong kỳ.,note,Trong hàng tồn kho tại ngày 31 tháng 12 năm 2024 có 671 tỷ VND hàng tồn kho (1/1/2024: 20.212 tỷ VND) được ghi nhận theo giá trị thuần có thể thực hiện được.,True,False,raw_division|duplicate,,abs((inventory_writedown/inventory_gross)),3,2,False,False,False
gemma4-e2b-plecpu,2,F1-003,F1,P03-PNJ24-inventory,False,0,strict,inventory_writedown_ratio_zscore,"zscore(inventory_writedown, inventory_gross, current_assets)","Công thức này đo lường mức độ biến động của dự phòng giảm giá hàng tồn kho so với giá trị hàng tồn kho gốc và tổng tài sản, giúp xác định các công ty có quản lý rủi ro hàng tồn kho tốt hơn.",line_item,"inventory_writedown, inventory_gross, current_assets",False,False,bad_arity:zscore|duplicate,,"zscore(inventory_writedown,inventory_gross,current_assets)",2,3,False,False,False
gemma4-e2b-plecpu,2,F1-003,F1,P03-PNJ24-inventory,False,1,strict,inventory_writedown_growth_lag_rank,"rank(growth(inventory_writedown, inventory_gross), lag(inventory_writedown, 1))","Công thức này tìm kiếm các doanh nghiệp có xu hướng dự phòng giảm giá hàng tồn kho tăng trưởng mạnh trong quý trước, cho thấy sự thay đổi trong chính sách hoặc tình hình hàng tồn kho.",line_item,"inventory_writedown, growth, lag",False,False,bad_arity:rank|bad_lag:growth|duplicate,,"rank(growth(inventory_writedown,inventory_gross),lag(inventory_writedown,1))",3,2,False,True,False
gemma4-e2b-plecpu,2,F1-003,F1,P03-PNJ24-inventory,False,2,strict,inventory_to_revenue_ratio_zscore,"zscore(safe_div(inventory, revenue), current_assets)","Công thức này so sánh tỷ lệ hàng tồn kho so với doanh thu, chuẩn hóa bằng tổng tài sản, giúp đánh giá hiệu quả quản lý vòng quay hàng tồn kho.",line_item,"inventory, revenue, current_assets",False,False,bad_arity:zscore,,"zscore(safe_div(inventory,revenue),current_assets)",3,3,False,False,False
gemma4-e2b-plecpu,2,F2-003,F2,P03-PNJ24-inventory,False,0,strict,inventory_writedown_zscore,zscore(inventory_writedown),"Đo lường mức độ biến động của dự phòng giảm giá hàng tồn kho so với mức trung bình của toàn thị trường, cho thấy rủi ro hoặc sự điều chỉnh giá trị hàng tồn kho trong kỳ.",line_item,Biến động về dự phòng giảm giá hàng tồn kho trong năm tài chính,False,False,duplicate,,zscore(inventory_writedown),2,1,False,False,False
gemma4-e2b-plecpu,2,F2-003,F2,P03-PNJ24-inventory,False,1,strict,inventory_writedown_lag_rank,"rank(abs(lag(inventory_writedown, 1)))","Xếp hạng dựa trên sự thay đổi gần nhất của dự phòng giảm giá hàng tồn kho, giúp nắm bắt xu hướng ngắn hạn của việc điều chỉnh giá hàng tồn kho.",line_item,Biến động về dự phòng giảm giá hàng tồn kho trong năm tài chính,False,True,,,"rank(abs(lag(inventory_writedown,1)))",4,1,True,True,False
gemma4-e2b-plecpu,2,F2-003,F2,P03-PNJ24-inventory,False,2,strict,inventory_writedown_zscore_lag,"zscore(lag(inventory_writedown, 1))","Đo lường mức độ bất thường của dự phòng giảm giá hàng tồn kho trong kỳ so với kỳ trước đó, giúp xác định các sự kiện gây sốc về giá trị hàng tồn kho.",line_item,Biến động về dự phòng giảm giá hàng tồn kho trong năm tài chính,False,True,,,"zscore(lag(inventory_writedown,1))",3,1,True,True,False
gemma4-e2b-plecpu,2,F4-002,F4,P03-PNJ24-inventory,False,0,recovered,inventory_writedown_impact_ratio,"abs(inventory_writedown) safe_div(current_assets, total_assets)",Tỷ lệ dự phòng giảm giá hàng tồn kho so với tổng tài sản cho thấy mức độ rủi ro tiềm ẩn của hàng tồn kho.,line_item,"inventory_writedown, current_assets, total_assets",False,False,syntax_error,,,,,False,False,False
gemma4-e2b-plecpu,2,F4-002,F4,P03-PNJ24-inventory,False,1,recovered,inventory_to_revenue_ratio,"growth(inventory, 4) safe_div(revenue, growth(revenue, 4))",Tốc độ tăng của hàng tồn kho so với tốc độ tăng doanh thu cho thấy áp lực về quản lý hàng tồn kho.,line_item,"inventory, revenue",False,False,syntax_error,,,,,False,True,False
gemma4-e2b-plecpu,2,F4-002,F4,P03-PNJ24-inventory,False,2,recovered,inventory_to_equity_ratio,"abs(inventory_gross) safe_div(equity, inventory_gross)",Tỷ lệ giá trị hàng tồn kho gốc so với vốn chủ sở hữu đánh giá mức độ rủi ro tài sản trong cơ cấu vốn.,line_item,"inventory_gross, equity",False,False,syntax_error,,,,,False,False,False
gemma4-e2b-plecpu,2,F1-004,F1,P04-GAS24-receivables,False,0,strict,receivables_to_revenue_ratio_zscore,zscore(receivables_customers) * (1.0 / revenue),"Công thức này đo lường mức độ phụ thuộc của doanh thu vào các khoản phải thu của khách hàng. Tỷ lệ cao hơn cho thấy rủi ro thanh khoản cao hơn, có thể ảnh hưởng tiêu cực đến lợi suất cổ phiếu.",line_item,"receivables_customers, revenue",False,False,raw_division,,((1/revenue)*zscore(receivables_customers)),3,2,False,False,False
gemma4-e2b-plecpu,2,F1-004,F1,P04-GAS24-receivables,False,1,strict,provision_doubtful_debt_to_current_assets_ratio_lag_1,abs(provision_doubtful_debt) / current_assets,"Đo lường mức độ dự phòng rủi ro nợ khó đòi so với tổng tài sản ngắn hạn. Tỷ lệ cao cho thấy mức độ rủi ro tiềm ẩn trong danh mục tài sản, có thể là tín hiệu tiêu cực.",line_item,"provision_doubtful_debt, current_assets",False,False,raw_division,,(abs(provision_doubtful_debt)/current_assets),3,2,False,False,False
gemma4-e2b-plecpu,2,F1-004,F1,P04-GAS24-receivables,False,2,strict,cfo_to_receivables_ratio_growth_2,"growth(cfo, 2) * (1.0 / receivables_customers)","Đo lường khả năng tạo tiền mặt (CFO) so với các khoản phải thu của khách hàng. Tăng trưởng CFO cao hơn so với mức độ phải thu cho thấy khả năng thu hồi tốt hơn, có thể là tín hiệu tích cực.",line_item,"cfo, receivables_customers",False,False,raw_division,,"((1/receivables_customers)*growth(cfo,2))",3,2,False,True,False
gemma4-e2b-plecpu,2,F2-004,F2,P04-GAS24-receivables,False,0,strict,receivables_ratio_to_assets_growth,"growth(receivables_customers, 1) * safe_div(current_assets, total_assets)","Công thức này đo lường mức độ tăng trưởng của khoản phải thu khách hàng so với tổng tài sản trong kỳ, phản ánh áp lực thanh khoản và rủi ro thu hồi của doanh nghiệp.",line_item,số dư các khoản phải thu ngắn hạn của khách hàng khó có khả năng thu hồi,False,True,,,"(growth(receivables_customers,1)*safe_div(current_assets,total_assets))",3,3,True,True,False
gemma4-e2b-plecpu,2,F2-004,F2,P04-GAS24-receivables,False,1,strict,doubtful_debt_level_zscore,zscore(provision_doubtful_debt),"Sử dụng Z-score của dự phòng nợ khó đòi để chuẩn hóa mức độ rủi ro tín dụng, giúp đánh giá mức độ bảo đảm rủi ro của công ty.",note,số dư các khoản phải thu ngắn hạn của khách hàng khó có khả năng thu hồi,True,True,,,zscore(provision_doubtful_debt),2,1,True,False,False
gemma4-e2b-plecpu,2,F2-004,F2,P04-GAS24-receivables,False,2,strict,receivables_magnitude_rank,rank(receivables_customers),"Xếp hạng trực tiếp dựa trên quy mô tuyệt đối của khoản phải thu ngắn hạn của khách hàng, cho thấy mức độ tập trung rủi ro trong danh mục khách hàng.",line_item,số dư các khoản phải thu ngắn hạn của khách hàng,False,True,,,rank(receivables_customers),2,1,True,False,False
gemma4-e2b-plecpu,2,F3-003,F3,P04-GAS24-receivables,False,0,strict,receivables_to_assets_ratio,"safe_div(receivables_customers, total_assets)",Tỷ lệ phải thu ngắn hạn của khách hàng so với tổng tài sản thể hiện mức độ rủi ro thanh khoản và khả năng thu hồi của doanh nghiệp; tỷ lệ cao cho thấy rủi ro cao hơn.,line_item,"receivables_customers, total_assets",False,True,,,"safe_div(receivables_customers,total_assets)",2,2,True,False,False
gemma4-e2b-plecpu,2,F3-003,F3,P04-GAS24-receivables,False,1,strict,doubtful_debt_ratio,"safe_div(provision_doubtful_debt, current_assets)",Tỷ lệ dự phòng phải thu khó đòi trên tài sản ngắn hạn là thước đo trực tiếp về chất lượng tài sản và khả năng thu hồi nợ; tỷ lệ cao cho thấy khả năng thu hồi kém.,line_item,"provision_doubtful_debt, current_assets",False,True,,,"safe_div(provision_doubtful_debt,current_assets)",2,2,True,False,False
gemma4-e2b-plecpu,2,F3-003,F3,P04-GAS24-receivables,False,2,strict,receivables_to_revenue_growth,"growth(receivables_customers, 1), safe_div(growth(receivables_customers, 1), growth(revenue, 1))",So sánh tốc độ tăng trưởng của khoản phải thu với tốc độ tăng trưởng doanh thu giúp đánh giá sự căng thẳng trong chu kỳ thu tiền; tỷ lệ này thấp có thể ám chỉ vấn đề về chất lượng công nợ.,note,"Tại ngày 31 tháng 12 năm 2024 và ngày 31 tháng 12 năm 2023, số dư các khoản phải thu ngắn hạn của khách hàng khó có khả năng thu hồi",True,False,syntax_error:Tuple,,,,,False,True,False
gemma4-e2b-plecpu,2,F4-003,F4,P04-GAS24-receivables,False,0,strict,receivables_risk_zscore,zscore(receivables_customers),"Chỉ số này đo lường mức độ biến động của khoản phải thu khách hàng so với mức trung bình toàn thị trường, giúp đánh giá rủi ro thanh khoản.",line_item,receivables_customers,False,True,,,zscore(receivables_customers),2,1,True,False,False
gemma4-e2b-plecpu,2,F4-003,F4,P04-GAS24-receivables,False,1,strict,cfo_to_revenue_ratio_lag,"abs(cfo - revenue) * lag(1, 2)",Sự chênh lệch giữa dòng tiền thuần và doanh thu trong kỳ trước có thể chỉ ra vấn đề về chất lượng dòng tiền và khả năng thu hồi nợ.,line_item,"cfo, revenue",False,True,,,"(abs((cfo-revenue))*lag(1,2))",4,2,False,True,False
gemma4-e2b-plecpu,2,F4-003,F4,P04-GAS24-receivables,False,2,strict,provision_doubtful_debt_ratio,"safe_div(provision_doubtful_debt, current_assets)","Tỷ lệ dự phòng nợ khó đòi trên tổng tài sản cho thấy mức độ bảo đảm của tài sản, ảnh hưởng đến khả năng thu hồi nợ.",line_item,"provision_doubtful_debt, current_assets",False,False,duplicate,,"safe_div(provision_doubtful_debt,current_assets)",2,2,False,False,False
gemma4-e2b-plecpu,2,F2-005,F2,P05-HUT24-receivables,False,0,strict,receivables_to_total_assets_ratio,"safe_div(short_term_receivables, total_assets)",Tỷ lệ khoản phải thu ngắn hạn so với tổng tài sản phản ánh mức độ rủi ro thanh khoản và khả năng thu hồi của doanh nghiệp. Tỷ lệ cao cho thấy áp lực về dòng tiền và rủi ro nợ xấu tiềm ẩn cao hơn.,line_item,"Các khoản phải thu quá hạn thanh toán, hoặc chưa quá hạn nhưng khó có khả năng thu hồi",False,True,,,"safe_div(short_term_receivables,total_assets)",2,2,True,False,False
gemma4-e2b-plecpu,2,F2-005,F2,P05-HUT24-receivables,False,1,strict,provision_change_vs_prev_period,"delta(provision_doubtful_debt, 1)",Sự thay đổi trong dự phòng nợ phải thu khó đòi trong kỳ cho thấy sự thay đổi trong nhận thức về rủi ro tín dụng của doanh nghiệp. Sự gia tăng dự phòng có thể là tín hiệu cảnh báo về chất lượng tài sản.,note,Trích lập dự phòng bổ sung trong năm,True,True,,,"delta(provision_doubtful_debt,1)",2,1,False,True,False
gemma4-e2b-plecpu,2,F2-005,F2,P05-HUT24-receivables,False,2,strict,receivables_to_revenue_ratio,"safe_div(receivables_customers, revenue)",Tỷ lệ khoản phải thu của khách hàng so với doanh thu phản ánh hiệu quả quản lý tín dụng và khả năng chuyển đổi doanh thu thành tiền mặt. Tỷ lệ cao có thể chỉ ra vấn đề về thu hồi công nợ.,line_item,Phải thu ngắn hạn của khách hàng,False,True,,,"safe_div(receivables_customers,revenue)",2,2,True,False,False
gemma4-e2b-plecpu,2,F3-004,F3,P05-HUT24-receivables,False,0,strict,receivables_to_assets_ratio,"safe_div(receivables_customers, total_assets)",Tỷ lệ phải thu ngắn hạn của khách hàng so với tổng tài sản là thước đo trực tiếp về mức độ rủi ro thanh khoản và khả năng thu hồi của doanh nghiệp.,line_item,"receivables_customers, total_assets",False,False,duplicate,,"safe_div(receivables_customers,total_assets)",2,2,False,False,False
gemma4-e2b-plecpu,2,F3-004,F3,P05-HUT24-receivables,False,1,strict,provision_to_receivables_ratio,"safe_div(provision_doubtful_debt, short_term_receivables)",Tỷ lệ dự phòng nợ khó đòi so với tổng các khoản phải thu ngắn hạn cho thấy mức độ thận trọng của công ty trong việc đánh giá rủi ro tín dụng.,line_item,"provision_doubtful_debt, short_term_receivables",False,True,,,"safe_div(provision_doubtful_debt,short_term_receivables)",2,2,True,False,False
gemma4-e2b-plecpu,2,F3-004,F3,P05-HUT24-receivables,False,2,strict,bad_debt_provision_trend,"delta(provision_doubtful_debt, 1)",Xu hướng thay đổi của dự phòng nợ khó đòi trong kỳ cho thấy sự biến động trong nhận thức rủi ro tín dụng của thị trường.,note,Tăng do hợp nhất,True,False,duplicate,,"delta(provision_doubtful_debt,1)",2,1,False,True,False
gemma4-e2b-plecpu,2,F1-005,F1,P06-TNG24-debt,False,0,strict,interest_expense_lag_zscore_1,"zscore(lag(interest_expense, 1))","Đo lường sự thay đổi bất thường của chi phí lãi vay trong quý hiện tại so với quý trước đó, chuẩn hóa trên toàn bộ thị trường. Sự biến động này có thể phản ánh rủi ro tài chính ngắn hạn của doanh nghiệp.",line_item,"interest_expense, lag, zscore",False,True,,,"zscore(lag(interest_expense,1))",3,1,True,True,False
gemma4-e2b-plecpu,2,F1-005,F1,P06-TNG24-debt,False,1,strict,debt_to_asset_ratio_growth_2,"growth(short_term_debt, total_assets)","Đo lường tốc độ tăng trưởng tỷ lệ nợ ngắn hạn trên tổng tài sản. Tỷ lệ này cao cho thấy áp lực tài chính ngắn hạn đang gia tăng, có thể ảnh hưởng tiêu cực đến lợi suất cổ phiếu.",line_item,"short_term_debt, total_assets, growth",False,False,bad_lag:growth,,"growth(short_term_debt,total_assets)",2,2,False,True,False
gemma4-e2b-plecpu,2,F1-005,F1,P06-TNG24-debt,False,2,strict,financial_expense_mean_lag_zscore_1,"zscore(mean(financial_expense, 1))","Đánh giá mức độ biến động trung bình của chi phí tài chính trong một khoảng thời gian ngắn, chuẩn hóa để xác định các quý có chi phí tài chính cao bất thường, là tín hiệu rủi ro.",line_item,"financial_expense, mean, zscore",False,True,,,"zscore(mean(financial_expense,1))",3,1,True,True,False
gemma4-e2b-plecpu,2,F2-006,F2,P06-TNG24-debt,False,0,recovered,interest_expense_vs_debt_ratio_zscore,"zscore(interest_expense, 4) * (1 / (long_term_debt + 1e-6))","Công thức này đo lường mức độ biến động của chi phí lãi vay so với tổng nợ dài hạn của doanh nghiệp. Giá trị cao cho thấy rủi ro chi phí lãi vay cao hơn so với mức trung bình ngành, có thể ảnh hưởng tiêu cực đến lợi suất cổ phiếu.",note,Lãi suất áp dụng hiện tại là 12%/năm đối với các khoản vay bằng VND.,True,False,bad_arity:zscore|raw_division,,"((1/(1e-06+long_term_debt))*zscore(interest_expense,4))",4,2,False,False,False
gemma4-e2b-plecpu,2,F2-006,F2,P06-TNG24-debt,False,1,recovered,debt_to_asset_ratio_lag_zscore,"zscore(safe_div(long_term_debt, total_assets), 4)","Đo lường tỷ lệ nợ dài hạn trên tổng tài sản, một chỉ số cơ bản về mức độ đòn bẩy tài chính. Tỷ lệ cao hơn có thể ngụ ý rủi ro tài chính lớn hơn, dẫn đến biến động lợi suất cổ phiếu.",line_item,Vay dài hạn | 716.279.584.223 | 114.479.625.701 | 224.253.960.000 | 606.505.249.924,False,False,bad_arity:zscore,,"zscore(safe_div(long_term_debt,total_assets),4)",3,2,False,False,False
gemma4-e2b-plecpu,2,F4-004,F4,P06-TNG24-debt,False,0,recovered,interest_expense_lag_rank,"rank(interest_expense, 1) * zscore(interest_expense, 4)","Xếp hạng dựa trên sự biến động của chi phí lãi vay trong quý trước, cho thấy rủi ro biến động chi phí tài chính.",line_item,interest_expense,False,False,bad_arity:rank|bad_arity:zscore,,"(rank(interest_expense,1)*zscore(interest_expense,4))",3,1,False,False,False
gemma4-e2b-plecpu,2,F1-006,F1,P07-NLG17-debt,False,0,strict,interest_expense_lag_zscore_1,"zscore(lag(interest_expense, 1))","Đo lường sự biến động tương đối của chi phí lãi vay trong quý hiện tại so với quý trước đó, giúp nắm bắt rủi ro chi phí tài chính ngắn hạn. Giá trị cao có thể báo hiệu áp lực chi phí trong tương lai.",line_item,"interest_expense, lag, zscore",False,False,duplicate,,"zscore(lag(interest_expense,1))",3,1,False,True,False
gemma4-e2b-plecpu,2,F1-006,F1,P07-NLG17-debt,False,1,strict,debt_to_asset_ratio_growth_2,"growth(safe_div(short_term_debt, total_assets)) * growth(safe_div(short_term_debt, total_assets), 2)","Đánh giá tốc độ tăng trưởng tỷ lệ nợ ngắn hạn trên tổng tài sản. Tỷ lệ này tăng nhanh cho thấy áp lực tài chính gia tăng, ảnh hưởng tiêu cực đến lợi nhuận.",line_item,"short_term_debt, total_assets, growth",False,False,bad_arity:growth,,"(growth(safe_div(short_term_debt,total_assets))*growth(safe_div(short_term_debt,total_assets),2))",4,2,False,True,False
gemma4-e2b-plecpu,2,F1-006,F1,P07-NLG17-debt,False,2,strict,financial_expense_mean_rank_3,"rank(mean(financial_expense, 3))",Xếp hạng dựa trên giá trị trung bình của chi phí tài chính trong 3 quý gần nhất. Cổ phiếu có chi phí tài chính trung bình cao hơn có thể đối mặt với rủi ro chi phí lãi vay cao hơn trong kỳ tới.,line_item,"financial_expense, mean, rank",False,False,bad_lag:mean,,"rank(mean(financial_expense,3))",3,1,False,True,False
gemma4-e2b-plecpu,2,F2-007,F2,P07-NLG17-debt,False,0,strict,debt_to_asset_ratio_lag_1,"zscore(total_liabilities, k=1)","Tỷ lệ nợ trên tổng tài sản là một chỉ số cơ bản về mức độ đòn bẩy tài chính. Việc sử dụng z-score giúp chuẩn hóa giá trị này theo lát cắt ngang, cho thấy mức độ rủi ro nợ của công ty trong kỳ.",note,TỔNG CỘNG TÀI SẢN,False,False,syntax_error:keyword,,,,,False,False,False
gemma4-e2b-plecpu,2,F2-007,F2,P07-NLG17-debt,False,1,strict,interest_expense_growth_2,"growth(interest_expense, k=2)",Tốc độ tăng trưởng chi phí lãi vay trong hai quý gần nhất là một chỉ báo mạnh mẽ về áp lực chi phí tài chính hiện tại. Tăng trưởng cao có thể phản ánh việc tăng gánh nặng nợ hoặc lãi suất.,line_item,interest_expense,False,False,syntax_error:keyword,,,,,False,True,False
gemma4-e2b-plecpu,2,F2-007,F2,P07-NLG17-debt,False,2,strict,short_term_debt_ratio_rank_1,"rank(short_term_debt, k=1)","Xếp hạng dựa trên mức độ phụ thuộc vào nợ ngắn hạn. Việc xếp hạng giúp xác định các cổ phiếu có cấu trúc tài trợ ngắn hạn khác biệt, có thể ảnh hưởng đến tính thanh khoản và rủi ro ngắn hạn.",note,Vay ngắn hạn từ ngân hàng,True,False,syntax_error:keyword,,,,,False,False,False
gemma4-e2b-plecpu,2,F3-005,F3,P07-NLG17-debt,False,0,strict,interest_expense_to_total_liabilities,"abs(interest_expense) * safe_div(total_liabilities, total_liabilities)",Tỷ lệ chi phí lãi vay so với tổng nợ cho thấy mức độ áp lực chi phí tài chính. Tỷ lệ cao hơn có thể báo hiệu rủi ro thanh khoản cao hơn trong quý tới.,line_item,"interest_expense, total_liabilities",False,True,,,"(abs(interest_expense)*safe_div(total_liabilities,total_liabilities))",3,2,True,False,False
gemma4-e2b-plecpu,2,F3-005,F3,P07-NLG17-debt,False,1,strict,short_term_debt_to_total_liabilities,"safe_div(short_term_debt, total_liabilities)",Tỷ lệ nợ ngắn hạn so với tổng nợ đo lường mức độ rủi ro thanh khoản tức thời. Tỷ lệ cao cho thấy khả năng doanh nghiệp phải đối mặt với áp lực trả nợ ngắn hạn lớn hơn.,line_item,"short_term_debt, total_liabilities",False,True,,,"safe_div(short_term_debt,total_liabilities)",2,2,True,False,False
gemma4-e2b-plecpu,2,F3-005,F3,P07-NLG17-debt,False,2,strict,total_liabilities_to_assets,"safe_div(total_liabilities, total_assets)",Tỷ lệ nợ trên tổng tài sản là thước đo đòn bẩy tài chính tổng thể. Đòn bẩy cao hơn thường đi kèm với rủi ro lợi suất cao hơn trong môi trường lãi suất biến động.,note,"TỔNG CỘNG TÀI SẢN, NỢ PHẢI TRẢ",False,True,,,"safe_div(total_liabilities,total_assets)",2,2,True,False,False
gemma4-e2b-plecpu,2,F4-005,F4,P07-NLG17-debt,False,0,recovered,interest_expense_lag_rank,"rank(interest_expense, 1) * zscore(interest_expense, 4)","Xếp hạng dựa trên sự biến động của chi phí lãi vay trong quý gần nhất, cho thấy rủi ro chi phí tài chính ngắn hạn.",line_item,interest_expense,False,False,bad_arity:rank|bad_arity:zscore|duplicate,,"(rank(interest_expense,1)*zscore(interest_expense,4))",3,1,False,False,False
gemma4-e2b-plecpu,2,F2-008,F2,P08-POW17-debt,False,0,strict,interest_expense_lag_zscore,"zscore(lag(interest_expense, 1))","Đo lường sự biến động của chi phí lãi vay trong quý hiện tại so với quý trước, giúp xác định các quý có xu hướng chi phí lãi vay tăng/giảm bất thường, ảnh hưởng trực tiếp đến lợi nhuận.",line_item,interest_expense,False,False,duplicate,,"zscore(lag(interest_expense,1))",3,1,False,True,False
gemma4-e2b-plecpu,2,F2-008,F2,P08-POW17-debt,False,1,strict,long_term_debt_ratio_zscore,zscore(short_term_debt safe_div(long_term_debt)),"Xếp hạng dựa trên tỷ lệ nợ ngắn hạn trên nợ dài hạn, phản ánh mức độ rủi ro tài chính tổng thể của công ty, nơi nợ dài hạn là một yếu tố cấu thành lớn trong Bảng Cân đối Kế toán.",note,Vay dài hạn | 30.421.681.064.106 | 30.421.681.064.106,True,False,syntax_error,,,,,False,False,False
gemma4-e2b-plecpu,2,F2-008,F2,P08-POW17-debt,False,2,strict,cfo_revenue_growth_rank,"rank(growth(cfo, 1))","Đánh giá khả năng tạo ra dòng tiền hoạt động (CFO) tăng trưởng trong quý tới, một chỉ báo quan trọng về sức khỏe hoạt động, có thể liên quan đến khả năng trả nợ và lợi nhuận.",line_item,cfo,False,True,,,"rank(growth(cfo,1))",3,1,True,True,False
gemma4-e2b-plecpu,2,F3-006,F3,P08-POW17-debt,False,0,strict,interest_expense_to_revenue_growth,"growth(interest_expense, revenue, 1)","Tỷ lệ chi phí lãi vay so với tốc độ tăng trưởng doanh thu phản ánh gánh nặng chi phí tài chính trên quy mô kinh doanh, ảnh hưởng tiêu cực đến lợi suất.",line_item,"interest_expense, revenue",False,False,bad_arity:growth,,"growth(interest_expense,revenue,1)",2,2,False,True,False
gemma4-e2b-plecpu,2,F3-006,F3,P08-POW17-debt,False,1,strict,long_term_debt_to_total_assets,"safe_div(long_term_debt, total_assets)","Tỷ lệ nợ dài hạn trên tổng tài sản đo lường mức độ sử dụng đòn bẩy tài chính dài hạn, rủi ro cao hơn cho cổ phiếu.",line_item,"long_term_debt, total_assets",False,True,,,"safe_div(long_term_debt,total_assets)",2,2,True,False,False
gemma4-e2b-plecpu,2,F3-006,F3,P08-POW17-debt,False,2,strict,long_term_debt_ratio_note,"rank(safe_div(long_term_debt, total_liabilities))","Xếp hạng dựa trên tỷ lệ nợ dài hạn so với tổng nợ, cho thấy mức độ phụ thuộc vào nợ dài hạn của doanh nghiệp.",note,Vay dài hạn | 30.421.681.064.106 | 30.421.681.064.106,True,True,,,"rank(safe_div(long_term_debt,total_liabilities))",3,2,True,False,False
gemma4-e2b-plecpu,2,F1-007,F1,P09-HAH24-fixed_assets,False,0,strict,capex_to_revenue_ratio_lag_2,"abs(revenue lag(2)) safe_div(capex, long_term_assets lag(2))","Đo lường mức độ chi tiêu đầu tư mới (capex) so với doanh thu trong hai quý trước, cho thấy hiệu quả sử dụng vốn trong chu kỳ. Tỷ lệ cao có thể báo hiệu tăng trưởng trong tương lai.",line_item,"revenue, capex, long_term_assets",False,False,syntax_error,,,,,False,True,False
gemma4-e2b-plecpu,2,F1-007,F1,P09-HAH24-fixed_assets,False,1,strict,depreciation_to_equity_ratio_zscore,zscore(depreciation) * zscore(equity),"So sánh mức độ khấu hao (chi phí) với vốn chủ sở hữu. Một tỷ lệ cao có thể cho thấy doanh nghiệp đang sử dụng tài sản để tạo ra lợi nhuận, ảnh hưởng đến giá trị vốn chủ sở hữu.",line_item,"depreciation, equity",False,True,,,(zscore(depreciation)*zscore(equity)),3,2,True,False,False
gemma4-e2b-plecpu,2,F1-007,F1,P09-HAH24-fixed_assets,False,2,strict,capex_to_total_assets_growth_ratio,growth(capex) safe_div(total_assets lag(1)),Đo lường tốc độ tăng trưởng của chi tiêu đầu tư (capex) so với tổng tài sản. Tỷ lệ này giúp đánh giá mức độ mở rộng cơ sở tài sản của doanh nghiệp.,line_item,"capex, total_assets",False,False,syntax_error,,,,,False,True,False
gemma4-e2b-plecpu,2,F2-009,F2,P09-HAH24-fixed_assets,False,0,strict,capex_to_asset_ratio_growth,"growth(capex, 1) * safe_div(fixed_assets, total_assets)","Công thức này đo lường mức độ tăng trưởng chi tiêu đầu tư mới (capex) so với tổng tài sản, cho thấy khả năng mở rộng hoạt động trong tương lai. Tỷ lệ cao có thể dự báo lợi suất tích cực.",line_item,capex,False,True,,,"(growth(capex,1)*safe_div(fixed_assets,total_assets))",3,3,True,True,False
gemma4-e2b-plecpu,2,F2-009,F2,P09-HAH24-fixed_assets,False,1,strict,depreciation_to_revenue_ratio_lag,"lag(depreciation, 1) * safe_div(revenue, revenue)","Đo lường mức độ khấu hao so với doanh thu trong kỳ. Tỷ lệ này có thể phản ánh mức độ hao mòn tài sản trong hoạt động kinh doanh, ảnh hưởng đến biên lợi nhuận.",note,"Khi tài sản cố định hữu hình được bán hay thanh lý, nguyên giá và giá trị hao mòn lũy kế được xóa số và lãi, lỗ phát sinh do thanh lý được ghi nhận vào thu nhập hay chi phí trong kỳ",True,True,,,"(lag(depreciation,1)*safe_div(revenue,revenue))",3,2,True,True,False
gemma4-e2b-plecpu,2,F2-009,F2,P09-HAH24-fixed_assets,False,2,strict,fixed_asset_value_mean_rank,"rank(fixed_assets) * mean(fixed_assets, 4)","Công thức này sử dụng giá trị tài sản cố định để xếp hạng, sau đó lấy giá trị trung bình của nó. Nó đánh giá mức độ hiện hữu và quy mô tài sản, có thể là yếu tố ổn định cho lợi suất.",line_item,fixed_assets,False,True,,,"(mean(fixed_assets,4)*rank(fixed_assets))",3,1,True,True,False
gemma4-e2b-plecpu,2,F3-007,F3,P09-HAH24-fixed_assets,False,0,strict,capex_to_revenue_ratio,"safe_div(abs(capex), revenue)","Tỷ lệ chi tiêu cho đầu tư mới (capex) so với doanh thu cho thấy mức độ mở rộng hoạt động trong kỳ, có thể là tín hiệu của sự tăng trưởng trong tương lai.",line_item,"capex, revenue",False,True,,,"safe_div(abs(capex),revenue)",3,2,True,False,False
gemma4-e2b-plecpu,2,F3-007,F3,P09-HAH24-fixed_assets,False,1,strict,depreciation_to_fixed_assets,"safe_div(depreciation, fixed_assets)","Mức độ khấu hao so với tổng tài sản cố định phản ánh mức độ sử dụng tài sản hiện tại, giúp đánh giá hiệu quả sử dụng tài sản.",line_item,"depreciation, fixed_assets",False,True,,,"safe_div(depreciation,fixed_assets)",2,2,True,False,False
gemma4-e2b-plecpu,2,F3-007,F3,P09-HAH24-fixed_assets,False,2,strict,remaining_asset_value_ratio,"safe_div(tangible_fixed_assets, fixed_assets)","Tỷ lệ tài sản cố định hữu hình còn lại so với tổng tài sản cho thấy mức độ tài sản cố định đóng góp vào tổng tài sản, là thước đo cơ cấu tài sản.",note,Tài sản cố định hữu hình được thể hiện theo nguyên giá trừ hao mòn lũy kế,True,True,,,"safe_div(tangible_fixed_assets,fixed_assets)",2,2,True,False,False
gemma4-e2b-plecpu,2,F4-006,F4,P09-HAH24-fixed_assets,False,0,strict,depreciation_to_revenue_ratio,abs(revenue / (depreciation + 1)),"Tỷ lệ khấu hao so với doanh thu cho thấy mức độ hao mòn tài sản so với khả năng tạo ra doanh thu, ảnh hưởng đến chất lượng tài sản.",line_item,"revenue, depreciation",False,False,raw_division,,abs((revenue/(1+depreciation))),4,2,False,False,False
gemma4-e2b-plecpu,2,F4-006,F4,P09-HAH24-fixed_assets,False,1,strict,capex_to_equity_ratio,"safe_div(abs(capex), equity)","Tỷ lệ chi tiêu vốn so với vốn chủ sở hữu đo lường mức độ phụ thuộc vào đầu tư mới, có thể là rủi ro hoặc cơ hội.",line_item,"capex, equity",False,True,,,"safe_div(abs(capex),equity)",3,2,True,False,False
gemma4-e2b-plecpu,2,F4-006,F4,P09-HAH24-fixed_assets,False,2,strict,asset_composition_zscore,zscore(long_term_assets),"Điểm chuẩn hóa của tài sản dài hạn giúp đánh giá mức độ tập trung vào tài sản cố định, là yếu tố cơ bản của mô hình logistics.",line_item,long_term_assets,False,True,,,zscore(long_term_assets),2,1,True,False,False
gemma4-e2b-plecpu,2,F2-010,F2,P10-TNG17-fixed_assets,False,0,strict,asset_turnover_ratio_lag_1,"rank(safe_div(fixed_assets lag(1), total_assets lag(1)))","Xếp hạng dựa trên tỷ lệ tài sản cố định so với tổng tài sản trong kỳ trước, phản ánh mức độ luân chuyển của tài sản cố định. Tỷ lệ cao có thể cho thấy doanh nghiệp đang sử dụng tài sản hiệu quả hơn.",note,"Công ty đã thể chấp máy móc, thiết bị, phương tiện vận tải, nhà xuống và vật kiến trúc để đảm bào cho các khoản tiên vay tại các ngân hàng thương mại và tổ chức tín dụng",True,False,syntax_error,,,,,False,True,False
gemma4-e2b-plecpu,2,F2-010,F2,P10-TNG17-fixed_assets,False,1,strict,capex_to_revenue_ratio_zscore,"zscore(safe_div(capex, revenue))","Đo lường mức độ chi tiêu cho đầu tư mới (capex) so với doanh thu trong kỳ, là chỉ báo về mức độ mở rộng hoặc tái đầu tư. Giá trị cao có thể gợi ý về tiềm năng tăng trưởng trong quý tới.",line_item,"capex, revenue",False,True,,,"zscore(safe_div(capex,revenue))",3,2,True,False,False
gemma4-e2b-plecpu,2,F2-010,F2,P10-TNG17-fixed_assets,False,2,strict,depreciation_to_fixed_assets_ratio_lag_2,"lag(safe_div(depreciation, fixed_assets), 2)","Phân tích tỷ lệ khấu hao so với tài sản cố định trong hai quý trước, giúp đánh giá tính ổn định của chi phí khấu hao. Tỷ lệ thay đổi có thể là tín hiệu cho sự thay đổi trong cơ cấu tài sản.",line_item,"depreciation, fixed_assets",False,True,,,"lag(safe_div(depreciation,fixed_assets),2)",3,2,True,True,False
gemma4-e2b-plecpu,2,F3-008,F3,P10-TNG17-fixed_assets,False,0,strict,capex_to_fixed_assets_ratio,abs(capex) / fixed_assets,"Tỷ lệ chi tiêu cho đầu tư mới (capex) so với tổng tài sản cố định cho thấy mức độ tái đầu tư vào cơ sở vật chất, là yếu tố quan trọng cho tăng trưởng dài hạn.",line_item,"capex, fixed_assets",False,False,raw_division,,(abs(capex)/fixed_assets),3,2,False,False,False
gemma4-e2b-plecpu,2,F3-008,F3,P10-TNG17-fixed_assets,False,1,strict,asset_turnover_ratio,"safe_div(depreciation, fixed_assets)","Tỷ lệ khấu hao so với tài sản cố định phản ánh mức độ hao mòn của tài sản, cho thấy mức độ sử dụng và vòng quay của tài sản cố định.",line_item,"depreciation, fixed_assets",False,False,duplicate,,"safe_div(depreciation,fixed_assets)",2,2,False,False,False
gemma4-e2b-plecpu,2,F3-008,F3,P10-TNG17-fixed_assets,False,2,strict,asset_disposal_impact,abs(revenue) / (fixed_assets + accumulated_depreciation),Tỷ lệ doanh thu so với tổng giá trị tài sản cố định (bao gồm cả khấu hao) đánh giá mức độ hiệu quả của việc sử dụng tài sản trong việc tạo ra doanh thu.,note,"Thanh lý, nhượng bán",True,False,raw_division,,(abs(revenue)/(accumulated_depreciation+fixed_assets)),3,3,False,False,False
gemma4-e2b-plecpu,2,F2-011,F2,P11-HPG17-cip,False,0,strict,construction_progress_ratio,"abs(construction_in_progress) safe_div(total_assets, construction_in_progress)","Tỷ lệ chi phí xây dựng cơ bản dở dang so với tổng tài sản thể hiện mức độ cam kết đầu tư vào các dự án cơ sở hạ tầng, ảnh hưởng trực tiếp đến triển vọng tăng trưởng dài hạn.",line_item,Chi phí xây dựng cơ bản dở dang,False,False,syntax_error,,,,,False,False,False
gemma4-e2b-plecpu,2,F2-011,F2,P11-HPG17-cip,False,1,strict,capex_to_revenue_ratio,"abs(capex) safe_div(revenue, capex)","Tỷ lệ chi tiêu cho đầu tư (Capex) so với doanh thu phản ánh mức độ doanh nghiệp đang dùng nguồn lực để mở rộng hoặc phát triển cơ sở vật chất, là tín hiệu cho chu kỳ đầu tư.",note,"Tiền chi mua sắm, xây dựng TSCĐ và tài sản dài hạn",False,False,syntax_error,,,,,False,False,False
gemma4-e2b-plecpu,2,F2-011,F2,P11-HPG17-cip,False,2,strict,lag_net_income_growth,"growth(net_income, 1)","Tốc độ tăng trưởng lợi nhuận sau thuế trong quý trước là một chỉ báo về hiệu suất kinh doanh gần nhất, có thể dự báo xu hướng lợi nhuận trong quý tiếp theo.",line_item,net_income,False,True,,,"growth(net_income,1)",2,1,True,True,False
gemma4-e2b-plecpu,2,F4-007,F4,P11-HPG17-cip,False,0,strict,construction_progress_ratio,"abs(construction_in_progress) safe_div(total_assets, long_term_assets)","Tỷ lệ tài sản dở dang so với tổng tài sản thể hiện mức độ đầu tư đang diễn ra, có thể là tín hiệu cho chu kỳ tăng trưởng sắp tới.",line_item,"construction_in_progress, total_assets, long_term_assets",False,False,syntax_error,,,,,False,False,False
gemma4-e2b-plecpu,2,F4-007,F4,P11-HPG17-cip,False,1,strict,capex_to_revenue_lag,"growth(capex, 2)",Tốc độ tăng của chi tiêu vốn (capex) so với quá khứ có thể dự báo áp lực lên lợi nhuận trong tương lai.,line_item,capex,False,True,,,"growth(capex,2)",2,1,True,True,False
gemma4-e2b-plecpu,2,F4-007,F4,P11-HPG17-cip,False,2,strict,net_income_vs_assets_lag,"delta(net_income, 4)",Sự thay đổi của lợi nhuận sau thuế so với quá khứ xa hơn có thể phản ánh hiệu quả kinh doanh và định giá cổ phiếu.,line_item,net_income,False,True,,,"delta(net_income,4)",2,1,False,True,False
gemma4-e2b-plecpu,2,F1-008,F1,P12-VGC24-cip,False,0,strict,construction_progress_ratio_lag1,"growth(construction_in_progress, 1) * safe_div(revenue, total_assets) + zscore(construction_in_progress, 1)",Công thức này đo lường mức độ tăng trưởng của tài sản dở dang so với doanh thu và chuẩn hóa theo lát cắt ngang. Nó dự đoán rằng sự gia tăng của tài sản dở dang (dấu hiệu của chu kỳ đầu tư) sẽ có tác động tích cực đến lợi suất cổ phiếu.,line_item,"construction_in_progress, revenue, total_assets",False,False,bad_arity:zscore,,"((growth(construction_in_progress,1)*safe_div(revenue,total_assets))+zscore(construction_in_progress,1))",4,3,False,True,False
gemma4-e2b-plecpu,2,F1-008,F1,P12-VGC24-cip,False,1,strict,capex_to_equity_ratio_lag2,"lag(capex, 2) * safe_div(equity, long_term_debt) + delta(capex, 2)","Công thức này tập trung vào dòng tiền chi ra cho đầu tư (capex) so với cơ cấu vốn chủ sở hữu. Tỷ lệ này phản ánh áp lực tài chính từ việc đầu tư, có thể là tín hiệu cho chu kỳ tăng trưởng sắp tới.",line_item,"capex, equity, long_term_debt",False,True,,,"((lag(capex,2)*safe_div(equity,long_term_debt))+delta(capex,2))",4,3,True,True,False
gemma4-e2b-plecpu,2,F1-008,F1,P12-VGC24-cip,False,2,strict,net_income_vs_fixed_assets_ratio_lag1,"growth(net_income, 1) * abs(fixed_assets) + zscore(net_income, 1)",Công thức này đánh giá mối quan hệ giữa lợi nhuận và tài sản cố định. Lợi nhuận tăng trưởng trong khi tài sản cố định (cơ sở của ngành sản xuất) có thể cho thấy hiệu quả của chu kỳ đầu tư.,line_item,"net_income, fixed_assets",False,False,bad_arity:zscore,,"((abs(fixed_assets)*growth(net_income,1))+zscore(net_income,1))",4,2,False,True,False
gemma4-e2b-plecpu,2,F2-012,F2,P12-VGC24-cip,False,0,strict,construction_progress_ratio,"abs(construction_in_progress) safe_div(total_assets, construction_in_progress)","Tỷ lệ chi phí xây dựng cơ bản dở dang so với tổng tài sản thể hiện mức độ cam kết và khối lượng dự án đang triển khai, ảnh hưởng trực tiếp đến dòng tiền và lợi nhuận trong tương lai.",line_item,16. CHI PHÍ XÂY DỰNG CƠ BẢN DỞ DANG,False,False,syntax_error,,,,,False,False,False
gemma4-e2b-plecpu,2,F2-012,F2,P12-VGC24-cip,False,1,strict,capex_to_assets_ratio,"capex safe_div(total_assets, capex)","Tỷ lệ chi tiêu cho đầu tư xây dựng (capex) so với tổng tài sản phản ánh cường độ đầu tư vào tài sản cố định và cơ sở hạ tầng, là yếu tố quan trọng cho chu kỳ kinh doanh.",note,"capex: Tiền chi mua sắm, xây dựng TSCĐ và tài sản dài hạn khác [VND, phát sinh trong kỳ, ghi số âm]",False,False,syntax_error,,,,,False,False,False
gemma4-e2b-plecpu,2,F2-012,F2,P12-VGC24-cip,False,2,strict,lag_cfo_vs_construction,"growth(cfo, 1) * lag(construction_in_progress, 1)","Sự tăng trưởng của dòng tiền thuần (cfo) so với kỳ trước, kết hợp với mức độ dở dang của các dự án, giúp đánh giá khả năng tài trợ và tiến độ hoàn thành các nghĩa vụ đầu tư.",line_item,"cfo: Lưu chuyển tiền thuần từ hoạt động kinh doanh [VND, phát sinh trong kỳ]",False,True,,,"(growth(cfo,1)*lag(construction_in_progress,1))",3,2,True,True,False
gemma4-e2b-plecpu,2,F3-009,F3,P12-VGC24-cip,False,0,strict,construction_progress_ratio,"safe_div(construction_in_progress, total_assets)","Tỷ lệ tài sản dở dang so với tổng tài sản phản ánh mức độ cam kết và khối lượng dự án đang triển khai, có thể là yếu tố rủi ro hoặc cơ hội trong chu kỳ đầu tư.",line_item,"construction_in_progress, total_assets",False,True,,,"safe_div(construction_in_progress,total_assets)",2,2,True,False,False
gemma4-e2b-plecpu,2,F3-009,F3,P12-VGC24-cip,False,1,strict,capex_to_construction_ratio,"safe_div(abs(capex), construction_in_progress)","Tỷ lệ chi phí xây dựng mới so với chi phí dở dang cho thấy tốc độ mở rộng dự án, có thể là chỉ báo về nhu cầu đầu tư trong tương lai.",line_item,"capex, construction_in_progress",False,True,,,"safe_div(abs(capex),construction_in_progress)",3,2,True,False,False
gemma4-e2b-plecpu,2,F3-009,F3,P12-VGC24-cip,False,2,strict,construction_cost_to_equity,"safe_div(construction_in_progress, equity)","So sánh chi phí xây dựng dở dang với vốn chủ sở hữu cho thấy mức độ sử dụng vốn trong các dự án, ảnh hưởng đến rủi ro và lợi suất.",note,Số cuối năm | Số đầu năm VND | 16. CHI PHÍ XÂY DỰNG CƠ BẢN DỞ DANG,False,True,,,"safe_div(construction_in_progress,equity)",2,2,True,False,False
gemma4-e2b-plecpu,2,F4-008,F4,P12-VGC24-cip,False,0,strict,construction_progress_momentum,"zscore(construction_in_progress, 4)","Tỷ lệ phần trăm công trình dở dang tăng nhanh cho thấy nhu cầu xây dựng đang tăng mạnh, dự báo tích cực cho lợi suất cổ phiếu.",line_item,construction_in_progress,False,False,bad_arity:zscore,,"zscore(construction_in_progress,4)",2,1,False,False,False
gemma4-e2b-plecpu,2,F4-008,F4,P12-VGC24-cip,False,1,strict,capex_to_revenue_ratio,"safe_div(capex, revenue)","Tỷ lệ chi tiêu cho xây dựng mới so với doanh thu phản ánh mức độ đầu tư vào tăng trưởng trong kỳ, ảnh hưởng đến định giá.",line_item,"capex, revenue",False,True,,,"safe_div(capex,revenue)",2,2,True,False,False
gemma4-e2b-plecpu,2,F4-008,F4,P12-VGC24-cip,False,2,strict,asset_utilization_lag,"lag(depreciation, 2)","Khấu hao tài sản là chỉ báo về mức độ sử dụng tài sản, sự chậm trễ trong việc phản ánh có thể tạo ra cơ hội.",line_item,depreciation,False,True,,,"lag(depreciation,2)",2,1,False,True,False
gemma4-e2b-plecpu,2,F2-013,F2,P13-NLG24-customer_advances,False,0,strict,customer_advance_ratio_zscore,zscore(customer_advances),"Tỷ lệ người mua trả tiền trước (customer_advances) được chuẩn hóa để đo lường mức độ phụ thuộc vào tiền trả trước của khách hàng, một chỉ báo mạnh mẽ cho chất lượng doanh thu tương lai.",line_item,Tiền thuê nhà nhận trước từ khách hàng cho toàn bộ giai đoạn thuê,False,True,,,zscore(customer_advances),2,1,True,False,False
gemma4-e2b-plecpu,2,F2-013,F2,P13-NLG24-customer_advances,False,1,strict,revenue_to_assets_growth_lag,"growth(revenue, 1) * (1 + short_term_receivables) / (total_assets) * lag(revenue, 1)","Đo lường tốc độ tăng trưởng doanh thu so với tổng tài sản, kết hợp với các khoản phải thu ngắn hạn, cho thấy hiệu quả chuyển đổi tài sản thành doanh thu trong kỳ.",note,Doanh thu chưa thực hiện tại ngày 31 tháng 12 năm 2024 bao gồm: Giá trị của khoản lợi nhuận mà Nhóm Công ty nhận được từ việc chuyển nhượng một phần dự án Mizuki cho NNH Mizuki,True,False,raw_division,,"((((1+short_term_receivables)*growth(revenue,1))/total_assets)*lag(revenue,1))",5,3,False,True,False
gemma4-e2b-plecpu,2,F2-013,F2,P13-NLG24-customer_advances,False,2,strict,net_income_to_customer_advances_ratio,abs(net_income) / customer_advances,"Tỷ lệ lợi nhuận sau thuế so với tiền người mua trả trước cho thấy khả năng sinh lời trực tiếp từ các giao dịch bán hàng, là thước đo hiệu quả kinh doanh cốt lõi.",line_item,Lợi nhuận chưa thực hiện dự án Mizuki Park,False,False,raw_division,,(abs(net_income)/customer_advances),3,2,False,False,False
gemma4-e2b-plecpu,2,F3-010,F3,P13-NLG24-customer_advances,False,0,strict,customer_advance_to_revenue,"safe_div(customer_advances, revenue)","Tỷ lệ tiền người mua trả trước so với doanh thu cho thấy mức độ tiền mặt đã được thu về từ các giao dịch bán hàng, là chỉ báo trực tiếp về chất lượng dòng tiền trong kỳ.",line_item,"customer_advances, revenue",False,True,,,"safe_div(customer_advances,revenue)",2,2,True,False,False
gemma4-e2b-plecpu,2,F3-010,F3,P13-NLG24-customer_advances,False,1,strict,unrealized_revenue_to_assets,"safe_div(revenue, total_assets)","Tỷ lệ doanh thu (bao gồm cả chưa thực hiện) so với tổng tài sản đo lường mức độ tài sản đang được sử dụng để tạo ra doanh thu, phản ánh chất lượng tài sản.",note,"Doanh thu chưa thực hiện tại ngày 31 tháng 12 năm 2024 bao gồm: Giá trị của khoản lợi nhuận mà Nhóm Công ty nhận được từ việc chuyển nhượng một phần dự án Mizuki cho NNH Mizuki, theo tỷ lệ sở hữu của Nhóm Công ty trong các liên doanh này và khoản lợi nhuận phát sinh từ việc cung cấp dịch vụ cho các công ty này.",True,True,,,"safe_div(revenue,total_assets)",2,2,True,False,False
gemma4-e2b-plecpu,2,F3-010,F3,P13-NLG24-customer_advances,False,2,strict,customer_advances_to_equity,"safe_div(customer_advances, equity)","Tỷ lệ tiền người mua trả trước so với vốn chủ sở hữu đo lường mức độ tài trợ hoạt động kinh doanh bằng nguồn vốn của chủ sở hữu, cho thấy sự phụ thuộc vào vốn huy động từ khách hàng.",line_item,"customer_advances, equity",False,True,,,"safe_div(customer_advances,equity)",2,2,True,False,False
gemma4-e2b-plecpu,2,F1-009,F1,P14-IDC24-customer_advances,False,0,strict,customer_advance_to_revenue_ratio_lag1,"abs(safe_div(revenue, lag(customer_advances, 1))) * log(cash_and_equivalents)","Đo lường mức độ doanh thu thực tế có thể bù đắp được bằng tiền khách hàng trả trước trong kỳ trước, sau đó điều chỉnh theo mức độ thanh khoản (cash_and_equivalents). Tỷ lệ cao cho thấy khả năng chuyển đổi tiền trả trước thành doanh thu tốt, dự báo lợi suất cao.",line_item,"revenue, customer_advances, cash_and_equivalents",False,True,,,"(abs(safe_div(revenue,lag(customer_advances,1)))*log(cash_and_equivalents))",5,3,True,True,False
gemma4-e2b-plecpu,2,F1-009,F1,P14-IDC24-customer_advances,False,1,strict,inventory_to_assets_ratio_growth,"growth(inventory, 1) * safe_div(total_assets, inventory)","Đánh giá tốc độ tăng trưởng của hàng tồn kho so với tổng tài sản, cho thấy hiệu quả quản lý hàng tồn kho. Tăng trưởng nhanh có thể là tín hiệu tốt nếu hàng tồn kho là hàng bán chạy, ảnh hưởng tích cực đến lợi suất.",line_item,"inventory, total_assets",False,True,,,"(growth(inventory,1)*safe_div(total_assets,inventory))",3,2,True,True,False
gemma4-e2b-plecpu,2,F1-009,F1,P14-IDC24-customer_advances,False,2,strict,net_income_to_receivables_zscore,"zscore(net_income, 4) * safe_div(net_income, short_term_receivables)","So sánh lợi nhuận sau thuế với các khoản phải thu ngắn hạn (z-score) để xác định mức độ hiệu quả của việc thu hồi công nợ. Lợi nhuận cao hơn so với các khoản phải thu cho thấy chất lượng lợi nhuận tốt, dự báo lợi suất cao.",line_item,"net_income, short_term_receivables",False,False,bad_arity:zscore,,"(safe_div(net_income,short_term_receivables)*zscore(net_income,4))",3,2,False,False,False
gemma4-e2b-plecpu,2,F2-014,F2,P14-IDC24-customer_advances,False,0,strict,customer_advance_ratio_zscore,zscore(customer_advances) * 1.5,"Tỷ lệ người mua trả tiền trước (customer_advances) được chuẩn hóa để đo lường mức độ phụ thuộc vào tiền trả trước của doanh nghiệp, cho thấy khả năng thanh khoản và chất lượng doanh thu tương lai.",line_item,Doanh thu nhận trước ngắn hạn khác,False,True,,,(1.5*zscore(customer_advances)),3,1,True,False,False
gemma4-e2b-plecpu,2,F2-014,F2,P14-IDC24-customer_advances,False,1,strict,revenue_growth_lag_zscore,"zscore(growth(revenue, 1))",Tốc độ tăng trưởng doanh thu trong quý trước là một yếu tố dự báo mạnh mẽ cho sự mở rộng của hoạt động kinh doanh và khả năng tạo ra doanh thu tương lai.,note,Doanh thu chưa thực hiện và doanh thu tương lai,False,True,,,"zscore(growth(revenue,1))",3,1,True,True,False
gemma4-e2b-plecpu,2,F2-014,F2,P14-IDC24-customer_advances,False,2,strict,cfo_to_revenue_ratio_lag,abs(cfo / revenue) * lag(1),"Tỷ lệ Lưu chuyển tiền thuần từ hoạt động kinh doanh so với doanh thu trong kỳ trước cho thấy hiệu quả chuyển đổi doanh thu thành tiền mặt, là chỉ báo quan trọng về chất lượng dòng tiền.",line_item,cfo: Lưu chuyển tiền thuần từ hoạt động kinh doanh,False,False,bad_arity:lag|raw_division,,(abs((cfo/revenue))*lag(1)),4,2,False,True,False
gemma4-e2b-plecpu,2,F3-011,F3,P14-IDC24-customer_advances,False,0,strict,customer_advance_to_revenue,"safe_div(customer_advances, revenue)","Tỷ lệ người mua trả tiền trước so với tổng doanh thu cho thấy mức độ phụ thuộc vào tiền mặt từ các giao dịch bán hàng, là chỉ báo chất lượng doanh thu.",line_item,"customer_advances, revenue",False,False,duplicate,,"safe_div(customer_advances,revenue)",2,2,False,False,False
gemma4-e2b-plecpu,2,F3-011,F3,P14-IDC24-customer_advances,False,1,strict,revenue_growth_lag_1,"growth(revenue, 1)","Tốc độ tăng trưởng doanh thu trong quý trước là một yếu tố dự báo mạnh mẽ cho doanh thu tương lai, đặc biệt trong ngành Bất động sản.",note,Doanh thu chưa thực hiện và doanh thu tương lai,False,True,,,"growth(revenue,1)",2,1,True,True,False
gemma4-e2b-plecpu,2,F3-011,F3,P14-IDC24-customer_advances,False,2,strict,revenue_to_assets_ratio,"safe_div(revenue, total_assets)","Tỷ lệ doanh thu so với tổng tài sản đo lường mức độ sử dụng tài sản để tạo ra doanh thu, giúp đánh giá hiệu quả hoạt động cốt lõi.",note,Doanh thu chưa thực hiện và doanh thu tương lai,False,False,duplicate,,"safe_div(revenue,total_assets)",2,2,False,False,False
gemma4-e2b-plecpu,2,F4-009,F4,P14-IDC24-customer_advances,False,0,strict,customer_advance_ratio_zscore,"zscore(customer_advances, 4)","Tỷ lệ người mua trả tiền trước được chuẩn hóa để đo lường mức độ phụ thuộc vào tiền trả trước, giúp đánh giá rủi ro thanh khoản.",line_item,customer_advances,False,False,bad_arity:zscore,,"zscore(customer_advances,4)",2,1,False,False,False
gemma4-e2b-plecpu,2,F4-009,F4,P14-IDC24-customer_advances,False,1,strict,revenue_to_asset_ratio_lag_1,"safe_div(revenue, total_assets) * lag(revenue, 1)",Tỷ lệ doanh thu so với tổng tài sản trong kỳ trước cho thấy khả năng tạo ra doanh thu tương lai dựa trên quy mô tài sản.,line_item,"revenue, total_assets",False,True,,,"(lag(revenue,1)*safe_div(revenue,total_assets))",3,2,True,True,False
gemma4-e2b-plecpu,2,F4-009,F4,P14-IDC24-customer_advances,False,2,strict,cfo_to_equity_growth,"growth(cfo, 2) * safe_div(equity, cash_and_equivalents)",Tăng trưởng dòng tiền thuần so với vốn chủ sở hữu cho thấy hiệu quả sử dụng vốn và khả năng sinh lời từ hoạt động kinh doanh.,line_item,"cfo, equity, cash_and_equivalents",False,True,,,"(growth(cfo,2)*safe_div(equity,cash_and_equivalents))",3,3,True,True,False
gemma4-e2b-plecpu,2,F1-010,F1,P15-CTD17-associates,False,0,strict,associates_profit_growth_zscore,"zscore(growth(share_of_associates, 4)) * abs(revenue) * 0.5","Công thức này đo lường mức độ tăng trưởng lợi nhuận từ các công ty liên doanh/liên kết so với mức trung bình của toàn thị trường, được điều chỉnh theo quy mô doanh thu. Lợi suất cao khi mức tăng trưởng lợi nhuận của các liên kết cao hơn mức trung bình thị trường.",line_item,"share_of_associates, revenue",False,True,,,"(0.5*abs(revenue)*zscore(growth(share_of_associates,4)))",5,2,True,True,False
gemma4-e2b-plecpu,2,F1-010,F1,P15-CTD17-associates,False,1,strict,minority_interest_vs_equity_ratio_lag,"lag(minority_interest, 2) * safe_div(equity, total_assets)",Đo lường sự thay đổi trong mức độ lợi ích cổ đông không kiểm soát so với tỷ lệ vốn chủ sở hữu trên tổng tài sản. Sự biến động của tỷ lệ này có thể phản ánh sự thay đổi trong cấu trúc hoặc giá trị của các liên kết liên doanh.,line_item,"minority_interest, equity, total_assets",False,True,,,"(lag(minority_interest,2)*safe_div(equity,total_assets))",3,3,True,True,False
gemma4-e2b-plecpu,2,F1-010,F1,P15-CTD17-associates,False,2,strict,investments_associates_profit_return_delta,"delta(share_of_associates, 4) * financial_income","Công thức này tập trung vào sự thay đổi (delta) trong lợi nhuận từ các công ty liên kết, nhân với thu nhập tài chính. Nó đánh giá hiệu quả của các khoản đầu tư liên kết trong việc tạo ra dòng tiền hoạt động.",line_item,"share_of_associates, financial_income",False,True,,,"(delta(share_of_associates,4)*financial_income)",3,2,False,True,False
gemma4-e2b-plecpu,2,F2-015,F2,P15-CTD17-associates,False,0,strict,associates_profit_growth_zscore,"zscore(growth(share_of_associates, 1))","Công thức này đo lường mức độ tăng trưởng lợi nhuận từ các công ty liên kết trong kỳ so với mức trung bình của các công ty liên kết trong cùng kỳ, giúp xác định các cổ phiếu có tiềm năng tăng trưởng lợi nhuận từ liên kết.",line_item,Phần lợi nhuận từ các công ty liên kết trong năm,False,True,,,"zscore(growth(share_of_associates,1))",3,1,True,True,False
gemma4-e2b-plecpu,2,F2-015,F2,P15-CTD17-associates,False,1,strict,investments_associates_growth_lag_zscore,"zscore(growth(share_of_associates, 1), lag(share_of_associates, 1))","Đo lường sự thay đổi của tốc độ tăng trưởng lợi nhuận từ các công ty liên kết qua các quý, giúp nắm bắt xu hướng biến động của hiệu suất liên kết.",line_item,Phần lợi nhuận từ các công ty liên kết trong năm,False,False,bad_arity:zscore,,"zscore(growth(share_of_associates,1),lag(share_of_associates,1))",3,1,False,True,False
gemma4-e2b-plecpu,2,F2-015,F2,P15-CTD17-associates,False,2,strict,minority_interest_return_zscore,zscore(revenue * minority_interest),"Công thức này kết hợp doanh thu và lợi ích cổ đông không kiểm soát để đánh giá hiệu suất sinh lời của các cổ phiếu, phản ánh khả năng tạo ra doanh thu từ các liên kết.",note,Đầu tư vào các công ty liên kết,True,True,,,zscore((minority_interest*revenue)),3,2,True,False,False
gemma4-e2b-plecpu,2,F3-012,F3,P15-CTD17-associates,False,0,strict,associates_profit_ratio,"safe_div(share_of_associates, revenue)",Tỷ lệ lợi nhuận từ các công ty liên kết so với doanh thu cho thấy hiệu quả của mô hình liên doanh trong việc tạo ra thu nhập.,line_item,"share_of_associates, revenue",False,True,,,"safe_div(share_of_associates,revenue)",2,2,True,False,False
gemma4-e2b-plecpu,2,F3-012,F3,P15-CTD17-associates,False,1,strict,investments_growth_rate,"growth(investments_associates, 2)",Tốc độ tăng trưởng của khoản đầu tư vào công ty liên kết phản ánh sự mở rộng hoặc thu hẹp chiến lược liên kết của doanh nghiệp.,line_item,investments_associates,False,True,,,"growth(investments_associates,2)",2,1,True,True,False
gemma4-e2b-plecpu,2,F3-012,F3,P15-CTD17-associates,False,2,strict,minority_interest_ratio,"safe_div(minority_interest, equity)",Tỷ lệ lợi ích cổ đông không kiểm soát so với vốn chủ sở hữu có thể là chỉ báo về mức độ phụ thuộc hoặc rủi ro trong cấu trúc liên kết.,note,Đầu tư vào các công ty liên kết | 227.204.788.931 | 194.783.616.306,True,True,,,"safe_div(minority_interest,equity)",2,2,True,False,False
gemma4-e2b-plecpu,2,F4-010,F4,P15-CTD17-associates,False,0,strict,associate_profit_growth,"growth(share_of_associates, 2)",Tốc độ tăng trưởng lợi nhuận từ liên doanh là chỉ báo quan trọng cho hiệu quả của các liên kết.,line_item,share_of_associates,False,True,,,"growth(share_of_associates,2)",2,1,True,True,False
gemma4-e2b-plecpu,2,F4-010,F4,P15-CTD17-associates,False,1,strict,long_term_invest_volatility,"std(long_term_investments, 4)",Biến động của các khoản đầu tư dài hạn phản ánh mức độ rủi ro trong danh mục liên kết.,line_item,long_term_investments,False,True,,,"std(long_term_investments,4)",2,1,False,True,False
gemma4-e2b-plecpu,2,F4-010,F4,P15-CTD17-associates,False,2,strict,revenue_growth_vs_market,"zscore(growth(revenue, 4), growth(revenue, 4))",So sánh tốc độ tăng trưởng doanh thu với mức độ biến động của nó giúp đánh giá chất lượng tăng trưởng.,line_item,revenue,False,False,bad_arity:zscore,,"zscore(growth(revenue,4),growth(revenue,4))",3,1,False,True,False
gemma4-e2b-plecpu,2,F1-011,F1,P16-PVT17-associates,False,0,strict,associates_profit_growth_zscore,"zscore(growth(share_of_associates, 4)) * abs(revenue) * 0.5","Công thức này đo lường mức độ tăng trưởng lợi nhuận từ các công ty liên doanh/liên kết so với mức trung bình của thị trường, được điều chỉnh theo quy mô doanh thu. Lợi suất cao khi mức tăng trưởng lợi nhuận vượt trội so với các cổ phiếu khác.",line_item,"share_of_associates, revenue",False,False,duplicate,,"(0.5*abs(revenue)*zscore(growth(share_of_associates,4)))",5,2,False,True,False
gemma4-e2b-plecpu,2,F1-011,F1,P16-PVT17-associates,False,1,strict,investments_to_equity_ratio_lag,"lag(equity, 2) safe_div(total_assets, investments_associates)","Đo lường mức độ phụ thuộc của vốn chủ sở hữu vào các khoản đầu tư liên kết trong quá khứ. Tỷ lệ cao có thể chỉ ra rủi ro tập trung cao, ảnh hưởng tiêu cực đến lợi suất.",line_item,"equity, total_assets, investments_associates",False,False,syntax_error,,,,,False,True,False
gemma4-e2b-plecpu,2,F1-011,F1,P16-PVT17-associates,False,2,strict,minority_interest_return_delta,"delta(minority_interest, 4) * log(market_cap)","Đo lường sự biến động (delta) của lợi ích cổ đông không kiểm soát. Sự biến động mạnh trong lợi ích này, khi nhân với log của vốn hóa thị trường, có thể là tín hiệu cho sự thay đổi giá trị cổ phiếu.",line_item,"minority_interest, market_cap",False,True,,,"(delta(minority_interest,4)*log(market_cap))",3,2,True,True,False
gemma4-e2b-plecpu,2,F2-016,F2,P16-PVT17-associates,False,0,strict,return_on_associate_profit_growth,"growth(share_of_associates, 1) * safe_div(net_income, total_assets)","Công thức này đo lường mức độ tăng trưởng lợi nhuận từ các công ty liên kết so với tổng tài sản, phản ánh hiệu quả hoạt động của mảng kinh doanh liên kết.",line_item,Lợi nhuận thuần từ khoản đầu tư vào công ty liên kết,False,True,,,"(growth(share_of_associates,1)*safe_div(net_income,total_assets))",3,3,True,True,False
gemma4-e2b-plecpu,2,F2-016,F2,P16-PVT17-associates,False,1,strict,return_on_associate_share_profit_ratio,"share_of_associates * safe_div(net_income, total_assets)","Đo lường tỷ lệ đóng góp của lợi nhuận từ công ty liên kết vào lợi nhuận sau thuế của công ty mẹ, là thước đo trực tiếp về mức độ phụ thuộc và đóng góp của liên doanh.",line_item,"Phần lãi lỗ trong công ty liên doanh, liên kết",False,True,,,"(safe_div(net_income,total_assets)*share_of_associates)",3,3,True,False,False
gemma4-e2b-plecpu,2,F2-016,F2,P16-PVT17-associates,False,2,strict,return_on_investments_return_volatility,"std(share_of_associates, 4) * zscore(share_of_associates)","Công thức này sử dụng độ lệch chuẩn của phần lãi lỗ liên kết để đo lường sự biến động (rủi ro) của lợi suất liên quan, giúp xếp hạng các cổ phiếu có mức độ rủi ro cao hơn trong việc hưởng lợi từ liên kết.",note,Lợi nhuận thuần từ khoản đầu tư vào công ty liên kết,True,True,,,"(std(share_of_associates,4)*zscore(share_of_associates))",3,1,True,True,False
gemma4-e2b-plecpu,2,F3-013,F3,P16-PVT17-associates,False,0,strict,return_on_associate_profit_growth,"growth(share_of_associates, 1)","Tỷ lệ tăng trưởng lợi nhuận từ các công ty liên kết là chỉ báo trực tiếp về hiệu quả của mô hình liên doanh, dự báo lợi suất cao nếu tăng trưởng.",line_item,share_of_associates,False,True,,,"growth(share_of_associates,1)",2,1,True,True,False
gemma4-e2b-plecpu,2,F3-013,F3,P16-PVT17-associates,False,1,strict,associate_profit_to_net_income_ratio,"safe_div(share_of_associates, net_income)",Tỷ lệ phần lợi nhuận từ liên kết so với lợi nhuận sau thuế của công ty mẹ cho thấy mức độ đóng góp của hoạt động liên kết vào kết quả cuối cùng.,note,Lợi nhuận thuần từ khoản đầu tư vào công ty liên kết,True,True,,,"safe_div(share_of_associates,net_income)",2,2,True,False,False
gemma4-e2b-plecpu,2,F3-013,F3,P16-PVT17-associates,False,2,strict,investments_associates_growth_ratio,"growth(investments_associates, 2)",Tốc độ tăng trưởng của khoản đầu tư vào công ty liên kết phản ánh sự mở rộng chiến lược và tiềm năng tăng trưởng của danh mục liên kết.,line_item,investments_associates,False,False,duplicate,,"growth(investments_associates,2)",2,1,False,True,False
gemma4-e2b-plecpu,2,F1-012,F1,P17-NTP17-related_party,False,0,strict,short_term_receivable_to_asset_ratio_zscore,"zscore(short_term_receivables, k=4) * (1.0 safe_div(total_assets, short_term_receivables))","Công thức này đo lường mức độ rủi ro thanh khoản ngắn hạn của doanh nghiệp. Tỷ lệ phải thu ngắn hạn so với tổng tài sản, được chuẩn hóa để so sánh hiệu quả quản lý tài sản giữa các công ty.",line_item,"short_term_receivables, total_assets",False,False,syntax_error,,,,,False,False,False
gemma4-e2b-plecpu,2,F1-012,F1,P17-NTP17-related_party,False,1,strict,related_party_disclosed_growth_zscore,"growth(related_party_disclosed, k=2) * zscore(related_party_disclosed, k=8)",Đo lường mức độ minh bạch và rủi ro giao dịch với bên liên quan. Tăng trưởng trong việc công bố giao dịch với bên liên quan có thể là tín hiệu về sự thay đổi trong cấu trúc giao dịch hoặc rủi ro tiềm ẩn.,line_item,related_party_disclosed,False,False,syntax_error:keyword,,,,,False,True,False
gemma4-e2b-plecpu,2,F1-012,F1,P17-NTP17-related_party,False,2,strict,cfo_to_revenue_ratio_lag_1,"safe_div(cfo, revenue) lag(cfo, k=1)",Đánh giá khả năng tạo tiền mặt từ hoạt động kinh doanh cốt lõi. Tỷ lệ Lưu chuyển tiền thuần từ hoạt động kinh doanh so với doanh thu trong kỳ trước cho thấy chất lượng của dòng tiền tạo ra.,line_item,"cfo, revenue",False,False,syntax_error,,,,,False,True,False
gemma4-e2b-plecpu,2,F2-017,F2,P17-NTP17-related_party,False,0,strict,related_party_transaction_ratio,abs(revenue) safe_div(total_assets) * related_party_disclosed,"Công thức này đo lường mức độ giao dịch trong kỳ (revenue) so với tổng tài sản, được điều chỉnh bởi mức độ liên quan của các bên liên quan. Tỷ lệ cao có thể chỉ ra sự phụ thuộc hoặc rủi ro từ các giao dịch liên quan.",line_item,Danh sách các bên liên quan có giao dịch và số dư chủ yếu trong năm,False,False,syntax_error,,,,,False,False,False
gemma4-e2b-plecpu,2,F2-017,F2,P17-NTP17-related_party,False,1,strict,short_term_receivables_to_payables_ratio,abs(short_term_receivables) safe_div(payables_suppliers),"Tỷ lệ này đánh giá cấu trúc thanh khoản ngắn hạn của doanh nghiệp. Tỷ lệ cao cho thấy doanh nghiệp đang phụ thuộc nhiều hơn vào nguồn vốn ngắn hạn để chi trả nợ, làm tăng rủi ro thanh khoản.",line_item,"short_term_receivables: Các khoản phải thu ngắn hạn [VND, số dư cuối kỳ]",False,False,syntax_error,,,,,False,False,False
gemma4-e2b-plecpu,2,F2-017,F2,P17-NTP17-related_party,False,2,strict,net_income_growth_lag_1,"growth(net_income, 1)",Công thức này tập trung vào hiệu suất lợi nhuận trong kỳ. Tăng trưởng lợi nhuận trong quý trước có thể là một yếu tố dự báo hiệu suất tích cực cho quý tiếp theo.,note,Thu nhập của Hội đồng Quản trị và Ban Tổng Giám đốc được hưởng trong năm như sau,True,False,duplicate,,"growth(net_income,1)",2,1,False,True,False
gemma4-e2b-plecpu,2,F3-014,F3,P17-NTP17-related_party,False,0,strict,related_party_exposure_ratio,abs(related_party_disclosed) * (short_term_receivables + payables_suppliers) / total_assets,"Tỷ lệ giao dịch với bên liên quan so với tổng tài sản và các khoản phải thu/phải trả ngắn hạn cho thấy mức độ rủi ro và sự phụ thuộc vào các bên liên quan, ảnh hưởng tiêu cực đến lợi suất.",line_item,"related_party_disclosed, short_term_receivables, payables_suppliers, total_assets",False,False,raw_division,,(((payables_suppliers+short_term_receivables)*abs(related_party_disclosed))/total_assets),4,4,False,False,True
gemma4-e2b-plecpu,2,F3-014,F3,P17-NTP17-related_party,False,1,strict,revenue_to_related_party_ratio,revenue / (short_term_receivables + payables_suppliers),"Tỷ lệ doanh thu so với các khoản phải thu/phải trả ngắn hạn cho thấy khả năng thanh khoản và chất lượng doanh thu, doanh thu cao hơn so với nghĩa vụ ngắn hạn có thể là tín hiệu tốt.",note,Danh sách các bên liên quan có giao dịch và số dư chủ yếu trong năm,True,False,raw_division,,(revenue/(payables_suppliers+short_term_receivables)),3,3,False,False,False
gemma4-e2b-plecpu,2,F3-014,F3,P17-NTP17-related_party,False,2,strict,net_income_to_market_cap_ratio,"safe_div(net_income, market_cap)","Lợi nhuận sau thuế trên vốn hóa thị trường là thước đo cơ bản về hiệu suất sinh lời, cổ phiếu có lợi nhuận cao hơn so với vốn hóa sẽ có lợi suất cao hơn.",line_item,"net_income, market_cap",False,False,copied_fewshot,,"safe_div(net_income,market_cap)",2,2,False,False,False
gemma4-e2b-plecpu,2,F2-018,F2,P18-MWG24-related_party,False,0,strict,related_party_exposure_ratio,"abs(related_party_disclosed) * safe_div(revenue, total_assets)","Công thức này đo lường mức độ phụ thuộc của doanh nghiệp vào các giao dịch với bên liên quan so với quy mô tài sản, cho thấy rủi ro từ các mối quan hệ này.",line_item,Danh sách các giao dịch trọng yếu của Công ty với các bên liên quan trong năm nay,False,True,,,"(abs(related_party_disclosed)*safe_div(revenue,total_assets))",3,3,True,False,True
gemma4-e2b-plecpu,2,F2-018,F2,P18-MWG24-related_party,False,1,strict,profit_vs_related_party_income_growth,growth(net_income) * growth(related_party_disclosed),"Đánh giá xem lợi nhuận có tăng trưởng đồng bộ với mức độ giao dịch với bên liên quan hay không, cho thấy chất lượng lợi nhuận.",note,Thu nhập của các thành viên của Hội đồng Quản trị và Tổng Giám đốc,True,False,bad_arity:growth,,(growth(net_income)*growth(related_party_disclosed)),3,2,False,True,True
gemma4-e2b-plecpu,2,F2-018,F2,P18-MWG24-related_party,False,2,strict,short_term_receivable_to_revenue_ratio,"safe_div(short_term_receivables, revenue)","Tỷ lệ này đo lường khả năng thanh khoản ngắn hạn của doanh nghiệp, một yếu tố quan trọng trong đánh giá rủi ro giao dịch.",line_item,"short_term_receivables: Các khoản phải thu ngắn hạn [VND, số dư cuối kỳ]",False,True,,,"safe_div(short_term_receivables,revenue)",2,2,True,False,False
gemma4-e2b-plecpu,2,F4-011,F4,P18-MWG24-related_party,False,0,strict,short_term_receivable_ratio,"zscore(short_term_receivables, 4)",Tỷ lệ phải thu ngắn hạn chuẩn hóa giúp đánh giá mức độ rủi ro thanh khoản của doanh nghiệp.,line_item,short_term_receivables,False,False,bad_arity:zscore,,"zscore(short_term_receivables,4)",2,1,False,False,False
gemma4-e2b-plecpu,2,F4-011,F4,P18-MWG24-related_party,False,1,strict,cfo_vs_revenue_growth,"growth(cfo, 2) safe_div(growth(revenue, 2), growth(cfo, 2))",So sánh tốc độ tăng trưởng dòng tiền với doanh thu cho thấy chất lượng của dòng tiền tạo ra.,line_item,"cfo, revenue",False,False,syntax_error,,,,,False,True,False
gemma4-e2b-plecpu,2,F4-011,F4,P18-MWG24-related_party,False,2,strict,related_party_exposure_rank,rank(related_party_disclosed),Mức độ giao dịch với bên liên quan là tín hiệu quan trọng về tính minh bạch và rủi ro tiềm ẩn.,line_item,related_party_disclosed,False,True,,,rank(related_party_disclosed),2,1,True,False,True
gemma4-e2b-plecpu,2,F1-013,F1,P19-GAS17-commitments,False,0,strict,contingent_liability_exposure_zscore,"zscore(contingent_liabilities_disclosed, 4)","Đo lường mức độ biến động của các cam kết/nợ tiềm tàng so với mức trung bình của toàn thị trường, cho thấy rủi ro tiềm ẩn được định giá như thế nào.",line_item,contingent_liabilities_disclosed,False,False,bad_arity:zscore,,"zscore(contingent_liabilities_disclosed,4)",2,1,False,False,True
gemma4-e2b-plecpu,2,F1-013,F1,P19-GAS17-commitments,False,1,strict,debt_to_asset_volatility_lag_1,"abs(lag(long_term_debt, 1) safe_div(total_assets, cash_and_equivalents))","Đánh giá sự biến động của tỷ lệ nợ dài hạn trên tổng tài sản qua các quý, giúp xác định các giai đoạn mà rủi ro tài chính (nợ) có thể tăng cao.",line_item,long_term_debt,False,False,syntax_error,,,,,False,True,False
gemma4-e2b-plecpu,2,F1-013,F1,P19-GAS17-commitments,False,2,strict,cash_flow_vs_net_income_growth_ratio,"growth(cfo, 2) * log(net_income)","So sánh tốc độ tăng trưởng của dòng tiền thuần với lợi nhuận sau thuế, một chỉ báo về chất lượng lợi nhuận và khả năng tạo ra dòng tiền thực tế.",line_item,cfo,False,True,,,"(growth(cfo,2)*log(net_income))",3,2,True,True,False
gemma4-e2b-plecpu,2,F2-019,F2,P19-GAS17-commitments,False,0,strict,contingent_liability_exposure_ratio,"abs(contingent_liabilities_disclosed) * safe_div(total_assets, cash_and_equivalents)","Công thức này đo lường mức độ rủi ro tiềm tàng (cam kết/nợ tiềm tàng) so với tổng tài sản, cho thấy mức độ phụ thuộc của công ty vào các nghĩa vụ chưa được ghi nhận. Tỷ lệ cao có thể báo hiệu rủi ro tài chính cao.",line_item,39. CÁC KHOÀN CAM KẾT,False,True,,,"(abs(contingent_liabilities_disclosed)*safe_div(total_assets,cash_and_equivalents))",3,3,True,False,True
gemma4-e2b-plecpu,2,F2-019,F2,P19-GAS17-commitments,False,1,strict,construction_commitment_growth,"growth(construction_in_progress) * safe_div(revenue, construction_in_progress)","Đo lường tốc độ tăng trưởng của các dự án đang thực hiện (construction_in_progress) so với doanh thu, giúp đánh giá mức độ mở rộng hoạt động dựa trên các cam kết đầu tư.",note,Cam kết vốn liên quan tối một số dự án đầu tư xây dựng cơ bản lớn đang thực hiện chưa hoàn thành sau,True,False,bad_arity:growth,,"(growth(construction_in_progress)*safe_div(revenue,construction_in_progress))",3,2,False,True,False
gemma4-e2b-plecpu,2,F2-019,F2,P19-GAS17-commitments,False,2,strict,cfo_to_liabilities_ratio,"safe_div(cfo, total_liabilities)","Tỷ lệ này đánh giá khả năng thanh toán ngắn hạn thông qua dòng tiền hoạt động so với tổng nợ phải trả, là chỉ số quan trọng về sức khỏe tài chính tức thời.",line_item,"cfo, total_liabilities",False,True,,,"safe_div(cfo,total_liabilities)",2,2,True,False,False
gemma4-e2b-plecpu,2,F3-015,F3,P19-GAS17-commitments,False,0,recovered,contingent_liability_exposure,"abs(contingent_liabilities_disclosed) * growth(revenue, 1)","Mức độ cam kết tiềm tàng (contingent_liabilities_disclosed) càng lớn so với doanh thu trong kỳ càng cho thấy rủi ro tài chính chưa được định giá đầy đủ, làm giảm lợi suất.",line_item,"contingent_liabilities_disclosed, revenue",False,True,,,"(abs(contingent_liabilities_disclosed)*growth(revenue,1))",3,2,True,True,True
gemma4-e2b-plecpu,2,F3-015,F3,P19-GAS17-commitments,False,1,recovered,cam_ket_revenue_growth,"growth(revenue, 2)","Tăng trưởng doanh thu trong kỳ phản ánh khả năng thực hiện các cam kết kinh doanh trong tương lai, một yếu tố quan trọng cho lợi suất cổ phiếu.",note,"Cam kết mua hàng, Cam kết bán hàng",False,True,,,"growth(revenue,2)",2,1,True,True,False
gemma4-e2b-plecpu,2,F4-012,F4,P19-GAS17-commitments,False,0,recovered,contingent_risk_exposure,"abs(contingent_liabilities_disclosed) * safe_div(1 + cash_and_equivalents, total_assets)","Mức độ rủi ro tiềm ẩn (nợ tiềm tàng) so với tài sản cho thấy mức độ rủi ro tài chính của công ty, ảnh hưởng tiêu cực đến lợi suất.",line_item,"contingent_liabilities_disclosed, cash_and_equivalents, total_assets",False,True,,,"(abs(contingent_liabilities_disclosed)*safe_div((1+cash_and_equivalents),total_assets))",4,3,True,False,True
gemma4-e2b-plecpu,2,F4-012,F4,P19-GAS17-commitments,False,1,recovered,cash_flow_momentum,"growth(cfo, 2) * log(revenue)",Tăng trưởng lưu chuyển tiền thuần kết hợp với mức độ tăng trưởng doanh thu thể hiện sức khỏe hoạt động và khả năng tạo dòng tiền trong tương lai.,line_item,"cfo, revenue",False,True,,,"(growth(cfo,2)*log(revenue))",3,2,True,True,False
gemma4-e2b-plecpu,2,F4-012,F4,P19-GAS17-commitments,False,2,recovered,balance_sheet_solvency_ratio,"zscore(equity, 4) - zscore(total_liabilities, 4)","Tỷ lệ giữa vốn chủ sở hữu và nợ cho thấy khả năng thanh toán và cấu trúc vốn, là yếu tố quan trọng cho lợi suất cổ phiếu.",line_item,"equity, total_liabilities",False,False,bad_arity:zscore,,"(zscore(equity,4)-zscore(total_liabilities,4))",3,2,False,False,False
gemma4-e2b-plecpu,2,F1-014,F1,P20-VNM24-segment,False,0,strict,revenue_profit_ratio_lag_1,"growth(gross_profit, 1) * zscore(gross_profit)","Công thức này đo lường tốc độ tăng trưởng lợi nhuận gộp trong quý trước so với mức trung bình của toàn thị trường, cho thấy khả năng duy trì hiệu suất lợi nhuận ổn định.",line_item,"gross_profit, growth, zscore",False,True,,,"(growth(gross_profit,1)*zscore(gross_profit))",3,1,True,True,False
gemma4-e2b-plecpu,2,F1-014,F1,P20-VNM24-segment,False,1,strict,operating_profit_vs_revenue_ratio_lag_2,"abs(revenue - lag(revenue, 2)) safe_div(gross_profit, revenue) * zscore(operating_profit)","Đo lường sự biến động của biên lợi nhuận hoạt động (operating margin) qua hai quý, so sánh với phân phối của lợi nhuận hoạt động trên toàn thị trường.",line_item,"revenue, gross_profit, operating_profit, lag, safe_div, zscore",False,False,syntax_error,,,,,False,True,False
gemma4-e2b-plecpu,2,F1-014,F1,P20-VNM24-segment,False,2,strict,segment_disclosed_impact_ratio_lag_1,"segment_disclosed * growth(net_income, 1)","Đánh giá mức độ tác động của việc công bố phân khúc (segment_disclosed) lên lợi nhuận sau thuế trong quý tiếp theo, ngụ ý về chất lượng của các hoạt động kinh doanh được công bố.",line_item,"segment_disclosed, net_income, growth",False,True,,,"(growth(net_income,1)*segment_disclosed)",3,2,True,True,True
gemma4-e2b-plecpu,2,F2-020,F2,P20-VNM24-segment,False,0,strict,revenue_profit_ratio_zscore,zscore(gross_profit) * log(gross_revenue),"Công thức này đo lường hiệu suất lợi nhuận gộp (gross_profit) so với doanh thu trong kỳ, được chuẩn hóa theo lát cắt ngang. Lợi nhuận cao hơn so với doanh thu trong cùng kỳ thường cho thấy khả năng định giá tốt hơn.",line_item,Doanh thu thuầnGiá vốn hàng bán và dịch vụ cung cấp,False,True,,,(log(gross_revenue)*zscore(gross_profit)),3,2,True,False,False
gemma4-e2b-plecpu,2,F2-020,F2,P20-VNM24-segment,False,1,strict,operating_profit_growth_lag,"growth(operating_profit, 1) * lag(operating_profit, 2)",Đo lường tốc độ tăng trưởng của lợi nhuận hoạt động (operating_profit) trong các quý gần nhất. Tốc độ tăng trưởng ổn định của lợi nhuận hoạt động thường là tín hiệu tích cực cho giá cổ phiếu.,note,Kết quả của bộ phận bao gồm các khoản mục phân bổ trực tiếp cho một bộ phận cũng như phân bổ cho các bộ phận theo một cơ sở hợp lý.,True,True,,,"(growth(operating_profit,1)*lag(operating_profit,2))",3,1,True,True,False
gemma4-e2b-plecpu,2,F2-020,F2,P20-VNM24-segment,False,2,strict,gross_profit_zscore_lag,"zscore(gross_profit, 4) * lag(gross_profit, 1)","Công thức này sử dụng lợi nhuận gộp (gross_profit) đã được chuẩn hóa và so sánh với giá trị của nó trong quý trước. Nó tìm kiếm sự biến động mạnh của lợi nhuận gộp trong chuỗi thời gian, cho thấy tính nhạy cảm của lợi nhuận với các yếu tố thị trường.",line_item,gross_profit,False,False,bad_arity:zscore,,"(lag(gross_profit,1)*zscore(gross_profit,4))",3,1,False,True,False
gemma4-e2b-plecpu,2,F3-016,F3,P20-VNM24-segment,False,0,strict,segment_profit_ratio_q1,rank(gross_profit / revenue),"Xếp hạng dựa trên biên lợi nhuận gộp (gross_profit/revenue) trong kỳ, thể hiện hiệu quả cốt lõi của doanh nghiệp.",line_item,"gross_profit, revenue",False,False,raw_division,,rank((gross_profit/revenue)),3,2,False,False,False
gemma4-e2b-plecpu,2,F3-016,F3,P20-VNM24-segment,False,1,strict,geographic_revenue_growth_q1,"growth(revenue, 1)","Đo lường tốc độ tăng trưởng doanh thu thuần trong quý, phản ánh sức khỏe thị trường và khả năng mở rộng hoạt động.",note,Doanh thu của bộ phận được trình bày dựa vào vị trí địa lý của khách hàng tại Việt Nam”,False,False,duplicate,,"growth(revenue,1)",2,1,False,True,False
gemma4-e2b-plecpu,2,F3-016,F3,P20-VNM24-segment,False,2,strict,operating_profit_to_revenue_ratio_q1,safe_div(operating_profit / revenue),"Tỷ lệ lợi nhuận thuần từ hoạt động kinh doanh trên doanh thu, đánh giá hiệu quả hoạt động kinh doanh cốt lõi.",line_item,"operating_profit, revenue",False,False,bad_arity:safe_div|raw_division,,safe_div((operating_profit/revenue)),3,2,False,False,False
gemma4-e2b-plecpu,2,F2-021,F2,P21-PC124-segment,False,0,strict,revenue_profit_ratio_zscore,zscore(gross_profit) * zscore(revenue),"Công thức này đo lường mức độ hiệu quả chuyển đổi doanh thu thành lợi nhuận trong kỳ, được chuẩn hóa theo lát cắt ngang toàn thị trường. Cổ phiếu có điểm cao cho thấy khả năng quản lý chi phí và định giá tốt hơn.",line_item,Kết quả kinh doanh của bộ phân,False,True,,,(zscore(gross_profit)*zscore(revenue)),3,2,True,False,False
gemma4-e2b-plecpu,2,F2-021,F2,P21-PC124-segment,False,1,strict,segment_revenue_growth_lag_zscore,"growth(revenue, 1) * zscore(revenue)","Đo lường tốc độ tăng trưởng doanh thu của bộ phận Xây lắp và xây dựng so với mức trung bình của toàn thị trường, giúp xác định các cổ phiếu có tiềm năng tăng trưởng doanh thu mạnh mẽ.",note,Xây lắp và xây dựng VND,True,True,,,"(growth(revenue,1)*zscore(revenue))",3,1,True,True,False
gemma4-e2b-plecpu,2,F2-021,F2,P21-PC124-segment,False,2,strict,gross_profit_lag_zscore,"lag(gross_profit, 1) * zscore(gross_profit)",Đánh giá hiệu suất lợi nhuận gộp của kỳ trước so với phân phối lợi nhuận của toàn thị trường. Đây là một chỉ báo về tính bền vững của lợi nhuận trong các quý liên tiếp.,line_item,Kết quả kinh doanh của bộ phân,False,True,,,"(lag(gross_profit,1)*zscore(gross_profit))",3,1,True,True,False
gemma4-e2b-plecpu,2,F4-013,F4,P21-PC124-segment,False,0,strict,profit_margin_momentum,"growth(gross_profit, 1) * zscore(gross_profit, 4)",Tốc độ tăng lợi nhuận gộp trong quý trước có thể dự báo xu hướng lợi nhuận trong quý tới.,line_item,gross_profit,False,False,bad_arity:zscore,,"(growth(gross_profit,1)*zscore(gross_profit,4))",3,1,False,True,False
gemma4-e2b-plecpu,2,F4-013,F4,P21-PC124-segment,False,1,strict,revenue_vs_cost_lag,"abs(gross_revenue - cogs) * lag(gross_revenue, 1)",Sự chênh lệch giữa doanh thu và giá vốn trong kỳ trước có thể phản ánh biên lợi nhuận cơ bản.,line_item,"gross_revenue, cogs",False,True,,,"(abs((gross_revenue-cogs))*lag(gross_revenue,1))",4,2,False,True,False
gemma4-e2b-plecpu,2,F4-013,F4,P21-PC124-segment,False,2,strict,operating_profit_mean_rank,"rank(operating_profit) * mean(operating_profit, 2)",Xếp hạng lợi nhuận hoạt động so với mức trung bình giúp xác định các quý có hiệu suất vượt trội.,line_item,operating_profit,False,True,,,"(mean(operating_profit,2)*rank(operating_profit))",3,1,True,True,False
gemma4-e2b-plecpu,2,F2-022,F2,P22-PNJ17-tax,False,0,strict,tax_expense_ratio_lag_1,"abs(current_tax_expense lag(current_tax_expense, 1)) safe_div(revenue, total_assets)","Công thức này đo lường mức độ biến động của chi phí thuế TNDN so với doanh thu trong kỳ trước, sau đó chuẩn hóa bằng tổng tài sản để đánh giá hiệu quả thuế trong kỳ.",line_item,Chi phí thuế thu nhập doanh nghiệp tính trên thu nhập tính thuế năm hiện hành,False,False,syntax_error,,,,,False,True,False
gemma4-e2b-plecpu,2,F2-022,F2,P22-PNJ17-tax,False,1,strict,tax_to_profit_ratio_growth_2,"growth(net_income, 2) safe_div(current_tax_expense, pretax_profit)","Đo lường tốc độ tăng trưởng của tỷ lệ chi phí thuế so với lợi nhuận trước thuế trong hai quý gần nhất, giúp đánh giá sự thay đổi trong cấu trúc thuế của công ty.",note,Công ty có nghĩa vụ nộp thuê thu nhập doanh nghiệp theo tỷ lệ 20% (2016:20%) trên thu nhập tính thuế,True,False,syntax_error,,,,,False,True,False
gemma4-e2b-plecpu,2,F2-022,F2,P22-PNJ17-tax,False,2,strict,tax_expense_zscore_current,zscore(current_tax_expense),"Sử dụng Z-score của chi phí thuế TNDN hiện hành để xếp hạng, giúp xác định các quý có mức chi phí thuế bất thường so với phân phối của các quý khác.",line_item,current_tax_expense,False,True,,,zscore(current_tax_expense),2,1,True,False,False
gemma4-e2b-plecpu,2,F3-017,F3,P22-PNJ17-tax,False,0,strict,tax_expense_ratio_current,abs(current_tax_expense) / revenue,"Tỷ lệ chi phí thuế TNDN hiện hành trên doanh thu cho thấy gánh nặng thuế trực tiếp của kỳ, một chỉ báo về chất lượng lợi nhuận sau thuế.",line_item,"current_tax_expense, revenue",False,False,raw_division,,(abs(current_tax_expense)/revenue),3,2,False,False,False
gemma4-e2b-plecpu,2,F3-017,F3,P22-PNJ17-tax,False,1,strict,tax_to_profit_ratio,"safe_div(current_tax_expense, pretax_profit)","Tỷ lệ chi phí thuế so với lợi nhuận trước thuế đo lường mức độ ảnh hưởng của thuế lên lợi nhuận tổng thể, giúp đánh giá chất lượng lợi nhuận.",line_item,"current_tax_expense, pretax_profit",False,True,,,"safe_div(current_tax_expense,pretax_profit)",2,2,True,False,False
gemma4-e2b-plecpu,2,F3-017,F3,P22-PNJ17-tax,False,2,strict,profit_to_assets_ratio,"safe_div(operating_profit, total_assets)",Tỷ lệ lợi nhuận từ hoạt động kinh doanh so với tổng tài sản cho thấy hiệu quả sử dụng tài sản trong việc tạo ra lợi nhuận.,line_item,"operating_profit, total_assets",False,True,,,"safe_div(operating_profit,total_assets)",2,2,True,False,False
gemma4-e2b-plecpu,2,F1-015,F1,P23-VCB24-bank_loans,True,0,strict,credit_quality_vs_asset_size_ratio,"zscore(cfo, 4) * log(total_assets) * (1 - equity / total_assets)","Công thức này đo lường hiệu quả sử dụng tiền mặt (cfo) so với quy mô tài sản và mức độ đòn bẩy (equity/total_assets). Giá trị cao cho thấy khả năng tạo ra dòng tiền tốt hơn so với quy mô tài sản, dự đoán lợi suất cao hơn.",line_item,"cfo, total_assets, equity",False,False,bad_arity:zscore|raw_division,,"((1-(equity/total_assets))*log(total_assets)*zscore(cfo,4))",4,3,False,False,False
gemma4-e2b-plecpu,2,F1-015,F1,P23-VCB24-bank_loans,True,1,strict,risk_exposure_to_related_party_and_audit_risk,"abs(related_party_disclosed) * (1 + audit_opinion_qualified) * zscore(pretax_profit, 8)","Công thức này tập trung vào rủi ro quản trị và chất lượng báo cáo. Tỷ lệ cao của các giao dịch với bên liên quan hoặc ý kiến kiểm toán không chấp nhận toàn phần cho thấy rủi ro tiềm ẩn, có thể ảnh hưởng tiêu cực đến lợi suất.",line_item,"related_party_disclosed, audit_opinion_qualified, pretax_profit",False,False,bad_arity:zscore,,"((1+audit_opinion_qualified)*abs(related_party_disclosed)*zscore(pretax_profit,8))",4,3,False,False,True
gemma4-e2b-plecpu,2,F1-015,F1,P23-VCB24-bank_loans,True,2,strict,liquidity_and_solvency_indicator,"mean(cff, 2) * safe_div(equity, total_assets) * (1 - going_concern_flag)","Công thức này đánh giá khả năng thanh khoản và khả năng thanh toán. Lưu chuyển tiền từ hoạt động tài chính (cff) kết hợp với tỷ lệ vốn chủ sở hữu trên tổng tài sản, và yếu tố khả năng hoạt động liên tục, giúp định lượng rủi ro thanh khoản.",line_item,"cff, equity, total_assets, going_concern_flag",False,True,,,"((1-going_concern_flag)*mean(cff,2)*safe_div(equity,total_assets))",4,4,True,True,True
gemma4-e2b-plecpu,2,F2-023,F2,P23-VCB24-bank_loans,True,0,strict,loan_quality_vs_total_assets_lag_1,"zscore(lag(total_assets, 1))","Đo lường sự thay đổi tương đối của tổng tài sản qua các quý, giúp xác định các quý có sự biến động bất thường trong cơ cấu tài sản, có thể liên quan đến chất lượng danh mục cho vay.",note,Cho vay khách hàng | 31/12/2024 | 31/12/2023,False,True,,,"zscore(lag(total_assets,1))",3,1,True,True,False
gemma4-e2b-plecpu,2,F2-023,F2,P23-VCB24-bank_loans,True,1,strict,net_income_growth_vs_market_cap_lag_2,"growth(net_income, 2) * zscore(market_cap)","Đánh giá mối quan hệ giữa sự tăng trưởng lợi nhuận sau thuế trong hai quý trước và vốn hóa thị trường, xem xét liệu lợi nhuận có được thị trường định giá đúng mức hay không.",line_item,net_income,False,True,,,"(growth(net_income,2)*zscore(market_cap))",3,2,True,True,False
gemma4-e2b-plecpu,2,F2-023,F2,P23-VCB24-bank_loans,True,2,strict,cfo_vs_equity_delta_1,"delta(cfo, 1) * safe_div(equity, 1)","Phân tích sự thay đổi của dòng tiền thuần từ hoạt động kinh doanh so với vốn chủ sở hữu, một chỉ báo quan trọng về khả năng tạo ra dòng tiền bền vững từ hoạt động cốt lõi.",line_item,cfo,False,True,,,"(delta(cfo,1)*safe_div(equity,1))",3,2,True,True,False
gemma4-e2b-plecpu,2,F3-018,F3,P23-VCB24-bank_loans,True,0,strict,credit_quality_ratio_lag,"lag(safe_div(net_income, Nợ đủ tiêu chuẩn), 1)","Tỷ lệ lợi nhuận sau thuế trên nợ đủ tiêu chuẩn là thước đo trực tiếp về khả năng tạo ra lợi nhuận từ các khoản nợ an toàn, dự báo chất lượng tín dụng tốt.",note,Nợ đủ tiêu chuẩn,True,False,syntax_error,,,,,False,True,False
gemma4-e2b-plecpu,2,F3-018,F3,P23-VCB24-bank_loans,True,1,strict,provision_to_loan_ratio_delta,"delta(safe_div(Nợ nghi ngờ, Nợ đủ tiêu chuẩn), 1)","Sự thay đổi của tỷ lệ nợ nghi ngờ so với nợ đủ tiêu chuẩn cho thấy mức độ rủi ro tín dụng đang thay đổi, ảnh hưởng trực tiếp đến khả năng dự phòng rủi ro.",line_item,"Nợ nghi ngờ, Nợ đủ tiêu chuẩn",False,False,syntax_error,,,,,False,True,False
gemma4-e2b-plecpu,2,F3-018,F3,P23-VCB24-bank_loans,True,2,strict,contingent_risk_flag,abs(related_party_disclosed) * (1 - going_concern_flag),"Các yếu tố như giao dịch với bên liên quan và nghi ngờ khả năng hoạt động liên tục là các tín hiệu cảnh báo rủi ro tiềm ẩn, làm giảm chất lượng cổ phiếu.",note,"related_party_disclosed, going_concern_flag",False,True,,,((1-going_concern_flag)*abs(related_party_disclosed)),3,2,True,False,True
gemma4-e2b-plecpu,2,F4-014,F4,P23-VCB24-bank_loans,True,0,strict,credit_quality_vs_profit_ratio,"zscore(pretax_profit, 4) * safe_div(total_assets, equity)",Tỷ lệ lợi nhuận so với tổng tài sản được chuẩn hóa để đánh giá hiệu quả sinh lời của ngân hàng.,line_item,"pretax_profit, total_assets, equity",False,False,bad_arity:zscore,,"(safe_div(total_assets,equity)*zscore(pretax_profit,4))",3,3,False,False,False
gemma4-e2b-plecpu,2,F4-014,F4,P23-VCB24-bank_loans,True,1,strict,liquidity_to_solvency_ratio,"abs(cfo) * safe_div(total_assets, equity)",Lưu chuyển tiền thuần từ hoạt động kinh doanh so với tỷ lệ tài sản trên vốn chủ sở hữu phản ánh khả năng tạo tiền mặt từ hoạt động cốt lõi.,line_item,"cfo, total_assets, equity",False,True,,,"(abs(cfo)*safe_div(total_assets,equity))",3,3,True,False,False
gemma4-e2b-plecpu,2,F4-014,F4,P23-VCB24-bank_loans,True,2,strict,risk_exposure_signal,"lag(related_party_disclosed, 2) * zscore(net_income, 4)",Tần suất giao dịch với bên liên quan kết hợp với lợi nhuận sau thuế là tín hiệu rủi ro tiềm ẩn.,line_item,"related_party_disclosed, net_income",False,False,bad_arity:zscore,,"(lag(related_party_disclosed,2)*zscore(net_income,4))",3,2,False,True,True
gemma4-e2b-plecpu,2,F1-016,F1,P24-SHB17-bank_loans,True,0,strict,credit_quality_vs_asset_size_ratio,"zscore(pretax_profit, k=4) * safe_div(total_assets, equity)","Công thức này đo lường hiệu quả sinh lời (lợi nhuận trước thuế) so với quy mô tài sản và vốn chủ sở hữu. Tỷ lệ này giúp đánh giá khả năng tạo ra lợi nhuận từ quy mô tài sản hiện có, một chỉ báo quan trọng về chất lượng hoạt động kinh doanh.",line_item,"pretax_profit, total_assets, equity",False,False,syntax_error:keyword,,,,,False,False,False
gemma4-e2b-plecpu,2,F1-016,F1,P24-SHB17-bank_loans,True,1,strict,risk_exposure_to_related_party_and_audit_risk,abs(related_party_disclosed) * (1 - audit_opinion_qualified),"Công thức này tập trung vào rủi ro quản trị và minh bạch. Mức độ giao dịch với bên liên quan và ý kiến kiểm toán không phải chấp nhận toàn phần là các tín hiệu tiêu cực về quản trị và rủi ro tiềm ẩn trong danh mục, ảnh hưởng tiêu cực đến lợi suất.",line_item,"related_party_disclosed, audit_opinion_qualified",False,True,,,((1-audit_opinion_qualified)*abs(related_party_disclosed)),3,2,True,False,True
gemma4-e2b-plecpu,2,F1-016,F1,P24-SHB17-bank_loans,True,2,strict,cash_flow_generation_relative_to_size,"growth(cfo, k=2) * safe_div(total_assets, market_cap)",Công thức này đánh giá khả năng tạo ra dòng tiền hoạt động (CFO) tăng trưởng so với quy mô tài sản và vốn hóa thị trường. Dòng tiền mạnh mẽ trong bối cảnh quy mô lớn cho thấy khả năng quản lý rủi ro tín dụng hiệu quả.,line_item,"cfo, total_assets, market_cap",False,False,syntax_error:keyword,,,,,False,True,False
gemma4-e2b-plecpu,2,F2-024,F2,P24-SHB17-bank_loans,True,0,strict,loan_quality_ratio_lag_1,"growth(Nợ đủ tiêu chuẩn, 1) * safe_div(Nợ đủ tiêu chuẩn, Nợ đủ tiêu chuẩn + Nợ cần chú ý)","Đo lường sự thay đổi tương đối của tỷ lệ nợ đủ tiêu chuẩn so với tổng nợ, phản ánh chất lượng danh mục cho vay trong kỳ.",note,11.1 Phân tích chất lượng nợ cho vay,True,False,syntax_error,,,,,False,True,False
gemma4-e2b-plecpu,2,F2-024,F2,P24-SHB17-bank_loans,True,1,strict,debt_to_total_ratio_zscore,"zscore(Nợ đủ tiêu chuẩn, Nợ đủ tiêu chuẩn + Nợ cần chú ý + Nợ dưới tiêu chuẩn + Nợ nghi ngờ)",Đo lường mức độ rủi ro tổng thể của danh mục cho vay bằng cách chuẩn hóa tỷ lệ nợ xấu so với các cổ phiếu khác trong cùng kỳ.,line_item,11.1 Phân tích chất lượng nợ cho vay,False,False,syntax_error,,,,,False,False,False
gemma4-e2b-plecpu,2,F2-024,F2,P24-SHB17-bank_loans,True,2,strict,loan_growth_vs_prev_quarter,"growth(Nợ đủ tiêu chuẩn, 1) * growth(Nợ dưới tiêu chuẩn, 1)",Kết hợp tốc độ tăng trưởng của nợ đủ tiêu chuẩn và nợ dưới tiêu chuẩn để đánh giá sự ổn định và rủi ro trong danh mục cho vay.,line_item,11.1 Phân tích chất lượng nợ cho vay,False,False,syntax_error,,,,,False,True,False
gemma4-e2b-plecpu,2,F3-019,F3,P24-SHB17-bank_loans,True,0,strict,loan_quality_ratio_change,"delta(safe_div(Nợ đủ tiêu chuẩn, total_assets), 4)","Tỷ lệ nợ đủ tiêu chuẩn so với tổng tài sản là thước đo trực tiếp về chất lượng danh mục cho vay, sự gia tăng cho thấy chất lượng rủi ro tín dụng đang được cải thiện.",line_item,"Nợ đủ tiêu chuẩn, total_assets",False,False,syntax_error,,,,,False,True,False
gemma4-e2b-plecpu,2,F3-019,F3,P24-SHB17-bank_loans,True,1,strict,loan_to_total_assets_growth,"growth(safe_div(Nợ đủ tiêu chuẩn, total_assets), 4)","Tốc độ tăng trưởng của tỷ lệ nợ đủ tiêu chuẩn cho thấy khả năng mở rộng danh mục tín dụng chất lượng trong quý, là tín hiệu tích cực cho lợi suất.",line_item,"Nợ đủ tiêu chuẩn, total_assets",False,False,syntax_error,,,,,False,True,False
gemma4-e2b-plecpu,2,F3-019,F3,P24-SHB17-bank_loans,True,2,strict,going_concern_signal,abs(going_concern_flag),"Sự hiện diện của cảnh báo về khả năng hoạt động liên tục (going_concern_flag) là một yếu tố rủi ro lớn, có thể ảnh hưởng tiêu cực đến lợi suất cổ phiếu.",note,Thuyết minh có nêu nghi ngờ khả năng hoạt động liên tục,False,True,,,abs(going_concern_flag),2,1,True,False,True
gemma4-e2b-plecpu,2,F1-017,F1,P25-BVS24-fin_assets,True,0,strict,cfo_to_equity_ratio_lag1,"abs(cfo(t-1)) safe_div(equity(t), total_assets(t))","Tỷ lệ CFO so với Vốn chủ sở hữu (sau khi lùi 1 quý) đo lường khả năng tạo tiền mặt từ hoạt động kinh doanh so với nguồn vốn chủ sở hữu. Tỷ lệ cao cho thấy khả năng tự chủ tài chính tốt hơn, dự kiến lợi suất cao hơn.",line_item,"cfo, equity, total_assets",False,False,syntax_error,,,,,False,False,False
gemma4-e2b-plecpu,2,F1-017,F1,P25-BVS24-fin_assets,True,1,strict,cfi_cff_ratio_growth_2,"growth(cfi, 2) safe_div(cff, cfi)","Tỷ lệ tăng trưởng của dòng tiền đầu tư so với dòng tiền tài chính cho thấy xu hướng tái đầu tư hoặc huy động vốn. Tỷ lệ này giúp đánh giá chất lượng của dòng tiền tạo ra, ảnh hưởng đến giá trị cổ phiếu.",line_item,"cfi, cff",False,False,syntax_error,,,,,False,True,False
gemma4-e2b-plecpu,2,F1-017,F1,P25-BVS24-fin_assets,True,2,strict,related_party_impact_zscore_4,"zscore(related_party_disclosed, 4)","Đánh giá mức độ rủi ro từ các giao dịch với bên liên quan. Mức độ bất thường (z-score cao) có thể là tín hiệu tiêu cực, làm giảm lợi suất dự kiến.",line_item,related_party_disclosed,False,False,bad_arity:zscore,,"zscore(related_party_disclosed,4)",2,1,False,False,True
gemma4-e2b-plecpu,2,F2-025,F2,P25-BVS24-fin_assets,True,0,strict,profit_to_asset_ratio_lag_1,"ratio(pretax_profit, total_assets, lag(1))","Tỷ lệ lợi nhuận trước thuế trên tổng tài sản là một chỉ số cơ bản về hiệu quả hoạt động. Việc sử dụng giá trị của quý trước giúp đánh giá xu hướng hiệu suất kinh doanh trong các quý liên tiếp, có thể dự báo lợi suất tương lai.",note,TỔNG CỘNG TÀI SẢN,False,False,unknown_func:ratio|bad_arity:lag,,"ratio(pretax_profit,total_assets,lag(1))",3,2,False,True,False
gemma4-e2b-plecpu,2,F2-025,F2,P25-BVS24-fin_assets,True,1,strict,cfo_to_total_assets_ratio_zscore,"zscore(ratio(cfo, total_assets))","Lưu chuyển tiền thuần từ hoạt động kinh doanh (CFO) so với tổng tài sản cho thấy khả năng tạo ra tiền mặt từ hoạt động cốt lõi. Z-score chuẩn hóa giá trị này theo lát cắt ngang, giúp xác định các quý có hiệu suất tạo tiền mặt vượt trội hoặc kém hơn mức trung bình của toàn thị trường.",line_item,cfo,False,False,unknown_func:ratio,,"zscore(ratio(cfo,total_assets))",3,2,False,False,False
gemma4-e2b-plecpu,2,F2-025,F2,P25-BVS24-fin_assets,True,2,strict,related_party_disclosed_rank,rank(related_party_disclosed),"Mức độ minh bạch về giao dịch với bên liên quan (related_party_disclosed) là một yếu tố quản trị quan trọng. Các công ty có mức độ minh bạch cao hơn có thể được định giá cao hơn, do giảm thiểu rủi ro tiềm ẩn trong tương lai.",note,Có thuyết minh giao dịch với bên liên quan,False,False,duplicate,,rank(related_party_disclosed),2,1,False,False,True
gemma4-e2b-plecpu,2,F4-015,F4,P25-BVS24-fin_assets,True,0,strict,cfo_to_equity_ratio,"safe_div(cfo, equity)",Tỷ lệ dòng tiền từ hoạt động kinh doanh so với vốn chủ sở hữu cho thấy khả năng tạo ra tiền mặt từ hoạt động cốt lõi của công ty.,line_item,"cfo, equity",False,True,,,"safe_div(cfo,equity)",2,2,True,False,False
gemma4-e2b-plecpu,2,F4-015,F4,P25-BVS24-fin_assets,True,1,strict,profit_volatility_zscore,"zscore(pretax_profit, 4)",Độ biến động của lợi nhuận trước thuế trong quý gần đây có thể là tín hiệu của sự không ổn định trong kết quả kinh doanh.,line_item,pretax_profit,False,False,bad_arity:zscore,,"zscore(pretax_profit,4)",2,1,False,False,False
gemma4-e2b-plecpu,2,F4-015,F4,P25-BVS24-fin_assets,True,2,strict,liquidity_trend_rank,"rank(cff, 2)",Thứ hạng của dòng tiền tài chính so với các quý trước giúp đánh giá xu hướng dòng tiền tài chính trong kỳ.,line_item,cff,False,False,bad_arity:rank,,"rank(cff,2)",2,1,False,False,False
qwen35-0.8b,0,F1-001,F1,P01-ANV17-inventory,False,0,recovered,Công thức xếp hạng lợi suất dựa trên biến inventory_writedown,"rank(inventory_writedown, k=4) + zscore(inventory_writedown, k=4)","Biến inventory_writedown là biến quan trọng nhất trong danh sách, đóng vai trò là biến phụ trợ cho lợi suất. Việc xếp hạng nó giúp xác định mức độ rủi ro và khả năng phục hồi của doanh nghiệp đối với biến đổi giá cả. Khi doanh nghiệp giảm giá hàng tồn kho, biến này sẽ tăng lên, giúp xác định được mức độ rủi ro và khả năng phục hồi của doanh nghiệp đối với biến đổi giá cả.",note,"Biến inventory_writedown là biến phụ trợ cho lợi suất, đóng vai trò là biến phụ trợ cho lợi suất.",False,False,syntax_error:keyword,,,,,False,False,False
qwen35-0.8b,0,F1-001,F1,P01-ANV17-inventory,False,1,recovered,Công thức xếp hạng lợi suất dựa trên biến current_assets,"rank(current_assets, k=4) + zscore(current_assets, k=4)","Biến current_assets là biến quan trọng nhất trong danh sách, đóng vai trò là biến phụ trợ cho lợi suất. Việc xếp hạng nó giúp xác định mức độ rủi ro và khả năng phục hồi của doanh nghiệp đối với biến đổi giá cả. Khi doanh nghiệp giảm giá hàng tồn kho, biến này sẽ tăng lên, giúp xác định được mức độ rủi ro và khả năng phục hồi của doanh nghiệp đối với biến đổi giá cả.",line_item,Biến current_assets là biến phụ trợ cho lợi suất.,False,False,syntax_error:keyword,,,,,False,False,False
qwen35-0.8b,0,F2-001,F2,P01-ANV17-inventory,False,0,strict,Công thức xếp hạng lợi suất dựa trên biến inventory_writedown,"rank(inventory_writedown, k)","Biến inventory_writedown phản ánh trực tiếp sự giảm giá hàng tồn kho, do đó biến này là yếu tố quan trọng nhất để xác định xu hướng giảm giá và xếp hạng lợi suất cổ phiếu theo lát cắt ngang.",note,"Hàng tồn kho được ghi nhận theo giá thấp hơn giữa giá gốc và giá trị thuần có thể thực hiện được. Giá trị thuần có thể thực hiện được là giá bán ước tính của hàng tồn kho trong kỳ sản xuất, kinh doanh bình thường trừ chi phí ước tính để hoàn thành và chi phí ước tính cần thiết cho việc tiêu thụ chúng.",False,False,bad_arity:rank|unknown_var:k,,"rank(inventory_writedown,k)",2,2,False,False,False
qwen35-0.8b,0,F2-001,F2,P01-ANV17-inventory,False,1,strict,Công thức xếp hạng lợi suất dựa trên biến current_assets,"rank(current_assets, k)","Biến current_assets phản ánh tổng tài sản của doanh nghiệp, bao gồm cả tài sản ngắn hạn và tài sản dài hạn. Biến này giúp xác định xu hướng tổng thể của doanh nghiệp và xếp hạng lợi suất theo lát cắt ngang.",line_item,"Tài sản ngắn hạn [VND, số dư cuối kỳ] - Tài sản dài hạn [VND, số dư cuối kỳ]",False,False,bad_arity:rank|unknown_var:k,,"rank(current_assets,k)",2,2,False,False,False
qwen35-0.8b,0,F2-001,F2,P01-ANV17-inventory,False,2,strict,Công thức xếp hạng lợi suất dựa trên biến net_income,"rank(net_income, k)","Biến net_income phản ánh lợi nhuận sau thuế thu nhập doanh nghiệp, là chỉ số trực tiếp nhất cho lợi suất cổ phiếu. Biến này giúp xác định xu hướng lợi nhuận và xếp hạng lợi suất theo lát cắt ngang.",line_item,"Lợi nhuận sau thuế thu nhập doanh nghiệp [VND, phát sinh trong kỳ]",False,False,bad_arity:rank|unknown_var:k,,"rank(net_income,k)",2,2,False,False,False
qwen35-0.8b,0,F3-001,F3,P01-ANV17-inventory,False,0,strict,inventory_change_to_assets,"safe_div(delta(inventory, 4), mean(total_assets, 4))","Tồn kho tăng nhanh hơn quy mô tài sản báo hiệu hàng bán chậm, dự báo lợi suất thấp hơn (Thomas & Zhang 2002).",line_item,"inventory, total_assets",False,False,copied_fewshot,,"safe_div(delta(inventory,4),mean(total_assets,4))",3,2,False,True,False
qwen35-0.8b,0,F3-001,F3,P01-ANV17-inventory,False,1,strict,accruals_to_assets,"safe_div(net_income - cfo, total_assets)","Phần lợi nhuận không đi kèm dòng tiền càng lớn thì chất lượng lợi nhuận càng thấp, lợi suất tương lai thường kém hơn (Sloan 1996).",line_item,"net_income, cfo, total_assets",False,False,copied_fewshot,,"safe_div((net_income-cfo),total_assets)",3,3,False,False,False
qwen35-0.8b,0,F3-001,F3,P01-ANV17-inventory,False,2,strict,earnings_yield,"safe_div(net_income, market_cap)",Lợi nhuận trên mỗi đồng vốn hoá cao cho thấy cổ phiếu đang rẻ so với khả năng sinh lời.,line_item,"net_income, market_cap",False,False,copied_fewshot,,"safe_div(net_income,market_cap)",2,2,False,False,False
qwen35-0.8b,0,F4-001,F4,P01-ANV17-inventory,False,0,recovered,inventory_growth,"growth(inventory, 4)",Lăng động tăng trưởng hàng tồn kho thường phản ánh hiệu quả quản lý và khả năng phục hồi của doanh nghiệp.,line_item,inventory,False,True,,,"growth(inventory,4)",2,1,True,True,False
qwen35-0.8b,0,F4-001,F4,P01-ANV17-inventory,False,1,recovered,inventory_zscore,zscore(inventory),"Z-score giúp xác định mức độ rủi ro của dòng vốn từ hàng tồn kho, đánh giá khả năng thanh toán trước.",line_item,inventory,False,True,,,zscore(inventory),2,1,True,False,False
qwen35-0.8b,0,F4-001,F4,P01-ANV17-inventory,False,2,recovered,inventory_debt,abs(inventory_writedown),"Giảm giá hàng tồn kho thường đi kèm với nợ ngắn hạn, giúp xác định khả năng thanh toán nợ trước.",line_item,inventory_writedown,False,True,,,abs(inventory_writedown),2,1,False,False,False
qwen35-0.8b,0,F1-002,F1,P02-HPG24-inventory,False,0,strict,Công thức xếp hạng lợi suất dựa trên biến inventory_writedown,"rank(inventory_writedown, k=4) + zscore(inventory_writedown, k=4)","Biến inventory_writedown là biến quan trọng nhất trong danh sách, đóng vai trò là biến phụ trợ cho lợi suất. Việc xếp hạng nó giúp xác định mức độ rủi ro và khả năng phục hồi của doanh nghiệp đối với biến số này.",note,Biến inventory_writedown được sử dụng trong công thức xếp hạng lợi suất,False,False,syntax_error:keyword,,,,,False,False,False
qwen35-0.8b,0,F1-002,F1,P02-HPG24-inventory,False,1,strict,Công thức xếp hạng lợi suất dựa trên biến current_assets,"rank(current_assets, k=4) + zscore(current_assets, k=4)","Biến current_assets là biến tài sản ngắn hạn, đóng vai trò là biến phụ trợ cho lợi suất. Việc xếp hạng nó giúp xác định mức độ rủi ro và khả năng phục hồi của doanh nghiệp đối với biến số này.",line_item,Biến current_assets được sử dụng trong công thức xếp hạng lợi suất,False,False,syntax_error:keyword,,,,,False,False,False
qwen35-0.8b,0,F1-002,F1,P02-HPG24-inventory,False,2,strict,Công thức xếp hạng lợi suất dựa trên biến revenue,"rank(revenue, k=4) + zscore(revenue, k=4)","Biến revenue là biến doanh thu thuần, đóng vai trò là biến phụ trợ cho lợi suất. Việc xếp hạng nó giúp xác định mức độ rủi ro và khả năng phục hồi của doanh nghiệp đối với biến số này.",line_item,Biến revenue được sử dụng trong công thức xếp hạng lợi suất,False,False,syntax_error:keyword,,,,,False,False,False
qwen35-0.8b,0,F2-002,F2,P02-HPG24-inventory,False,0,strict,Công thức xếp hạng lợi suất dựa trên biến inventory_writedown,rank_inventory = (inventory_writedown / inventory_gross) * 100,"Biến inventory_writedown (Dự phòng giảm giá) phản ánh mức độ giảm giá thực tế của hàng tồn kho. Khi tỷ lệ giảm giá cao, biến này sẽ đẩy giá xếp hạng lên cao, cho thấy khả năng tái bán tốt hơn.",note,"10.1 Ngắn hạn: Hàng tồn kho (thuần) [VND, số dư cuối kỳ] - ghi số âm trong dòng 'Hàng gửi đi bán'...",False,False,syntax_error,,,,,False,False,False
qwen35-0.8b,0,F2-002,F2,P02-HPG24-inventory,False,1,strict,Công thức xếp hạng lợi suất dựa trên biến current_assets,rank_current_assets = current_assets / total_assets,Biến current_assets (Tài sản ngắn hạn) phản ánh khả năng thanh toán nhanh của doanh nghiệp. Tỷ lệ cao hơn so với tổng tài sản cho thấy khả năng thanh toán tốt hơn.,line_item,"10.1 Ngắn hạn: Hàng tồn kho (thuần) [VND, số dư cuối kỳ] - ghi số âm trong dòng 'Hàng gửi đi bán'...",False,False,syntax_error,,,,,False,False,False
qwen35-0.8b,0,F2-002,F2,P02-HPG24-inventory,False,2,strict,Công thức xếp hạng lợi suất dựa trên biến revenue,rank_revenue = revenue / net_income,Biến revenue (Doanh thu thuần) phản ánh khả năng sinh lời của doanh nghiệp. Tỷ lệ cao hơn so với lợi nhuận sau thuế cho thấy khả năng sinh lời tốt hơn.,line_item,"10.1 Ngắn hạn: Hàng tồn kho (thuần) [VND, số dư cuối kỳ] - ghi số âm trong dòng 'Hàng gửi đi bán'...",False,False,syntax_error,,,,,False,False,False
qwen35-0.8b,0,F3-002,F3,P02-HPG24-inventory,False,0,strict,inventory_change_to_assets,"safe_div(delta(inventory, 4), mean(total_assets, 4))","Tồn kho tăng nhanh hơn quy mô tài sản báo hiệu hàng bán chậm, dự báo lợi suất thấp hơn (Thomas & Zhang 2002).",line_item,"inventory, total_assets",False,False,copied_fewshot,,"safe_div(delta(inventory,4),mean(total_assets,4))",3,2,False,True,False
qwen35-0.8b,0,F3-002,F3,P02-HPG24-inventory,False,1,strict,accruals_to_assets,"safe_div(net_income - cfo, total_assets)","Phần lợi nhuận không đi kèm dòng tiền càng lớn thì chất lượng lợi nhuận càng thấp, lợi suất tương lai thường kém hơn (Sloan 1996).",line_item,"net_income, cfo, total_assets",False,False,copied_fewshot,,"safe_div((net_income-cfo),total_assets)",3,3,False,False,False
qwen35-0.8b,0,F3-002,F3,P02-HPG24-inventory,False,2,strict,earnings_yield,"safe_div(net_income, market_cap)",Lợi nhuận trên mỗi đồng vốn hoá cao cho thấy cổ phiếu đang rẻ so với khả năng sinh lời.,line_item,"net_income, market_cap",False,False,copied_fewshot,,"safe_div(net_income,market_cap)",2,2,False,False,False
qwen35-0.8b,0,F1-003,F1,P03-PNJ24-inventory,False,0,strict,Công thức xếp hạng lợi suất dựa trên dòng vốn giảm giá,"rank(inventory_writedown, k=4) + zscore(inventory_writedown, k=4)","Dùng biến inventory_writedown để xác định mức độ giảm giá thực tế. Rank giúp so sánh mức độ giảm giá giữa các dòng, zscore chuẩn hóa mức độ giảm giá để so sánh hiệu quả.",note,Chi tiết về biến inventory_writedown được trích dẫn từ danh sách biến được phép dùng.,False,False,syntax_error:keyword,,,,,False,False,False
qwen35-0.8b,0,F1-003,F1,P03-PNJ24-inventory,False,1,strict,Công thức xếp hạng lợi suất dựa trên dòng vốn giảm giá và dòng vốn tăng trưởng,"rank(inventory_writedown, k=4) + zscore(inventory_writedown, k=4) + growth(inventory_writedown, k=4)","Dùng biến inventory_writedown để xác định mức độ giảm giá thực tế. Rank và zscore so sánh mức độ giảm giá giữa các dòng, growth so sánh mức độ tăng trưởng của dòng vốn giảm giá.",line_item,Chi tiết về biến inventory_writedown được trích dẫn từ danh sách biến được phép dùng.,False,False,syntax_error:keyword,,,,,False,True,False
qwen35-0.8b,0,F1-003,F1,P03-PNJ24-inventory,False,2,strict,Công thức xếp hạng lợi suất dựa trên dòng vốn giảm giá và dòng vốn tăng trưởng,"rank(inventory_writedown, k=4) + zscore(inventory_writedown, k=4) + growth(inventory_writedown, k=4) + mean(inventory_writedown, k=4)","Dùng biến inventory_writedown để xác định mức độ giảm giá thực tế. Rank và zscore so sánh mức độ giảm giá giữa các dòng, growth so sánh mức độ tăng trưởng của dòng vốn giảm giá, mean so sánh mức độ biến động của dòng vốn giảm giá.",line_item,Chi tiết về biến inventory_writedown được trích dẫn từ danh sách biến được phép dùng.,False,False,syntax_error:keyword,,,,,False,True,False
qwen35-0.8b,0,F2-003,F2,P03-PNJ24-inventory,False,0,recovered,Công thức xếp hạng lợi suất dựa trên biến inventory_writedown,rank_inventory_writedown = (inventory_writedown / inventory_gross) * 100,"Biến inventory_writedown (dự phòng giảm giá) phản ánh mức độ giảm giá thực tế của hàng tồn kho. Khi tỷ lệ này cao, nó là dấu hiệu của rủi ro giảm giá và có thể làm giảm lợi suất cổ phiếu.",note,Biến động về dự phòng giảm giá hàng tồn kho trong năm tài chính như sau: | 2024VND | 2023VND Số dư đầu năm | 3.811.047.508 | 2.010.094.632 Tăng dự phòng (Thuyết minh 29) | 55.605.403.095 | 1.800.952.876 Số dư cuối năm | 59.416.450.603 | 3.811.047.508,True,False,syntax_error,,,,,False,False,False
qwen35-0.8b,0,F2-003,F2,P03-PNJ24-inventory,False,1,recovered,Công thức xếp hạng lợi suất dựa trên biến current_assets,rank_current_assets = current_assets / total_assets,Biến current_assets (số dư tài sản ngắn hạn) phản ánh khả năng thanh toán của doanh nghiệp. Tỷ lệ này cao hơn có thể cho thấy khả năng thanh toán tốt hơn so với tổng tài sản.,line_item,Tài sản ngắn hạn (số dư cuối kỳ),False,False,syntax_error,,,,,False,False,False
qwen35-0.8b,0,F4-002,F4,P03-PNJ24-inventory,False,0,recovered,inventory_growth,"growth(inventory_writedown, 4)",Lợi suất giảm giá hàng tồn kho tăng quá nhanh thường đi kèm lợi suất thấp hơn.,line_item,inventory_writedown,False,True,,,"growth(inventory_writedown,4)",2,1,True,True,False
qwen35-0.8b,0,F4-002,F4,P03-PNJ24-inventory,False,1,recovered,inventory_zscore,"zscore(inventory_writedown, 4)",Lợi suất giảm giá hàng tồn kho có thể bị lệch lạc do biến động giá hoặc biến động tài sản.,line_item,inventory_writedown,False,False,bad_arity:zscore,,"zscore(inventory_writedown,4)",2,1,False,False,False
qwen35-0.8b,0,F4-002,F4,P03-PNJ24-inventory,False,2,recovered,inventory_zscore_total,"zscore(inventory_writedown, 4)",Lợi suất giảm giá hàng tồn kho có thể bị lệch lạc do biến động giá hoặc biến động tài sản.,line_item,inventory_writedown,False,False,bad_arity:zscore|duplicate,,"zscore(inventory_writedown,4)",2,1,False,False,False
qwen35-0.8b,0,F1-004,F1,P04-GAS24-receivables,False,0,recovered,Công thức xếp hạng lợi suất dựa trên khả năng thu hồi tài sản ngắn hạn,"rank(current_assets, k=1) + zscore(short_term_receivables, k=1) + abs(provision_doubtful_debt, k=1)",Lập trình theo chiều tác động: tăng khả năng thu hồi tài sản ngắn hạn (tăng rank tài sản) và giảm rủi ro nợ khó đòi (giảm zscore nợ khó đòi).,note,"Biến current_assets: TÀI SẢN NGẮN HẠN [VND, số dư cuối kỳ] được dùng để tăng khả năng thu hồi tài sản ngắn hạn.",False,False,syntax_error:keyword,,,,,False,False,False
qwen35-0.8b,0,F1-004,F1,P04-GAS24-receivables,False,1,recovered,Công thức xếp hạng lợi suất dựa trên khả năng thu hồi nợ khó đòi,"rank(short_term_receivables, k=1) + zscore(provision_doubtful_debt, k=1)",Lập trình theo chiều tác động: tăng khả năng thu hồi nợ khó đòi (tăng rank nợ khó đòi) và giảm rủi ro tài sản ngắn hạn (giảm zscore tài sản ngắn hạn).,line_item,"Biến short_term_receivables: Các khoản phải thu ngắn hạn [VND, số dư cuối kỳ] được dùng để tăng khả năng thu hồi nợ khó đòi.",False,False,syntax_error:keyword,,,,,False,False,False
qwen35-0.8b,0,F2-004,F2,P04-GAS24-receivables,False,0,recovered,Công thức xếp hạng lợi suất dựa trên khả năng thu hồi nợ khó đòi,rank_customers = (receivables_customers - provision_doubtful_debt) / receivables_customers,"Công thức này xác định tỷ lệ lợi nhuận từ khoản phải thu ngắn hạn khó đòi so với tổng số dư phải thu ngắn hạn của khách hàng. Tỷ lệ cao hơn nghĩa là doanh nghiệp có khả năng thu hồi nợ khó đòi tốt hơn, giúp xếp hạng cổ phiếu theo xu hướng tăng trưởng.",note,Số dư các khoản phải thu ngắn hạn của khách hàng khó có khả năng thu hồi lần lượt là 5.441.791.177.829 Đồng và 1.795.966.693.990 Đồng như đã trình bày tại Thuyết minh 8.,True,False,syntax_error,,,,,False,False,False
qwen35-0.8b,0,F2-004,F2,P04-GAS24-receivables,False,1,recovered,Công thức xếp hạng lợi suất dựa trên khả năng thu hồi nợ khó đòi,rank_customers = (receivables_customers - provision_doubtful_debt) / receivables_customers,"Công thức này xác định tỷ lệ lợi nhuận từ khoản phải thu ngắn hạn khó đòi so với tổng số dư phải thu ngắn hạn của khách hàng. Tỷ lệ cao hơn nghĩa là doanh nghiệp có khả năng thu hồi nợ khó đòi tốt hơn, giúp xếp hạng cổ phiếu theo xu hướng tăng trưởng.",line_item,"Tại ngày 31 tháng 12 năm 2024, số dư các khoản phải thu ngắn hạn của khách hàng bao gồm 2.056 tỷ Đồng đến từ Công ty TNHH Năng lượng Mề Kông (""PM2.2"") và Công ty Điện lực TNHH BOT Phú Mỹ 3 (""PM3"") (tại ngày 31 tháng 12 năm 2023: 1.078 tỷ Đồng).",False,False,syntax_error,,,,,False,False,False
qwen35-0.8b,0,F3-003,F3,P04-GAS24-receivables,False,0,strict,receivables_accrual,"safe_div(delta(short_term_receivables, 4), mean(total_assets, 4))","Phải thu ngắn hạn phình ra là phần dồn tích chưa thành tiền, thường đi trước lợi suất kém.",line_item,"short_term_receivables, total_assets",False,False,copied_fewshot,,"safe_div(delta(short_term_receivables,4),mean(total_assets,4))",3,2,False,True,False
qwen35-0.8b,0,F3-003,F3,P04-GAS24-receivables,False,1,strict,accruals_to_assets,"safe_div(net_income - cfo, total_assets)","Phần lợi nhuận không đi kèm dòng tiền càng lớn thì chất lượng lợi nhuận càng thấp, lợi suất tương lai thường kém hơn (Sloan 1996).",line_item,"net_income, cfo, total_assets",False,False,copied_fewshot,,"safe_div((net_income-cfo),total_assets)",3,3,False,False,False
qwen35-0.8b,0,F3-003,F3,P04-GAS24-receivables,False,2,strict,earnings_yield,"safe_div(net_income, market_cap)",Lợi nhuận trên mỗi đồng vốn hoá cao cho thấy cổ phiếu đang rẻ so với khả năng sinh lời.,line_item,"net_income, market_cap",False,False,copied_fewshot,,"safe_div(net_income,market_cap)",2,2,False,False,False
qwen35-0.8b,0,F4-003,F4,P04-GAS24-receivables,False,0,strict,receivables_customers_growth,"growth(receivables_customers, 4)","Tăng trưởng số dư phải thu ngắn hạn của khách hàng phản ánh khả năng thu hồi tài sản và khả năng thu hút khách hàng mới, giúp xác định xu hướng tăng trưởng doanh thu.",line_item,receivables_customers,False,True,,,"growth(receivables_customers,4)",2,1,True,True,False
qwen35-0.8b,0,F4-003,F4,P04-GAS24-receivables,False,1,strict,receivables_customers_zscore,zscore(receivables_customers),"Z-score đo lường mức độ lệch chuẩn so với trung bình, giúp xác định mức độ rủi ro và khả năng thu hồi của khoản phải thu ngắn hạn của khách hàng.",line_item,receivables_customers,False,True,,,zscore(receivables_customers),2,1,True,False,False
qwen35-0.8b,0,F4-003,F4,P04-GAS24-receivables,False,2,strict,receivables_customers_risk,risk(receivables_customers),"Rủi ro từ khoản phải thu ngắn hạn của khách hàng phản ánh khả năng thanh toán và khả năng thu hồi tài sản, ảnh hưởng trực tiếp đến lợi suất và khả năng tái sử dụng vốn.",line_item,receivables_customers,False,False,unknown_func:risk,,risk(receivables_customers),2,1,False,False,False
qwen35-0.8b,0,F2-005,F2,P05-HUT24-receivables,False,0,recovered,Công thức xếp hạng lợi suất dựa trên khả năng thu hồi nợ khó đòi,rank_customers = (receivables_customers - provision_doubtful_debt) / receivables_customers,"Công thức này xác định tỷ lệ nợ khó đòi (nhận trừ dự phòng) so với tổng phải thu ngắn hạn. Giá trị dương cho thấy khả năng thu hồi cao, giá trị âm cho thấy rủi ro cao.",note,"Công ty đã đánh giá và trích lập dự phòng đối với các khoản nợ quá hạn, nợ khó có khả năng thu hồi với sự thận trọng phù hợp. Công ty sẽ tiếp tục thực hiện các biện pháp để đảm bảo thu hồi được số nợ quá hạn.",True,False,syntax_error,,,,,False,False,False
qwen35-0.8b,0,F2-005,F2,P05-HUT24-receivables,False,1,recovered,Công thức xếp hạng lợi suất dựa trên khả năng thu hồi nợ xấu,rank_doubtful = provision_doubtful_debt / receivables_customers,"Công thức này so sánh tỷ lệ nợ khó đòi với tổng phải thu ngắn hạn. Giá trị dương cho thấy khả năng thu hồi cao, giá trị âm cho thấy rủi ro cao.",note,"Công ty đã đánh giá và trích lập dự phòng đối với các khoản nợ quá hạn, nợ khó có khả năng thu hồi với sự thận trọng phù hợp. Công ty sẽ tiếp tục thực hiện các biện pháp để đảm bảo thu hồi được số nợ quá hạn.",True,False,syntax_error,,,,,False,False,False
qwen35-0.8b,0,F3-004,F3,P05-HUT24-receivables,False,0,strict,receivables_accrual,"safe_div(delta(short_term_receivables, 4), mean(total_assets, 4))","Phải thu ngắn hạn phình ra là phần dồn tích chưa thành tiền, thường đi trước lợi suất kém.",line_item,"short_term_receivables, total_assets",False,False,copied_fewshot,,"safe_div(delta(short_term_receivables,4),mean(total_assets,4))",3,2,False,True,False
qwen35-0.8b,0,F3-004,F3,P05-HUT24-receivables,False,1,strict,accruals_to_assets,"safe_div(net_income - cfo, total_assets)","Phần lợi nhuận không đi kèm dòng tiền càng lớn thì chất lượng lợi nhuận càng thấp, lợi suất tương lai thường kém hơn (Sloan 1996).",line_item,"net_income, cfo, total_assets",False,False,copied_fewshot,,"safe_div((net_income-cfo),total_assets)",3,3,False,False,False
qwen35-0.8b,0,F3-004,F3,P05-HUT24-receivables,False,2,strict,earnings_yield,"safe_div(net_income, market_cap)",Lợi nhuận trên mỗi đồng vốn hoá cao cho thấy cổ phiếu đang rẻ so với khả năng sinh lời.,line_item,"net_income, market_cap",False,False,copied_fewshot,,"safe_div(net_income,market_cap)",2,2,False,False,False
qwen35-0.8b,0,F1-005,F1,P06-TNG24-debt,False,0,recovered,Công thức xếp hạng lợi suất dựa trên chi phí lãi vay,"rank(interest_expense, k) + zscore(interest_expense, k)","Chi phí lãi vay là yếu tố then chốt trong việc kiểm soát rủi ro tài chính. Việc xếp hạng dựa trên z-score giúp doanh nghiệp dễ dàng so sánh mức độ rủi ro và khả năng thanh toán nợ dài hạn, từ đó xác định khả năng tiếp cận nguồn vốn ưu đãi.",note,Chi tiết: Biến interest_expense được sử dụng để tính toán rủi ro tài chính và khả năng thanh toán nợ dài hạn.,False,False,bad_arity:rank|bad_arity:zscore|unknown_var:k,,"(rank(interest_expense,k)+zscore(interest_expense,k))",3,2,False,False,False
qwen35-0.8b,0,F1-005,F1,P06-TNG24-debt,False,1,recovered,Công thức xếp hạng lợi suất dựa trên lợi nhuận thuần và lợi nhuận sau thuế,"rank(net_income, k) + zscore(net_income, k)",Lợi nhuận thuần và lợi nhuận sau thuế là các chỉ số quan trọng phản ánh khả năng sinh tồn và khả năng tái tạo vốn. Việc xếp hạng dựa trên z-score giúp doanh nghiệp dễ dàng so sánh hiệu quả sử dụng vốn và khả năng phục hồi trước các biến động thị trường.,line_item,Chi tiết: Biến net_income được sử dụng để đánh giá khả năng sinh tồn và khả năng tái tạo vốn.,False,False,bad_arity:rank|bad_arity:zscore|unknown_var:k,,"(rank(net_income,k)+zscore(net_income,k))",3,2,False,False,False
qwen35-0.8b,0,F1-005,F1,P06-TNG24-debt,False,2,recovered,Công thức xếp hạng lợi suất dựa trên lợi nhuận từ hoạt động kinh doanh và lợi nhuận từ hoạt động kinh doanh trước thuế,"rank(operating_profit, k) + zscore(operating_profit, k)","Lợi nhuận từ hoạt động kinh doanh (operating_profit) phản ánh hiệu quả sử dụng vốn và khả năng phục hồi. Việc xếp hạng dựa trên z-score giúp doanh nghiệp dễ dàng so sánh hiệu quả sử dụng vốn và khả năng phục hồi trước các biến động thị trường, từ đó xác định khả năng tiếp cận nguồn vốn ưu đãi.",line_item,Chi tiết: Biến operating_profit được sử dụng để đánh giá hiệu quả sử dụng vốn và khả năng phục hồi.,False,False,bad_arity:rank|bad_arity:zscore|unknown_var:k,,"(rank(operating_profit,k)+zscore(operating_profit,k))",3,2,False,False,False
qwen35-0.8b,0,F2-006,F2,P06-TNG24-debt,False,0,strict,Công thức xếp hạng lợi suất dựa trên chi phí lãi vay,"rank(interest_expense, k=4) + zscore(interest_expense, k=4)",Chi phí lãi vay là yếu tố then chốt trong việc kiểm soát rủi ro tài chính. Việc xếp hạng dựa trên chi phí này giúp doanh nghiệp xác định mức độ rủi ro và khả năng thanh toán nợ dài hạn.,note,Lãi suất trong năm được áp dụng là 12%/năm đối với các khoản vay bằng VND,False,False,syntax_error:keyword,,,,,False,False,False
qwen35-0.8b,0,F2-006,F2,P06-TNG24-debt,False,1,strict,Công thức xếp hạng lợi suất dựa trên tổng nợ dài hạn,"rank(long_term_debt, k=4) + zscore(long_term_debt, k=4)","Tổng nợ dài hạn bao gồm cả khoản vay dài hạn và trái phiếu thường, cho phép doanh nghiệp đánh giá tổng rủi ro tài chính và khả năng thanh toán nợ dài hạn.",line_item,Vay dài hạn: 716.279.584.223 VND,False,False,syntax_error:keyword,,,,,False,False,False
qwen35-0.8b,0,F2-006,F2,P06-TNG24-debt,False,2,strict,Công thức xếp hạng lợi suất dựa trên tổng nợ ngắn hạn,"rank(short_term_debt, k=4) + zscore(short_term_debt, k=4)","Nợ ngắn hạn bao gồm cả khoản vay ngắn hạn và nợ thuê tài chính ngắn hạn, giúp doanh nghiệp đánh giá khả năng thanh toán nợ ngắn hạn và khả năng thanh toán nợ dài hạn.",line_item,Vay và nợ thuê tài chính ngắn hạn,False,False,syntax_error:keyword,,,,,False,False,False
qwen35-0.8b,0,F4-004,F4,P06-TNG24-debt,False,0,recovered,interest_expense_rank,"rank(interest_expense, 4)","Tăng chi phí lãi vay có thể làm giảm lợi suất cổ phiếu, đặc biệt khi so sánh với lợi nhuận thuần.",line_item,interest_expense,False,False,bad_arity:rank,,"rank(interest_expense,4)",2,1,False,False,False
qwen35-0.8b,0,F4-004,F4,P06-TNG24-debt,False,1,recovered,interest_expense_zscore,"zscore(interest_expense, 4)","Chi phí lãi vay có thể bị lệch lạc do các biến khác, cần so sánh với lợi nhuận để đánh giá rủi ro.",line_item,interest_expense,False,False,bad_arity:zscore,,"zscore(interest_expense,4)",2,1,False,False,False
qwen35-0.8b,0,F4-004,F4,P06-TNG24-debt,False,2,recovered,total_assets_growth,"growth(total_assets, 4)","Tăng tổng tài sản có thể làm tăng lợi suất cổ phiếu, đặc biệt khi so sánh với lợi nhuận thuần.",line_item,total_assets,False,True,,,"growth(total_assets,4)",2,1,True,True,False
qwen35-0.8b,0,F1-006,F1,P07-NLG17-debt,False,0,recovered,Công thức xếp hạng lợi suất dựa trên chi phí lãi vay,"rank(interest_expense, k) + zscore(interest_expense, k)","Chi phí lãi vay là yếu tố then chốt trong việc kiểm soát rủi ro tài chính. Việc xếp hạng dựa trên z-score giúp so sánh hiệu quả chi phí trong các kỳ khác nhau, từ đó xác định mức độ rủi ro và khả năng thanh toán nợ dài hạn.",note,"Chi tiết trong mô tả chủ đề: 'vay nợ, trái phiếu và chi phí lãi vay'",False,False,bad_arity:rank|bad_arity:zscore|unknown_var:k|duplicate,,"(rank(interest_expense,k)+zscore(interest_expense,k))",3,2,False,False,False
qwen35-0.8b,0,F1-006,F1,P07-NLG17-debt,False,1,recovered,Công thức xếp hạng lợi suất dựa trên lợi nhuận thuần,net_income + depreciation + cfo + market_cap,"Lợi nhuận thuần (net_income) là chỉ số trực tiếp phản ánh hiệu quả kinh doanh. Khi kết hợp với các biến hỗ trợ như chi phí tài chính và vốn hóa thị trường, nó giúp xác định mức độ tăng trưởng thực tế và khả năng phục hồi của doanh nghiệp.",line_item,Lợi nhuận thuần từ hoạt động kinh doanh,False,True,,,(cfo+depreciation+market_cap+net_income),4,4,False,False,False
qwen35-0.8b,0,F1-006,F1,P07-NLG17-debt,False,2,recovered,Công thức xếp hạng lợi suất dựa trên hiệu quả tài chính,total_assets - total_liabilities + equity,Công thức này tính hiệu quả tài chính bằng cách trừ nợ ngắn hạn và tổng tài sản để lấy chỉ số vốn hóa. Hiệu quả này giúp đánh giá mức độ thanh toán nợ ngắn hạn và khả năng thanh toán nợ dài hạn của doanh nghiệp.,note,"Chi tiết trong mô tả chủ đề: 'vay nợ, trái phiếu và chi phí lãi vay'",False,True,,,((total_assets-total_liabilities)+equity),3,3,False,False,False
qwen35-0.8b,0,F2-007,F2,P07-NLG17-debt,False,0,strict,Công thức xếp hạng lợi suất dựa trên chi phí lãi vay,rank_interest_expense = (abs(interest_expense) / total_liabilities) * 100,"Chi phí lãi vay là yếu tố then chốt ảnh hưởng trực tiếp đến lợi suất cổ phiếu. Khi chi phí này tăng lên, lợi suất giảm, do đó công thức này giúp xác định mức độ rủi ro và khả năng tái cấu trúc tài chính.",note,22.2 Vay dài hạn từ ngân hàng,True,False,syntax_error,,,,,False,False,False
qwen35-0.8b,0,F2-007,F2,P07-NLG17-debt,False,1,strict,Công thức xếp hạng lợi suất dựa trên tổng nợ ngắn hạn,rank_short_term_debt = (current_liabilities / total_liabilities) * 100,"Nợ ngắn hạn là nguồn tài chính chính để duy trì hoạt động kinh doanh. Khi tỷ trọng nợ ngắn hạn tăng cao, doanh nghiệp có khả năng dễ dàng thu hồi vốn và duy trì hoạt động, do đó công thức này giúp xác định mức độ rủi ro tài chính.",line_item,22.1 Vay ngắn hạn,False,False,syntax_error,,,,,False,False,False
qwen35-0.8b,0,F2-007,F2,P07-NLG17-debt,False,2,strict,Công thức xếp hạng lợi suất dựa trên tổng nợ dài hạn,rank_long_term_debt = (long_term_debt / total_liabilities) * 100,"Nợ dài hạn bao gồm các khoản vay dài hạn và trái phiếu. Khi tỷ trọng nợ dài hạn tăng cao, doanh nghiệp có khả năng khó thu hồi vốn và có nguy cơ thanh lỗ, do đó công thức này giúp xác định mức độ rủi ro tài chính.",line_item,22.2 Vay dài hạn từ ngân hàng,False,False,syntax_error,,,,,False,False,False
qwen35-0.8b,0,F3-005,F3,P07-NLG17-debt,False,0,strict,net_debt_to_equity,"safe_div(short_term_debt + long_term_debt - cash_and_equivalents, equity)","Đòn bẩy ròng cao làm tăng rủi ro tài chính, cổ phiếu nhạy hơn với lãi suất.",line_item,"short_term_debt, long_term_debt, cash_and_equivalents, equity",False,False,copied_fewshot,,"safe_div(((long_term_debt+short_term_debt)-cash_and_equivalents),equity)",4,4,False,False,False
qwen35-0.8b,0,F3-005,F3,P07-NLG17-debt,False,1,strict,accruals_to_assets,"safe_div(net_income - cfo, total_assets)","Phần lợi nhuận không đi kèm dòng tiền càng lớn thì chất lượng lợi nhuận càng thấp, lợi suất tương lai thường kém hơn (Sloan 1996).",line_item,"net_income, cfo, total_assets",False,False,copied_fewshot,,"safe_div((net_income-cfo),total_assets)",3,3,False,False,False
qwen35-0.8b,0,F3-005,F3,P07-NLG17-debt,False,2,strict,interest_expense_ratio,"safe_div(interest_expense, total_assets)","Chi phí lãi vay tỷ lệ cao làm giảm lợi nhuận ròng, tăng rủi ro tài chính và hạn chế khả năng tái tạo vốn.",line_item,interest_expense,False,True,,,"safe_div(interest_expense,total_assets)",2,2,True,False,False
qwen35-0.8b,0,F4-005,F4,P07-NLG17-debt,False,0,strict,interest_expense_rank,"rank(interest_expense, 4)","Chi phí lãi vay tăng quá mức thường đi kèm lợi suất thấp hơn, giúp xác định rủi ro tài chính.",line_item,interest_expense,False,False,bad_arity:rank|duplicate,,"rank(interest_expense,4)",2,1,False,False,False
qwen35-0.8b,0,F4-005,F4,P07-NLG17-debt,False,1,strict,cash_flow_growth,"growth(cash_and_equivalents, 4)",Tăng trưởng dòng tiền thuần thường phản ánh khả năng thanh toán nợ ngắn hạn và phát sinh lợi nhuận.,line_item,cash_and_equivalents,False,True,,,"growth(cash_and_equivalents,4)",2,1,True,True,False
qwen35-0.8b,0,F4-005,F4,P07-NLG17-debt,False,2,strict,depreciation_growth,"growth(depreciation, 4)","Tăng trưởng khấu hao tài sản cố định thường đi kèm lợi suất thấp hơn, phản ánh hiệu quả tài sản.",line_item,depreciation,False,True,,,"growth(depreciation,4)",2,1,True,True,False
qwen35-0.8b,0,F2-008,F2,P08-POW17-debt,False,0,recovered,Công thức xếp hạng lợi suất cổ phiếu dựa trên chi phí lãi vay dài hạn,rank_long_term_debt = (total_liabilities - short_term_debt) / total_liabilities,"Chi phí lãi vay dài hạn là khoản chi phí tài chính lớn nhất, do đó việc phân tích tỷ trọng của nó sẽ giúp xác định mức độ rủi ro và khả năng thanh toán nợ dài hạn của doanh nghiệp.",note,"Theo ghi nhận trong báo cáo tài chính, khoản vay dài hạn bao gồm các khoản vay từ ngân hàng TMCP Đại chúng Việt Nam, Ngân hàng Phát triển Việt Nam và Ngân hàng TMCP Ngoại thương Việt Nam, trong đó tổng số dư cuối năm là 1.868.440.226.086 VND.",False,False,syntax_error,,,,,False,False,False
qwen35-0.8b,0,F2-008,F2,P08-POW17-debt,False,1,recovered,Công thức xếp hạng lợi suất cổ phiếu dựa trên tỷ trọng nợ ngắn hạn,rank_short_term_debt = (total_liabilities - short_term_debt) / total_liabilities,"Tỷ trọng của nợ ngắn hạn (bao gồm cả nợ ngắn hạn và nợ thuê tài chính ngắn hạn) phản ánh khả năng thanh toán ngắn hạn của doanh nghiệp, giúp xác định mức độ rủi ro trong giai đoạn ngắn hạn.",note,"Tổng số dư cuối năm của nợ ngắn hạn là 24.737.642.216.461 VND, trong khi tổng số dư cuối năm của nợ dài hạn là 30.421.681.064.106 VND.",False,False,syntax_error,,,,,False,False,False
qwen35-0.8b,0,F3-006,F3,P08-POW17-debt,False,0,strict,net_debt_to_equity,"safe_div(short_term_debt + long_term_debt - cash_and_equivalents, equity)","Đòn bẩy ròng cao làm tăng rủi ro tài chính, cổ phiếu nhạy hơn với lãi suất.",line_item,"short_term_debt, long_term_debt, cash_and_equivalents, equity",False,False,copied_fewshot,,"safe_div(((long_term_debt+short_term_debt)-cash_and_equivalents),equity)",4,4,False,False,False
qwen35-0.8b,0,F3-006,F3,P08-POW17-debt,False,1,strict,accruals_to_assets,"safe_div(net_income - cfo, total_assets)","Phần lợi nhuận không đi kèm dòng tiền càng lớn thì chất lượng lợi nhuận càng thấp, lợi suất tương lai thường kém hơn (Sloan 1996).",line_item,"net_income, cfo, total_assets",False,False,copied_fewshot,,"safe_div((net_income-cfo),total_assets)",3,3,False,False,False
qwen35-0.8b,0,F3-006,F3,P08-POW17-debt,False,2,strict,cash_to_current_liabilities,"safe_div(cash_and_equivalents, current_liabilities)",Tiền mặt so với nợ ngắn hạn đo khả năng thanh toán; thấp làm tăng rủi ro khi dòng tiền bán hàng chậm lại.,line_item,"cash_and_equivalents, current_liabilities",False,False,copied_fewshot,,"safe_div(cash_and_equivalents,current_liabilities)",2,2,False,False,False
qwen35-0.8b,0,F1-007,F1,P09-HAH24-fixed_assets,False,0,strict,Công thức xếp hạng lợi suất dựa trên khấu hao tài sản cố định,rank_fixed_assets = (fixed_assets - accumulated_depreciation) / total_assets,Xác định tỷ trọng tài sản cố định (tăng dần) so với tổng tài sản. Tỷ lệ này ảnh hưởng trực tiếp đến mức khấu hao và do đó tác động đến lợi suất cổ phiếu.,note,Từ danh sách biến tài sản cố định được cung cấp trong dữ liệu,False,False,syntax_error,,,,,False,False,False
qwen35-0.8b,0,F1-007,F1,P09-HAH24-fixed_assets,False,1,strict,Công thức xếp hạng lợi suất dựa trên vốn hóa thị trường,rank_market_cap = market_cap / total_assets,Xác định tỷ trọng vốn hóa thị trường so với tổng tài sản. Tỷ lệ này ảnh hưởng trực tiếp đến mức giá trị vốn hóa và do đó tác động đến lợi suất cổ phiếu.,note,Từ danh sách biến vốn hóa thị trường được cung cấp trong dữ liệu,False,False,syntax_error,,,,,False,False,False
qwen35-0.8b,0,F1-007,F1,P09-HAH24-fixed_assets,False,2,strict,Công thức xếp hạng lợi suất dựa trên dòng tiền và lợi nhuận,rank_cash_flow = cfo / net_income,Xác định tỷ trọng dòng tiền thuần so với lợi nhuận. Tỷ lệ này ảnh hưởng trực tiếp đến mức dòng tiền và do đó tác động đến lợi suất cổ phiếu.,note,Từ danh sách biến dòng tiền và lợi nhuận được cung cấp trong dữ liệu,False,False,syntax_error,,,,,False,False,False
qwen35-0.8b,0,F2-009,F2,P09-HAH24-fixed_assets,False,0,recovered,Công thức xếp hạng lợi suất dựa trên khấu hao tài sản cố định,rank_fixed_assets = (tangible_fixed_assets - accumulated_depreciation) / (tangible_fixed_assets + accumulated_depreciation),"Công thức này xác định tỷ lệ khấu hao của tài sản cố định hữu hình bằng tổng tài sản hữu hình trừ khấu hao, giúp so sánh hiệu quả sử dụng giữa các loại tài sản. Tỷ lệ cao hơn cho thấy tài sản được sử dụng hiệu quả hơn.",note,Trong đó: Tài sản cố định hữu hình được khấu hao theo phương pháp đường thẳng dựa trên thời gian hữu dụng ước tính.,False,False,syntax_error,,,,,False,False,False
qwen35-0.8b,0,F2-009,F2,P09-HAH24-fixed_assets,False,1,recovered,Công thức xếp hạng lợi suất dựa trên vốn hóa thị trường,market_cap = total_assets - equity,Công thức này xác định giá trị vốn hóa thị trường bằng tổng tài sản trừ vốn chủ sở hữu. Giá trị này phản ánh khả năng thanh toán của doanh nghiệp và khả năng phát triển của cổ phiếu.,line_item,Tài sản cố định hữu hình được thể hiện theo nguyên giá trừ hao mòn lũy kế. Nguyên giá tài sản cố định hữu hình bao gồm toàn bộ các chi phí mà Tập đoàn phải bỏ ra để có được tài sản cố định tính đến thời điểm đưa tài sản đó vào trạng thái sẵn sàng sử dụng.,False,False,syntax_error,,,,,False,False,False
qwen35-0.8b,0,F3-007,F3,P09-HAH24-fixed_assets,False,0,strict,accruals_to_assets,"safe_div(net_income - cfo, total_assets)","Phần lợi nhuận không đi kèm dòng tiền càng lớn thì chất lượng lợi nhuận càng thấp, lợi suất tương lai thường kém hơn (Sloan 1996).",line_item,"net_income, cfo, total_assets",False,False,copied_fewshot,,"safe_div((net_income-cfo),total_assets)",3,3,False,False,False
qwen35-0.8b,0,F3-007,F3,P09-HAH24-fixed_assets,False,1,strict,cfo_to_capex,"safe_div(cfo, capex)","Phân tích dòng tiền thuần từ hoạt động kinh doanh so với chi phí mua sắm, xây dựng TSCĐ và tài sản dài hạn khác. Tỷ trọng cao cho thấy dòng tiền mang lại hiệu quả kinh doanh tốt hơn.",line_item,"cfo, capex",False,True,,,"safe_div(cfo,capex)",2,2,True,False,False
qwen35-0.8b,0,F3-007,F3,P09-HAH24-fixed_assets,False,2,strict,tangible_to_fixed_assets,"safe_div(tangible_fixed_assets, fixed_assets)","Tỷ trọng tài sản cố định hữu hình so với tài sản cố định tổng. Tỷ trọng cao cho thấy tài sản cố định hữu hình chiếm tỷ trọng lớn hơn trong tổng tài sản, có thể là dấu hiệu của chất lượng sản phẩm tốt hơn hoặc chất lượng dịch vụ tốt hơn.",line_item,"tangible_fixed_assets, fixed_assets",False,True,,,"safe_div(tangible_fixed_assets,fixed_assets)",2,2,True,False,False
qwen35-0.8b,0,F4-006,F4,P09-HAH24-fixed_assets,False,0,recovered,asset_growth,"growth(total_assets, 4)",Tăng trưởng tài sản cố định cao thường đi kèm với lợi suất thấp hơn.,line_item,total_assets,False,False,duplicate,,"growth(total_assets,4)",2,1,False,True,False
qwen35-0.8b,0,F4-006,F4,P09-HAH24-fixed_assets,False,1,recovered,depreciation_effect,"depreciation(total_assets, 4)",Khấu hao tài sản cố định lớn ảnh hưởng trực tiếp đến lợi suất.,line_item,depreciation,False,False,unknown_func:depreciation,,"depreciation(total_assets,4)",2,1,False,False,False
qwen35-0.8b,0,F4-006,F4,P09-HAH24-fixed_assets,False,2,recovered,market_cap_impact,market_cap,Giá trị vốn hóa thị trường ảnh hưởng trực tiếp đến lợi suất.,line_item,market_cap,False,True,,,market_cap,1,1,False,False,False
qwen35-0.8b,0,F3-008,F3,P10-TNG17-fixed_assets,False,0,strict,tỷ trọng vốn hóa tài sản cố định,"safe_div(fixed_assets, total_assets)","Tỷ trọng cao cho thấy tài sản cố định chiếm tỷ trọng lớn trong tổng vốn, phản ánh mức độ rủi ro và khả năng thanh toán vốn.",line_item,tài sản cố định,False,True,,,"safe_div(fixed_assets,total_assets)",2,2,True,False,False
qwen35-0.8b,0,F3-008,F3,P10-TNG17-fixed_assets,False,1,strict,lợi suất khấu hao,"safe_div(depreciation, accumulated_depreciation)","Lợi suất khấu hao cao cho thấy tài sản cố định bị khấu hao nhanh, có thể dẫn đến giảm giá trị tài sản và tăng rủi ro thanh toán.",line_item,depreciation,False,True,,,"safe_div(depreciation,accumulated_depreciation)",2,2,True,False,False
qwen35-0.8b,0,F3-008,F3,P10-TNG17-fixed_assets,False,2,strict,lợi suất vốn hóa,"safe_div(net_income, market_cap)","Lợi suất vốn hóa cao cho thấy cổ phiếu đang rẻ so với khả năng sinh lời, có thể tiềm năng tăng trưởng mạnh.",line_item,"net_income, market_cap",False,False,copied_fewshot,,"safe_div(net_income,market_cap)",2,2,False,False,False
qwen35-0.8b,0,F2-011,F2,P11-HPG17-cip,False,0,recovered,Công thức xếp hạng lợi suất dựa trên chi phí xây dựng cơ bản dở dang,rank_construction_in_progress = (total_construction_in_progress - total_construction_in_progress_last_quarter) / total_construction_in_progress_last_quarter,"Chi phí xây dựng cơ bản dở dang là nguồn chi phí cố định lớn nhất, do đó việc giảm thiểu chi phí này sẽ trực tiếp cải thiện tỷ suất lợi nhuận và khả năng thu hút vốn.",note,"Chi phí xây dựng cơ bản dở dang là khoản chi phí lớn nhất trong báo cáo tài chính, được ghi nhận trong danh sách các công trình xây dựng cơ bản đồ dang lớn như dự án Khu liên hợp Gang thép tại Dung Quất và Hải Dương.",False,False,syntax_error,,,,,False,False,False
qwen35-0.8b,0,F2-011,F2,P11-HPG17-cip,False,1,recovered,Công thức xếp hạng lợi suất dựa trên biến chi phí trả trước dài hạn,depreciation_construction_in_progress = (total_construction_in_progress - total_construction_in_progress_last_quarter) / total_construction_in_progress_last_quarter,"Chi phí trả trước dài hạn là khoản chi phí cố định dài hạn lớn nhất, do đó việc giảm thiểu chi phí này sẽ trực tiếp cải thiện tỷ suất lợi nhuận và khả năng thu hút vốn.",line_item,"Chi phí trả trước dài hạn được ghi nhận trong danh sách các khoản chi phí xây dựng cơ bản dở dang, bao gồm các khoản chi phí cho các dự án như dự án Khu liên hợp Gang thép tại Hải Dương.",False,False,syntax_error,,,,,False,False,False
qwen35-0.8b,0,F4-007,F4,P11-HPG17-cip,False,0,recovered,long_term_asset_growth,"growth(total_assets, 4)",Tăng trưởng tài sản dài hạn cao thường là dấu hiệu của cơ hội đầu tư tiềm năng và giảm rủi ro.,line_item,total_assets,False,False,duplicate,,"growth(total_assets,4)",2,1,False,True,False
qwen35-0.8b,0,F4-007,F4,P11-HPG17-cip,False,1,recovered,asset_depreciation_effect,"depreciation(total_assets, 4)",Khấu hao tài sản cố định thấp thường đi kèm lợi suất cổ phiếu thấp hơn.,line_item,total_assets,False,False,unknown_func:depreciation|duplicate,,"depreciation(total_assets,4)",2,1,False,False,False
qwen35-0.8b,0,F4-007,F4,P11-HPG17-cip,False,2,recovered,asset_depreciation_effect,"depreciation(tangible_fixed_assets, 4)",Khấu hao tài sản hữu hình thấp thường đi kèm lợi suất thấp hơn.,line_item,tangible_fixed_assets,False,False,unknown_func:depreciation,,"depreciation(tangible_fixed_assets,4)",2,1,False,False,False
qwen35-0.8b,0,F1-008,F1,P12-VGC24-cip,False,0,strict,Công thức xếp hạng lợi suất dựa trên vốn hóa và tài sản cố định,rank_assets = (tangible_fixed_assets / total_assets) * 100,Lợi suất cổ phiếu phụ thuộc trực tiếp vào tỷ trọng tài sản cố định (tangible_fixed_assets) so với tổng tài sản (total_assets). Tỷ lệ này phản ánh mức độ phát triển của công nghiệp và khả năng tái tạo vốn.,note,"Theo chuẩn mực VAS, tỷ trọng tài sản cố định là yếu tố then chốt trong phân tích lợi suất và khả năng phát triển của doanh nghiệp.",False,False,syntax_error,,,,,False,False,False
qwen35-0.8b,0,F1-008,F1,P12-VGC24-cip,False,1,strict,Công thức xếp hạng lợi suất dựa trên lợi nhuận và phát sinh,profit_margin = net_income / revenue,"Lợi suất lợi nhuận (profit_margin) đo lường hiệu quả kinh doanh của doanh nghiệp trong một quý. Nó phản ánh khả năng chuyển đổi từ dòng tiền thuần thành lợi nhuận, là chỉ tiêu quan trọng để đánh giá sức sống của cổ phiếu.",line_item,"Net income được tính từ lợi nhuận sau thuế thu nhập doanh nghiệp (VND, phát sinh trong kỳ).",False,False,syntax_error,,,,,False,False,False
qwen35-0.8b,0,F1-008,F1,P12-VGC24-cip,False,2,strict,Công thức xếp hạng lợi suất dựa trên vốn hóa và tài sản cố định,profit_margin = net_income / revenue,"Lợi suất lợi nhuận (profit_margin) đo lường hiệu quả kinh doanh của doanh nghiệp trong một quý. Nó phản ánh khả năng chuyển đổi từ dòng tiền thuần thành lợi nhuận, là chỉ tiêu quan trọng để đánh giá sức sống của cổ phiếu.",line_item,"Net income được tính từ lợi nhuận sau thuế thu nhập doanh nghiệp (VND, phát sinh trong kỳ).",False,False,syntax_error,,,,,False,False,False
qwen35-0.8b,0,F2-012,F2,P12-VGC24-cip,False,0,strict,Công thức xếp hạng lợi suất dựa trên vốn hóa thị trường,rank_factor = (market_cap / total_assets) * 100,"Xác định tỷ trọng tương đối của vốn hóa thị trường so với tổng tài sản, giúp so sánh mức độ rủi ro và tiềm năng tăng trưởng của các công ty trên sàn HOSE.",note,"Thông tin về VGC - sản xuất công nghiệp (vật liệu xây dựng + khu công nghiệp), sàn HOSE.",False,False,syntax_error,,,,,False,False,False
qwen35-0.8b,0,F2-012,F2,P12-VGC24-cip,False,1,strict,Công thức xếp hạng lợi suất dựa trên vốn hóa và khả năng tái sử dụng,rank_factor = (market_cap / fixed_assets) * 100,"So sánh mức độ rủi ro và tiềm năng tăng trưởng dựa trên tỷ trọng tương đối của vốn hóa so với tài sản cố định, giúp phân biệt giữa các công ty có vốn hóa cao nhưng tài sản cố định thấp.",line_item,"Thông tin về VGC - sản xuất công nghiệp (vật liệu xây dựng + khu công nghiệp), sàn HOSE.",False,False,syntax_error,,,,,False,False,False
qwen35-0.8b,0,F2-012,F2,P12-VGC24-cip,False,2,strict,Công thức xếp hạng lợi suất dựa trên khả năng tái sử dụng tài sản,rank_factor = (tangible_fixed_assets / total_assets) * 100,"So sánh mức độ rủi ro và tiềm năng tăng trưởng dựa trên tỷ trọng tương đối của tài sản cố định hữu hình so với tổng tài sản, giúp phân biệt giữa các công ty có tài sản cố định cao nhưng vốn hóa thấp.",line_item,"Thông tin về VGC - sản xuất công nghiệp (vật liệu xây dựng + khu công nghiệp), sàn HOSE.",False,False,syntax_error,,,,,False,False,False
qwen35-0.8b,0,F3-009,F3,P12-VGC24-cip,False,0,strict,accruals_to_assets,"safe_div(net_income - cfo, total_assets)","Phần lợi nhuận không đi kèm dòng tiền càng lớn thì chất lượng lợi nhuận càng thấp, lợi suất tương lai thường kém hơn (Sloan 1996).",line_item,"net_income, cfo, total_assets",False,False,copied_fewshot,,"safe_div((net_income-cfo),total_assets)",3,3,False,False,False
qwen35-0.8b,0,F3-009,F3,P12-VGC24-cip,False,1,strict,depreciation_to_assets,"safe_div(depreciation, total_assets)","Chi khấu hao tài sản cố định cho thấy doanh nghiệp đang mở rộng năng lực, lợi suất ngắn hạn thường thấp hơn (Titman, Wei, Xie 2004).",line_item,"depreciation, total_assets",False,True,,,"safe_div(depreciation,total_assets)",2,2,True,False,False
qwen35-0.8b,0,F3-009,F3,P12-VGC24-cip,False,2,strict,capex_to_depreciation,"safe_div(abs(capex), depreciation)","Chi đầu tư vượt xa khấu hao cho thấy doanh nghiệp đang mở rộng năng lực, lợi suất ngắn hạn thường thấp hơn (Titman, Wei, Xie 2004).",line_item,"capex, depreciation",False,False,copied_fewshot,,"safe_div(abs(capex),depreciation)",3,2,False,False,False
qwen35-0.8b,0,F4-008,F4,P12-VGC24-cip,False,0,recovered,long_term_growth,"growth(total_assets, 4)",Tăng trưởng dài hạn tổng tài sản cho thấy khả năng tăng trưởng bền vững của doanh nghiệp.,line_item,total_assets,False,False,duplicate,,"growth(total_assets,4)",2,1,False,True,False
qwen35-0.8b,0,F4-008,F4,P12-VGC24-cip,False,1,recovered,asset_depreciation,"depreciation(total_assets, 4)",Khấu hao tài sản cố định cho thấy mức chi phí bảo dưỡng và bảo trì tài sản cố định.,line_item,total_assets,False,False,unknown_func:depreciation|duplicate,,"depreciation(total_assets,4)",2,1,False,False,False
qwen35-0.8b,0,F4-008,F4,P12-VGC24-cip,False,2,recovered,market_cap_growth,"growth(market_cap, 4)",Tăng trưởng vốn hóa thị trường cho thấy khả năng tăng trưởng của giá trị cổ phiếu.,line_item,market_cap,False,True,,,"growth(market_cap,4)",2,1,True,True,False
qwen35-0.8b,0,F2-013,F2,P13-NLG24-customer_advances,False,0,recovered,Công thức xếp hạng lợi suất dựa trên dòng tiền và nợ ngắn hạn,"rank(cash_and_equivalents, k=1) - zscore(cash_and_equivalents, k=1) + delta(cash_and_equivalents, k=1) - mean(cash_and_equivalents, k=1) + std(cash_and_equivalents, k=1)","Công thức này dựa trên dòng tiền và nợ ngắn hạn để xác định khả năng thanh toán trước, giúp xếp hạng lợi suất dựa trên khả năng trả nợ trước và khả năng thu tiền trước.",note,Khoản nợ ngắn hạn và khoản tiền và tương đương tiền được ghi nhận trong dòng tiền và nợ ngắn hạn,False,False,syntax_error:keyword,,,,,False,True,False
qwen35-0.8b,0,F2-013,F2,P13-NLG24-customer_advances,False,1,recovered,Công thức xếp hạng lợi suất dựa trên dòng tiền và lợi nhuận gộp,"rank(cash_and_equivalents, k=1) - zscore(cash_and_equivalents, k=1) + delta(cash_and_equivalents, k=1) - mean(cash_and_equivalents, k=1) + std(cash_and_equivalents, k=1) + log(gross_profit, k=1)","Công thức này dựa trên dòng tiền và lợi nhuận gộp để xác định khả năng thu tiền trước và khả năng phát sinh lợi nhuận, giúp xếp hạng lợi suất dựa trên khả năng thu tiền trước và khả năng phát sinh lợi nhuận.",note,Lợi nhuận gộp được ghi nhận trong dòng tiền và lợi nhuận gộp,False,False,syntax_error:keyword,,,,,False,True,False
qwen35-0.8b,0,F3-010,F3,P13-NLG24-customer_advances,False,0,recovered,lợi suất tương lai từ dòng tiền,"safe_div(cfo, total_assets)","Lợi suất tương lai từ dòng tiền phản ánh khả năng thanh toán của doanh nghiệp, chất lượng lợi nhuận và khả năng sinh lời tương lai.",line_item,"cfo, total_assets",False,True,,,"safe_div(cfo,total_assets)",2,2,True,False,False
qwen35-0.8b,0,F3-010,F3,P13-NLG24-customer_advances,False,1,recovered,lợi suất từ dòng tiền và vốn,"safe_div(cfo, market_cap)",Lợi suất từ dòng tiền so với vốn hóa cao cho thấy cổ phiếu đang rẻ so với khả năng sinh lời.,line_item,"cfo, market_cap",False,True,,,"safe_div(cfo,market_cap)",2,2,True,False,False
qwen35-0.8b,0,F3-010,F3,P13-NLG24-customer_advances,False,2,recovered,lợi suất từ lợi nhuận và vốn,"safe_div(net_income, market_cap)",Lợi suất từ lợi nhuận và vốn cao cho thấy cổ phiếu đang rẻ so với khả năng sinh lời.,line_item,"net_income, market_cap",False,False,copied_fewshot,,"safe_div(net_income,market_cap)",2,2,False,False,False
qwen35-0.8b,0,F1-009,F1,P14-IDC24-customer_advances,False,0,strict,Công thức xếp hạng lợi suất dựa trên dòng tiền và nợ ngắn hạn,"rank(cash_and_equivalents, k=1) + zscore(cash_and_equivalents, k=1) - zscore(short_term_receivables, k=1)","Lập công thức dựa trên dòng tiền và nợ ngắn hạn để xác định khả năng thanh toán trước, giúp xếp hạng lợi suất dựa trên khả năng trả nợ trước.",note,Dựa trên dòng tiền và nợ ngắn hạn,False,False,syntax_error:keyword,,,,,False,False,False
qwen35-0.8b,0,F1-009,F1,P14-IDC24-customer_advances,False,1,strict,Công thức xếp hạng lợi suất dựa trên lợi nhuận và vốn,"log(gross_profit, k=1) + zscore(inventory, k=1) + zscore(cash_and_equivalents, k=1)",Lập công thức dựa trên lợi nhuận và vốn để xác định khả năng tái tạo vốn và phát triển sản phẩm.,note,Lợi nhuận và vốn,False,False,syntax_error:keyword,,,,,False,False,False
qwen35-0.8b,0,F1-009,F1,P14-IDC24-customer_advances,False,2,strict,Công thức xếp hạng lợi suất dựa trên dòng tiền và lợi nhuận,"cfo + zscore(cash_and_equivalents, k=1) + zscore(gross_profit, k=1)",Lập công thức dựa trên dòng tiền và lợi nhuận để xác định khả năng thanh toán trước và phát triển sản phẩm.,note,Dòng tiền và lợi nhuận,False,False,syntax_error:keyword,,,,,False,False,False
qwen35-0.8b,0,F2-014,F2,P14-IDC24-customer_advances,False,0,strict,Công thức xếp hạng lợi suất dựa trên doanh thu thực hiện ngắn hạn,rank_long_term_revenue = (long_term_revenue - short_term_revenue) / long_term_revenue,"Công thức này cho phép so sánh hiệu quả sử dụng vốn ngắn hạn với lợi suất dài hạn, giúp xác định khả năng tái sử dụng vốn và khả năng tăng trưởng.",note,26. DOANH THU CHU'A THỰC HIỆN: Doanh thu nhận trước ngắn hạn khác | 66.911.740,False,False,syntax_error,,,,,False,False,False
qwen35-0.8b,0,F2-014,F2,P14-IDC24-customer_advances,False,1,strict,Công thức xếp hạng lợi suất dựa trên lợi nhuận gộp và vốn chủ sở hữu,gross_profit_margin = gross_profit / equity,"Công thức này đo lường tỷ suất lợi nhuận trên vốn chủ sở hữu, phản ánh hiệu quả sử dụng vốn và khả năng tái sử dụng vốn.",line_item,26. DOANH THU CHU'A THỰC HIỆN: Doanh thu nhận trước dài hạn khác | 204.580.323,False,False,syntax_error,,,,,False,False,False
qwen35-0.8b,0,F2-014,F2,P14-IDC24-customer_advances,False,2,strict,Công thức xếp hạng lợi suất dựa trên doanh thu tương lai và vốn hóa thị trường,market_cap_value = total_assets * equity / total_assets,Công thức này sử dụng dữ liệu từ báo cáo tài chính để tính toán giá trị vốn hóa thị trường dựa trên tổng tài sản và vốn chủ sở hữu.,note,26. DOANH THU CHU'A THỰC HIỆN: Doanh thu nhận trước dài hạn khác | 204.580.323,False,False,syntax_error,,,,,False,False,False
qwen35-0.8b,0,F3-011,F3,P14-IDC24-customer_advances,False,0,recovered,lợi suất tương lai (Growth to Future),"safe_div(growth(x, 4), mean(x, 4))",Chỉ tiêu tỷ suất tăng trưởng của doanh thu trong 4 quý (mean) so với tổng tăng trưởng của doanh thu trong 4 quý (growth) cho thấy khả năng tăng trưởng bền vững và ổn định của doanh nghiệp.,line_item,"growth(x, 4), mean(x, 4), cash_and_equivalents, short_term_receivables",False,False,unknown_var:x,,"safe_div(growth(x,4),mean(x,4))",3,1,False,True,False
qwen35-0.8b,0,F3-011,F3,P14-IDC24-customer_advances,False,1,recovered,lợi suất vốn (Market Cap to Earnings),"safe_div(market_cap, net_income)",Lợi suất vốn (Vốn hóa thị trường) so với lợi nhuận cho thấy mức độ rủi ro và khả năng sinh lời của cổ phiếu. Giá trị vốn cao hơn lợi nhuận sẽ làm giảm lợi suất.,line_item,"market_cap, net_income",False,True,,,"safe_div(market_cap,net_income)",2,2,True,False,False
qwen35-0.8b,0,F3-011,F3,P14-IDC24-customer_advances,False,2,recovered,lợi suất nợ ngắn hạn (Cash to Current Liabilities),"safe_div(cash_and_equivalents, current_liabilities)",Tiền mặt và các khoản tương đương tiền so với nợ ngắn hạn đo khả năng thanh toán của doanh nghiệp. Tỷ suất thấp hơn có thể làm tăng rủi ro khi dòng tiền bán hàng chậm lại.,line_item,"cash_and_equivalents, current_liabilities",False,False,copied_fewshot,,"safe_div(cash_and_equivalents,current_liabilities)",2,2,False,False,False
qwen35-0.8b,0,F4-009,F4,P14-IDC24-customer_advances,False,0,recovered,customer_advances_rank,"rank(cash_and_equivalents, 4)","Xếp hạng doanh thu tương lai dựa trên tỷ lệ người mua trả tiền trước so với tổng tài sản, phản ánh khả năng thanh toán nhanh.",line_item,cash_and_equivalents,False,False,bad_arity:rank,,"rank(cash_and_equivalents,4)",2,1,False,False,False
qwen35-0.8b,0,F4-009,F4,P14-IDC24-customer_advances,False,1,recovered,customer_advances_zscore,"zscore(cash_and_equivalents, 4)","Xếp hạng doanh thu tương lai dựa trên độ lệch chuẩn so với giá trị trung bình, đánh giá mức độ rủi ro thanh toán.",line_item,cash_and_equivalents,False,False,bad_arity:zscore,,"zscore(cash_and_equivalents,4)",2,1,False,False,False
qwen35-0.8b,0,F4-009,F4,P14-IDC24-customer_advances,False,2,recovered,customer_advances_growth,"growth(cash_and_equivalents, 4)","Xếp hạng doanh thu tương lai dựa trên tốc độ tăng trưởng của tỷ lệ người mua trả tiền trước so với tổng tài sản, phản ánh khả năng tăng trưởng.",line_item,cash_and_equivalents,False,False,duplicate,,"growth(cash_and_equivalents,4)",2,1,False,True,False
qwen35-0.8b,0,F1-010,F1,P15-CTD17-associates,False,0,recovered,Công thức xếp hạng lợi suất dựa trên lợi nhuận từ công ty liên kết,rank_share_of_associates = (share_of_associates / equity) * 100,Lợi nhuận từ công ty liên kết (share_of_associates) phản ánh khả năng tiếp cận tài chính của công ty mẹ đối với các công ty liên kết. Tỷ lệ này cho phép so sánh hiệu quả đầu tư giữa các công ty liên kết và công ty mẹ.,note,"Chi tiết: share_of_associates là phần lãi lỗ trong công ty liên kết, liên kết.",False,False,syntax_error,,,,,False,False,False
qwen35-0.8b,0,F1-010,F1,P15-CTD17-associates,False,1,recovered,Công thức xếp hạng lợi suất dựa trên lợi nhuận từ công ty mẹ,rank_parent_net_income = (net_income_parent / equity) * 100,Lợi nhuận sau thuế của cổ đông công ty mẹ (net_income_parent) là chỉ tiêu cơ bản để đánh giá hiệu quả đầu tư của công ty mẹ. Tỷ lệ này cho phép so sánh hiệu quả đầu tư giữa các công ty mẹ và các công ty liên kết.,line_item,Net income_parent: Lợi nhuận sau thuế của cổ đông công ty mẹ.,False,False,syntax_error,,,,,False,False,False
qwen35-0.8b,0,F1-010,F1,P15-CTD17-associates,False,2,recovered,Công thức xếp hạng lợi suất dựa trên lợi nhuận từ công ty liên kết và công ty mẹ,rank_combined = (share_of_associates / equity) + (net_income_parent / equity),Lợi nhuận từ cả hai nguồn (liên kết và mẹ) được tổng hợp để xem xét hiệu quả tổng thể của công ty. Tỷ lệ này cho phép so sánh hiệu quả đầu tư giữa các công ty liên kết và công ty mẹ cùng một công ty.,note,"Chi tiết: share_of_associates là phần lãi lỗ trong công ty liên kết, liên kết.",False,False,syntax_error,,,,,False,False,False
qwen35-0.8b,0,F2-015,F2,P15-CTD17-associates,False,0,strict,Công thức xếp hạng lợi suất dựa trên tỷ lệ sở hữu công ty liên kết,rank_share = (share_of_associates * 100) / total_assets,"Tỷ lệ sở hữu tỷ lệ phần trăm của công ty liên kết so với tổng tài sản, giúp xác định mức độ ảnh hưởng của công ty này đối với lợi suất cổ phiếu.",note,Chi tiết khoản đầu tư của Nhóm Công ty vào các công ty liên kết như sau:,True,False,syntax_error,,,,,False,False,False
qwen35-0.8b,0,F2-015,F2,P15-CTD17-associates,False,1,strict,Công thức xếp hạng lợi suất dựa trên lợi nhuận từ công ty liên kết,share_of_associates = (net_income_parent * 100) / total_assets,"Lợi nhuận từ công ty liên kết được tính bằng lợi nhuận sau thuế của cổ đông công ty mẹ so với tổng tài sản, cho thấy hiệu quả tài chính của công ty này.",note,Lợi nhuận chưa thực hiện trong năm | 744.193.896,True,False,syntax_error,,,,,False,False,False
qwen35-0.8b,0,F2-015,F2,P15-CTD17-associates,False,2,strict,Công thức xếp hạng lợi suất dựa trên lợi nhuận từ công ty liên kết,share_of_associates = (net_income_parent * 100) / total_assets,"Lợi nhuận từ công ty liên kết được tính bằng lợi nhuận sau thuế của cổ đông công ty mẹ so với tổng tài sản, cho thấy hiệu quả tài chính của công ty này.",note,Lợi nhuận từ các công ty liên kết trong năm | 31.676.978.729,True,False,syntax_error,,,,,False,False,False
qwen35-0.8b,0,F3-012,F3,P15-CTD17-associates,False,0,strict,share_of_associates_growth,"safe_div(share_of_associates, growth(total_assets, 4))","Lợi nhuận từ công ty liên kết tăng trưởng quá nhanh so với tổng tài sản, cho thấy công ty này có khả năng tăng trưởng mạnh nhưng lợi suất cổ phiếu có thể bị đẩy cao do tăng trưởng tài sản quá lớn.",line_item,"share_of_associates, growth(total_assets, 4)",False,True,,,"safe_div(share_of_associates,growth(total_assets,4))",3,2,True,True,False
qwen35-0.8b,0,F3-012,F3,P15-CTD17-associates,False,1,strict,net_income_share_of_associates,"safe_div(net_income, share_of_associates)","Lợi nhuận từ công ty liên kết chiếm tỷ trọng lớn trong lợi nhuận, cho thấy lợi suất cổ phiếu phụ thuộc nhiều vào phần lợi nhuận từ công ty này thay vì lợi nhuận từ hoạt động cốt lõi.",line_item,"net_income, share_of_associates",False,True,,,"safe_div(net_income,share_of_associates)",2,2,True,False,False
qwen35-0.8b,0,F3-012,F3,P15-CTD17-associates,False,2,strict,market_cap_growth,"safe_div(market_cap, growth(total_assets, 4))","Lợi suất trên vốn hóa cao cho thấy cổ phiếu đang rẻ so với khả năng sinh lời, nhưng khi công ty mở rộng tài sản quá nhanh, lợi suất có thể bị đẩy cao.",line_item,"market_cap, growth(total_assets, 4)",False,True,,,"safe_div(market_cap,growth(total_assets,4))",3,2,True,True,False
qwen35-0.8b,0,F4-010,F4,P15-CTD17-associates,False,0,recovered,long_term_investments_rank,"rank(long_term_investments, 4)",Tăng trưởng đầu tư dài hạn cao thường đi kèm lợi suất thấp hơn.,line_item,long_term_investments,False,False,bad_arity:rank,,"rank(long_term_investments,4)",2,1,False,False,False
qwen35-0.8b,0,F4-010,F4,P15-CTD17-associates,False,1,recovered,share_of_associates_zscore,"zscore(share_of_associates, 4)",Lợi ích cổ đông không kiểm soát cao thường đi kèm lợi suất thấp hơn.,line_item,share_of_associates,False,False,bad_arity:zscore,,"zscore(share_of_associates,4)",2,1,False,False,False
qwen35-0.8b,0,F4-010,F4,P15-CTD17-associates,False,2,recovered,market_cap_rank,"rank(market_cap, 4)",Vốn hoá thị trường cao thường đi kèm lợi suất thấp hơn.,line_item,market_cap,False,False,bad_arity:rank,,"rank(market_cap,4)",2,1,False,False,False
qwen35-0.8b,0,F1-011,F1,P16-PVT17-associates,False,0,strict,Công thức xếp hạng lợi suất dựa trên lợi nhuận từ công ty liên kết,rank_share_of_associates = (share_of_associates / equity) * 100,Lợi nhuận từ công ty liên kết (share_of_associates) phản ánh khả năng tiếp cận tài chính của công ty mẹ đối với các công ty liên kết. Tỷ lệ này cho phép so sánh hiệu quả đầu tư giữa các công ty liên kết và công ty mẹ.,note,"Chi tiết: share_of_associates là phần lãi lỗ trong công ty liên kết, liên kết.",False,False,syntax_error,,,,,False,False,False
qwen35-0.8b,0,F1-011,F1,P16-PVT17-associates,False,1,strict,Công thức xếp hạng lợi suất dựa trên lợi nhuận từ đầu tư tài chính dài hạn,rank_long_term_investments = (long_term_investments / equity) * 100,Lợi nhuận từ đầu tư tài chính dài hạn (long_term_investments) phản ánh khả năng tiếp cận tài chính của công ty mẹ đối với các công ty liên kết. Tỷ lệ này cho phép so sánh hiệu quả đầu tư giữa các công ty liên kết và công ty mẹ.,note,Chi tiết: long_term_investments là đầu tư tài chính dài hạn.,False,False,syntax_error,,,,,False,False,False
qwen35-0.8b,0,F1-011,F1,P16-PVT17-associates,False,2,strict,Công thức xếp hạng lợi suất dựa trên lợi nhuận từ doanh thu thuần,rank_revenue = (revenue / equity) * 100,Lợi nhuận từ doanh thu thuần (revenue) phản ánh khả năng tiếp cận tài chính của công ty mẹ đối với các công ty liên kết. Tỷ lệ này cho phép so sánh hiệu quả đầu tư giữa các công ty liên kết và công ty mẹ.,note,Chi tiết: revenue là doanh thu thuần.,False,False,syntax_error,,,,,False,False,False
qwen35-0.8b,0,F2-016,F2,P16-PVT17-associates,False,0,strict,Công thức xếp hạng lợi suất dựa trên lợi nhuận phát sinh từ khoản đầu tư,rank_share_of_associates = (share_of_associates / total_assets) * 100,"Lợi suất cổ phiếu phụ thuộc trực tiếp vào tỷ lệ phần trăm của lợi nhuận phát sinh từ khoản đầu tư so với tổng tài sản, giúp xác định mức độ rủi ro và tiềm năng tăng trưởng của công ty liên kết.",note,TỔNG CÔNG TY CỔ PHẦN VÂN TẢI DẦU KHÍ,True,False,syntax_error,,,,,False,False,False
qwen35-0.8b,0,F2-016,F2,P16-PVT17-associates,False,1,strict,Công thức xếp hạng lợi suất dựa trên lợi nhuận thuần từ khoản đầu tư,net_income_parent = (net_income_parent / equity) * 100,"Lợi nhuận thuần từ khoản đầu tư là chỉ số phản ánh trực tiếp hiệu quả đầu tư của công ty liên kết, giúp so sánh hiệu quả đầu tư giữa các công ty liên kết khác nhau.",line_item,TỔNG CÔNG TY CỔ PHẦN VÂN TẢI DẦU KHÍ,False,False,syntax_error,,,,,False,False,False
qwen35-0.8b,0,F2-016,F2,P16-PVT17-associates,False,2,strict,Công thức xếp hạng lợi suất dựa trên lợi nhuận phát sinh từ doanh thu thuần,net_income_parent = revenue / equity,"Lợi nhuận phát sinh từ doanh thu thuần phản ánh khả năng sinh lời của công ty liên kết dựa trên doanh thu thuần, giúp đánh giá hiệu quả kinh doanh và khả năng phục hồi.",line_item,TỔNG CÔNG TY CỔ PHẦN VÂN TẢI DẦU KHÍ,False,False,syntax_error,,,,,False,False,False
qwen35-0.8b,0,F3-013,F3,P16-PVT17-associates,False,0,strict,share_of_associates_growth,"safe_div(share_of_associates, growth(total_assets, 4))",Lợi ích cổ đông không kiểm soát tăng trưởng tài sản lớn thường dẫn đến lợi suất thấp do áp lực tài chính và giảm khả năng sinh lời.,line_item,"share_of_associates, growth(total_assets, 4)",False,False,duplicate,,"safe_div(share_of_associates,growth(total_assets,4))",3,2,False,True,False
qwen35-0.8b,0,F3-013,F3,P16-PVT17-associates,False,1,strict,net_income_parent_share,"safe_div(net_income_parent, share_of_associates)",Lợi nhuận của cổ đông công ty mẹ so với phần lợi ích của công ty liên kết cho thấy tỷ lệ chia cổ phần của công ty mẹ lớn hơn tỷ lệ của công ty liên kết.,line_item,"net_income_parent, share_of_associates",False,True,,,"safe_div(net_income_parent,share_of_associates)",2,2,True,False,False
qwen35-0.8b,0,F3-013,F3,P16-PVT17-associates,False,2,strict,market_cap_growth,"growth(market_cap, 4)",Tăng trưởng vốn hóa thị trường cao cho thấy cổ phiếu đang giá rẻ so với khả năng sinh lời.,line_item,market_cap,False,False,duplicate,,"growth(market_cap,4)",2,1,False,True,False
qwen35-0.8b,0,F1-012,F1,P17-NTP17-related_party,False,0,recovered,Công thức xếp hạng lợi suất dựa trên chi tiết giao dịch và nợ ngắn hạn,rank_related_party_disclosed = count_related_party_disclosed / total_related_party_disclosed,"Chi tiết tỷ lệ các bên liên quan trong thuyết minh giúp xác định mức độ rủi ro giao dịch và khả năng kiểm soát, từ đó ảnh hưởng trực tiếp đến lợi suất và khả năng tái cấu trúc tài sản.",note,Tăng tỷ lệ chi tiết các bên liên quan trong thuyết minh giúp xác định mức độ rủi ro giao dịch và khả năng kiểm soát.,False,False,syntax_error,,,,,False,False,False
qwen35-0.8b,0,F1-012,F1,P17-NTP17-related_party,False,1,recovered,Công thức xếp hạng lợi suất dựa trên chi tiết số dư tài sản và nợ ngắn hạn,rank_related_party_disclosed = count_related_party_disclosed / total_related_party_disclosed,"Chi tiết số dư tài sản và nợ ngắn hạn phản ánh khả năng thanh toán và khả năng thanh toán, từ đó ảnh hưởng trực tiếp đến lợi suất và khả năng tái cấu trúc tài sản.",line_item,Tăng tỷ lệ chi tiết số dư tài sản và nợ ngắn hạn phản ánh khả năng thanh toán và khả năng thanh toán.,False,False,syntax_error,,,,,False,False,False
qwen35-0.8b,0,F1-012,F1,P17-NTP17-related_party,False,2,recovered,Công thức xếp hạng lợi suất dựa trên chi tiết số dư nợ và tài sản,rank_related_party_disclosed = count_related_party_disclosed / total_related_party_disclosed,"Chi tiết số dư nợ và tài sản phản ánh khả năng thanh toán và khả năng thanh toán, từ đó ảnh hưởng trực tiếp đến lợi suất và khả năng tái cấu trúc tài sản.",line_item,Chi tiết số dư nợ và tài sản phản ánh khả năng thanh toán và khả năng thanh toán.,False,False,syntax_error,,,,,False,False,False
qwen35-0.8b,0,F2-017,F2,P17-NTP17-related_party,False,0,strict,Công thức xếp hạng lợi suất dựa trên tỷ trọng tương đối của các dòng ghi nợ ngắn hạn,rank_related_party_disclosed = count(related_party_disclosed) / count(related_party_disclosed) + 0.25,Tăng tỷ trọng tương đối của các dòng ghi nợ ngắn hạn giúp doanh nghiệp có khả năng điều chỉnh lợi suất theo xu hướng thay đổi của các bên liên quan trong tương lai.,note,"Trong năm, Công ty có các giao dịch chủ yếu với các bên liên quan như sau:",True,False,syntax_error,,,,,False,False,False
qwen35-0.8b,0,F2-017,F2,P17-NTP17-related_party,False,1,strict,Công thức xếp hạng lợi suất dựa trên tỷ trọng tương đối của các dòng ghi nợ ngắn hạn,rank_related_party_disclosed = count(related_party_disclosed) / count(related_party_disclosed) + 0.25,Tăng tỷ trọng tương đối của các dòng ghi nợ ngắn hạn giúp doanh nghiệp có khả năng điều chỉnh lợi suất theo xu hướng thay đổi của các bên liên quan trong tương lai.,note,"Trong năm, Công ty có các giao dịch chủ yếu với các bên liên quan như sau:",True,False,syntax_error,,,,,False,False,False
qwen35-0.8b,0,F2-017,F2,P17-NTP17-related_party,False,2,strict,Công thức xếp hạng lợi suất dựa trên tỷ trọng tương đối của các dòng ghi nợ ngắn hạn,rank_related_party_disclosed = count(related_party_disclosed) / count(related_party_disclosed) + 0.25,Tăng tỷ trọng tương đối của các dòng ghi nợ ngắn hạn giúp doanh nghiệp có khả năng điều chỉnh lợi suất theo xu hướng thay đổi của các bên liên quan trong tương lai.,note,"Trong năm, Công ty có các giao dịch chủ yếu với các bên liên quan như sau:",True,False,syntax_error,,,,,False,False,False
qwen35-0.8b,0,F3-014,F3,P17-NTP17-related_party,False,0,strict,accruals_to_assets,"safe_div(net_income - cfo, total_assets)","Phần lợi nhuận không đi kèm dòng tiền càng lớn thì chất lượng lợi nhuận càng thấp, lợi suất tương lai thường kém hơn (Sloan 1996).",line_item,"net_income, cfo, total_assets",False,False,copied_fewshot,,"safe_div((net_income-cfo),total_assets)",3,3,False,False,False
qwen35-0.8b,0,F3-014,F3,P17-NTP17-related_party,False,1,strict,earnings_yield,"safe_div(net_income, market_cap)",Lợi nhuận trên mỗi đồng vốn hoá cao cho thấy cổ phiếu đang rẻ so với khả năng sinh lời.,line_item,"net_income, market_cap",False,False,copied_fewshot,,"safe_div(net_income,market_cap)",2,2,False,False,False
qwen35-0.8b,0,F3-014,F3,P17-NTP17-related_party,False,2,strict,related_party_disclosed,related_party_disclosed,"Công ty có các giao dịch chủ yếu với các bên liên quan như nhau, nhưng công ty TNHH Thương mại Xuất nhập khẩu Minh Hải có giao dịch với công ty Cổ phần Nhựa Thiếu niên Tiền Phong phía Nam, công ty TNHH Liên doanh Nhựa Tiền Phong - SMP và công ty Cổ phần Bao bì Tiền Phong. Đây là một biến chỉ tiêu phát sinh trong kỳ được nhắc tới trong thuyết minh.",note,Công ty TNHH Thương mại Xuất nhập khẩu Minh Hải | Công ty TNHH Thương mại Xuất nhập khẩu Minh Hải,False,True,,,related_party_disclosed,1,1,True,False,True
qwen35-0.8b,0,F2-018,F2,P18-MWG24-related_party,False,0,recovered,Công thức xếp hạng lợi suất dựa trên tỷ trọng chi phí tư vấn,rank_related_party_disclosed = (related_party_disclosed * 100) / total_assets,"Tỷ trọng chi phí tư vấn (2.351.671.475 / 1.665.190.000) phản ánh mức độ ảnh hưởng trực tiếp của các thành viên HĐQT. Tỷ trọng cao hơn cho thấy chi phí tư vấn chiếm tỷ trọng lớn hơn trong tổng tài sản, ảnh hưởng trực tiếp đến lợi suất.",note,Thu nhập của các thành viên của Hội đồng Quản trị và Tổng Giám đốc: Tên đăng Minh Lương (*) | Thành viên HĐQT | 870.808.333 | 686.250.000,False,False,syntax_error,,,,,False,False,False
qwen35-0.8b,0,F2-018,F2,P18-MWG24-related_party,False,1,recovered,Công thức xếp hạng lợi suất dựa trên tỷ trọng chi phí tư vấn,rank_related_party_disclosed = (related_party_disclosed * 100) / total_assets,"Tỷ trọng chi phí tư vấn (2.351.671.475 / 1.665.190.000) phản ánh mức độ ảnh hưởng trực tiếp của các thành viên HĐQT. Tỷ trọng cao hơn cho thấy chi phí tư vấn chiếm tỷ trọng lớn hơn trong tổng tài sản, ảnh hưởng trực tiếp đến lợi suất.",note,Thu nhập của các thành viên của Hội đồng Quản trị và Tổng Giám đốc: Tên đăng Minh Lương (*) | Thành viên HĐQT | 870.808.333 | 686.250.000,False,False,syntax_error,,,,,False,False,False
qwen35-0.8b,0,F4-011,F4,P18-MWG24-related_party,False,0,strict,asset_growth,"growth(total_assets, 4)",Tăng trưởng tài sản nhanh thường đi kèm lợi suất thấp hơn.,line_item,total_assets,False,False,duplicate,,"growth(total_assets,4)",2,1,False,True,False
qwen35-0.8b,0,F4-011,F4,P18-MWG24-related_party,False,1,strict,revenue_growth,"growth(revenue, 4)",Tăng trưởng doanh thu thuần thường phản ánh sức mạnh thương mại và khả năng phục hồi.,line_item,revenue,False,True,,,"growth(revenue,4)",2,1,True,True,False
qwen35-0.8b,0,F4-011,F4,P18-MWG24-related_party,False,2,strict,cash_flow_health,"safe_div(cfo, receivables_customers)",Lực lượng thanh toán từ hoạt động kinh doanh so với số dư phải thu ngắn hạn cho thấy khả năng thanh toán.,line_item,receivables_customers,False,True,,,"safe_div(cfo,receivables_customers)",2,2,True,False,False
qwen35-0.8b,0,F1-013,F1,P19-GAS17-commitments,False,0,recovered,Công thức xếp hạng lợi suất dựa trên nợ tiềm tàng,"rank_long_term_debt(zscore(contingent_liabilities_disclosed), mean(contingent_liabilities_disclosed), std(contingent_liabilities_disclosed), growth(contingent_liabilities_disclosed), mean(contingent_liabilities_disclosed), max(contingent_liabilities_disclosed)","Công thức này sử dụng biến `contingent_liabilities_disclosed` để tính toán các chỉ số như rank, zscore, mean và max. Nó giúp xác định mức độ rủi ro tiềm tàng từ các cam kết và nợ tiềm tàng, từ đó xếp hạng lợi suất cổ phiếu dựa trên khả năng thanh toán nợ.",note,Biến `contingent_liabilities_disclosed` được trích dẫn từ danh sách biến được phép dùng.,False,False,syntax_error,,,,,False,True,False
qwen35-0.8b,0,F1-013,F1,P19-GAS17-commitments,False,1,recovered,Công thức xếp hạng lợi suất dựa trên tổng tài sản và nợ,"rank_long_term_debt(zscore(contingent_liabilities_disclosed), mean(contingent_liabilities_disclosed), std(contingent_liabilities_disclosed), growth(contingent_liabilities_disclosed), mean(contingent_liabilities_disclosed), max(contingent_liabilities_disclosed), equity(contingent_liabilities_disclosed), total_assets(contingent_liabilities_disclosed), total_liabilities(contingent_liabilities_disclosed), long_term_debt(contingent_liabilities_disclosed)","Công thức này áp dụng tất cả các biến được phép dùng (bao gồm cả `contingent_liabilities_disclosed`) để tính toán các chỉ số như rank, zscore, mean và max. Nó giúp xem xét tổng thể tài sản, nợ và vốn chủ sở hữu, từ đó xác định mức độ rủi ro tổng thể của doanh nghiệp.",line_item,Biến `contingent_liabilities_disclosed` được trích dẫn từ danh sách biến được phép dùng.,False,False,syntax_error,,,,,False,True,False
qwen35-0.8b,0,F2-019,F2,P19-GAS17-commitments,False,0,strict,Công thức xếp hạng lợi suất dựa trên cam kết vốn,"rank(cash_and_equivalents, k=1) + zscore(cash_and_equivalents, k=1) + log(growth(cash_and_equivalents, k=1), k=1)",Lực lượng tăng trưởng vốn và khả năng phục hồi của tài sản đang hoàn thành dự án lớn giúp xác định mức độ rủi ro và khả năng phục hồi của doanh nghiệp.,note,Số cuối năm | Số đầu năm,True,False,syntax_error:keyword,,,,,False,True,False
qwen35-0.8b,0,F2-019,F2,P19-GAS17-commitments,False,1,strict,Công thức xếp hạng lợi suất dựa trên nợ tiềm tàng,"conting_liabilities_disclosed + log(abs(conting_liabilities_disclosed, k=1), k=1)","Lực lượng nợ tiềm tàng cao và thời gian cam kết ngắn hạn cho thấy khả năng khó khăn trong việc thanh toán, ảnh hưởng trực tiếp đến lợi suất.",note,Cam kết mua khí từ chủ khí Lô 05.3 và 05.2,True,False,syntax_error:keyword,,,,,False,False,False
qwen35-0.8b,0,F2-019,F2,P19-GAS17-commitments,False,2,strict,Công thức xếp hạng lợi suất dựa trên cam kết bán hàng,"conting_liabilities_disclosed + log(abs(conting_liabilities_disclosed, k=1), k=1)","Lực lượng nợ tiềm tàng cao và thời gian cam kết ngắn hạn cho thấy khả năng khó khăn trong việc thanh toán, ảnh hưởng trực tiếp đến lợi suất.",note,Cam kết bán hàng,True,False,syntax_error:keyword,,,,,False,False,False
qwen35-0.8b,0,F3-015,F3,P19-GAS17-commitments,False,0,strict,accruals_to_assets,"safe_div(net_income - cfo, total_assets)","Phần lợi nhuận không đi kèm dòng tiền càng lớn thì chất lượng lợi nhuận càng thấp, lợi suất tương lai thường kém hơn (Sloan 1996).",line_item,"net_income, cfo, total_assets",False,False,copied_fewshot,,"safe_div((net_income-cfo),total_assets)",3,3,False,False,False
qwen35-0.8b,0,F3-015,F3,P19-GAS17-commitments,False,1,strict,contingent_liabilities_disclosed,contingent_liabilities_disclosed,"Doanh nghiệp có cam kết nợ tiềm tàng hoặc khoản mục ngoài bảng thường có lợi suất sau đó thấp hơn, dẫn đến việc cổ phiếu bị đẩy cao hơn (Cooper, Gulen, Schill 2008).",note,"cam kết vốn, cam kết khác",False,True,,,contingent_liabilities_disclosed,1,1,True,False,True
qwen35-0.8b,0,F3-015,F3,P19-GAS17-commitments,False,2,strict,contingent_liabilities_disclosed,contingent_liabilities_disclosed,"Doanh nghiệp có cam kết nợ tiềm tàng hoặc khoản mục ngoài bảng thường có lợi suất sau đó thấp hơn, dẫn đến việc cổ phiếu bị đẩy cao hơn (Cooper, Gulen, Schill 2008).",note,"cam kết vốn, cam kết khác",False,False,duplicate,,contingent_liabilities_disclosed,1,1,False,False,True
qwen35-0.8b,0,F4-012,F4,P19-GAS17-commitments,False,0,recovered,cash_flow_growth,"growth(cash_and_equivalents, 4)",Tăng trưởng dòng tiền thuần cho thấy khả năng sinh tồn và phát triển của doanh nghiệp trong giai đoạn ngắn hạn.,line_item,cash_and_equivalents,False,False,duplicate,,"growth(cash_and_equivalents,4)",2,1,False,True,False
qwen35-0.8b,0,F4-012,F4,P19-GAS17-commitments,False,1,recovered,conting_liabilities_disclosed,conting_liabilities_disclosed,Số lượng và độ sâu của các cam kết nợ tiềm tàng cho thấy mức độ rủi ro và khả năng thanh toán của doanh nghiệp.,line_item,conting_liabilities_disclosed,False,False,unknown_var:conting_liabilities_disclosed,,conting_liabilities_disclosed,1,1,False,False,False
qwen35-0.8b,0,F4-012,F4,P19-GAS17-commitments,False,2,recovered,total_liabilities_growth,"growth(total_liabilities, 4)",Tăng trưởng tổng nợ phải trả cho thấy áp lực thanh toán và khả năng thanh toán của doanh nghiệp.,line_item,total_liabilities,False,True,,,"growth(total_liabilities,4)",2,1,True,True,False
qwen35-0.8b,0,F1-014,F1,P20-VNM24-segment,False,0,recovered,Công thức xếp hạng lợi suất dựa trên lợi nhuận gộp và chi phí,"rank(gross_profit, cogs, long_term_assets, equity, total_assets)","Lợi nhuận gộp cao và chi phí quản lý thấp (long_term_assets thấp) sẽ tạo ra lợi suất cao, giúp xếp hạng cổ phiếu vào nhóm có khả năng tăng trưởng tốt hơn.",note,Tăng trưởng lợi nhuận gộp và chi phí quản lý là yếu tố then chốt trong việc xác định khả năng phục hồi của doanh nghiệp.,False,False,bad_arity:rank,,"rank(gross_profit,cogs,long_term_assets,equity,total_assets)",2,5,False,False,False
qwen35-0.8b,0,F1-014,F1,P20-VNM24-segment,False,1,recovered,Công thức xếp hạng lợi suất dựa trên lợi nhuận thuần và chi phí vận hành,"rank(net_income, operating_profit, long_term_assets, equity, total_assets)","Lợi nhuận thuần cao và chi phí vận hành thấp (long_term_assets thấp) sẽ dẫn đến lợi suất cao, giúp xếp hạng cổ phiếu vào nhóm có khả năng tăng trưởng tốt hơn.",note,Lợi nhuận thuần cao và chi phí vận hành thấp là yếu tố then chốt trong việc xác định khả năng phục hồi của doanh nghiệp.,False,False,bad_arity:rank,,"rank(net_income,operating_profit,long_term_assets,equity,total_assets)",2,5,False,False,False
qwen35-0.8b,0,F1-014,F1,P20-VNM24-segment,False,2,recovered,Công thức xếp hạng lợi suất dựa trên lợi nhuận sau thuế và vốn hóa,"rank(net_income, long_term_assets, equity, total_assets, market_cap)","Lợi nhuận sau thuế cao và vốn hóa thị trường lớn (market_cap lớn) sẽ dẫn đến lợi suất cao, giúp xếp hạng cổ phiếu vào nhóm có khả năng tăng trưởng tốt hơn.",note,Lợi nhuận sau thuế cao và vốn hóa thị trường lớn là yếu tố then chốt trong việc xác định khả năng phục hồi của doanh nghiệp.,False,False,bad_arity:rank,,"rank(net_income,long_term_assets,equity,total_assets,market_cap)",2,5,False,False,False
qwen35-0.8b,0,F2-020,F2,P20-VNM24-segment,False,0,strict,Công thức xếp hạng lợi suất dựa trên lợi nhuận gộp,"rank(gross_profit, k=4)","Lợi nhuận gộp là chỉ tiêu cơ bản phản ánh khả năng chuyển đổi giá trị từ đầu vào sang đầu ra, giúp xác định mức độ hiệu quả kinh doanh của từng bộ phận.",note,"Lợi nhuận gộp là chỉ tiêu cơ bản phản ánh khả năng chuyển đổi giá trị từ đầu vào sang đầu ra, giúp xác định mức độ hiệu quả kinh doanh của từng bộ phận.",False,False,syntax_error:keyword,,,,,False,False,False
qwen35-0.8b,0,F2-020,F2,P20-VNM24-segment,False,1,strict,Công thức xếp hạng lợi suất dựa trên lợi nhuận sau thuế thu nhập doanh nghiệp,"rank(net_income, k=4)","Lợi nhuận sau thuế thu nhập doanh nghiệp phản ánh khả năng sinh lời thực tế của doanh nghiệp sau thuế, giúp so sánh hiệu quả kinh doanh giữa các bộ phận dựa trên lợi nhuận thực tế.",line_item,Lợi nhuận sau thuế thu nhập doanh nghiệp,False,False,syntax_error:keyword,,,,,False,False,False
qwen35-0.8b,0,F2-020,F2,P20-VNM24-segment,False,2,strict,Công thức xếp hạng lợi suất dựa trên lợi nhuận gộp và lợi nhuận sau thuế thu nhập doanh nghiệp,"rank(gross_profit, k=4, net_income, k=4)",Kết hợp lợi nhuận gộp và lợi nhuận sau thuế thu nhập doanh nghiệp cho phép so sánh hiệu quả kinh doanh giữa các bộ phận dựa trên cả khả năng chuyển đổi giá trị và khả năng sinh lời thực tế.,note,"Lợi nhuận gộp là chỉ tiêu cơ bản phản ánh khả năng chuyển đổi giá trị từ đầu vào sang đầu ra, giúp xác định mức độ hiệu quả kinh doanh của từng bộ phận.",False,False,syntax_error,,,,,False,False,False
qwen35-0.8b,0,F3-016,F3,P20-VNM24-segment,False,0,strict,sga_intensity,"safe_div(selling_expense + admin_expense, gross_revenue)",Chi phí bán hàng và quản lý trên doanh thu cao làm biên lợi nhuận nhạy với biến động doanh số.,line_item,"selling_expense, admin_expense, gross_revenue",False,False,copied_fewshot,,"safe_div((admin_expense+selling_expense),gross_revenue)",3,3,False,False,False
qwen35-0.8b,0,F3-016,F3,P20-VNM24-segment,False,1,strict,net_income_yield,"safe_div(net_income, market_cap)",Lợi nhuận trên mỗi đồng vốn hoá cao cho thấy cổ phiếu đang rẻ so với khả năng sinh lời.,line_item,"net_income, market_cap",False,False,copied_fewshot,,"safe_div(net_income,market_cap)",2,2,False,False,False
qwen35-0.8b,0,F3-016,F3,P20-VNM24-segment,False,2,strict,asset_growth,"growth(total_assets, 4)","Doanh nghiệp mở rộng tài sản quá nhanh thường có lợi suất sau đó thấp hơn (Cooper, Gulen, Schill 2008).",line_item,total_assets,False,False,copied_fewshot,,"growth(total_assets,4)",2,1,False,True,False
qwen35-0.8b,0,F2-021,F2,P21-PC124-segment,False,0,strict,Công thức xếp hạng lợi suất dựa trên lợi nhuận gộp,"rank_lux(gross_profit, k=4)","Lợi nhuận gộp là chỉ tiêu cơ bản phản ánh khả năng chuyển đổi giá trị từ đầu sang cuối kỳ, giúp xác định mức độ hiệu quả của hoạt động sản xuất và vận hành.",note,Tải sản của bộ phận Tài sản không phân bổ,True,False,syntax_error:keyword,,,,,False,False,False
qwen35-0.8b,0,F2-021,F2,P21-PC124-segment,False,1,strict,Công thức xếp hạng lợi suất dựa trên lợi nhuận sau thuế thu nhập,"rank_lux(net_income, k=4)","Lợi nhuận sau thuế thu nhập là chỉ tiêu phản ánh khả năng sinh lời thực tế của doanh nghiệp sau thuế, giúp so sánh hiệu quả giữa các hoạt động kinh doanh khác nhau.",line_item,Lợi nhuận sau thuế thu nhập doanh nghiệp,False,False,syntax_error:keyword,,,,,False,False,False
qwen35-0.8b,0,F2-021,F2,P21-PC124-segment,False,2,strict,Công thức xếp hạng lợi suất dựa trên lợi nhuận thuần từ hoạt động kinh doanh,"rank_lux(operating_profit, k=4)","Lợi nhuận thuần từ hoạt động kinh doanh là chỉ tiêu phản ánh khả năng sinh lời thực tế của doanh nghiệp sau các chi phí cố định và chi phí quản lý, giúp so sánh hiệu quả giữa các bộ phận khác nhau.",note,Tải sản của bộ phận Tài sản không phân bổ,True,False,syntax_error:keyword,,,,,False,False,False
qwen35-0.8b,0,F4-013,F4,P21-PC124-segment,False,0,recovered,gross_profit_growth,"growth(gross_profit, 4)",Lợi nhuận gộp tăng trưởng thường là dấu hiệu của hiệu quả kinh doanh và khả năng tái sử dụng vốn.,line_item,gross_profit,False,True,,,"growth(gross_profit,4)",2,1,True,True,False
qwen35-0.8b,0,F4-013,F4,P21-PC124-segment,False,1,recovered,segment_performance,"zscore(segment_disclosed, 4)",Z-score giúp so sánh hiệu suất của từng bộ phận dựa trên mức độ biến động của nó so với tổng doanh thu.,line_item,segment_disclosed,False,False,bad_arity:zscore,,"zscore(segment_disclosed,4)",2,1,False,False,True
qwen35-0.8b,0,F4-013,F4,P21-PC124-segment,False,2,recovered,asset_efficiency,"log(gross_profit, 4)",Logarit lợi nhuận gộp giúp phân tích hiệu quả sử dụng tài sản và giảm thiểu tác động của biến thiên giá.,line_item,gross_profit,False,False,bad_arity:log,,"log(gross_profit,4)",2,1,False,False,False
qwen35-0.8b,0,F2-022,F2,P22-PNJ17-tax,False,0,strict,Công thức xếp hạng lợi suất dựa trên chi phí thuế TNDN hiện hành,"rank(current_tax_expense, k=4)","Chi phí thuế TNDN hiện hành là yếu tố then chốt ảnh hưởng trực tiếp đến lợi suất cổ phiếu. Việc so sánh chi phí này giúp xác định mức độ chi phí tăng hoặc giảm so với năm trước, từ đó dự kiến tác động lên lợi suất.",note,Chi phí thuế thu nhập doanh nghiệp tính trên thu nhập tính thuế năm hiện hành,True,False,syntax_error:keyword,,,,,False,False,False
qwen35-0.8b,0,F2-022,F2,P22-PNJ17-tax,False,1,strict,Công thức xếp hạng lợi suất dựa trên hiệu quả chi phí (chi phí/tổng lợi nhuận),"ratio(current_tax_expense, pretax_profit, k=4)",Công thức này đo lường hiệu quả chi phí bằng cách so sánh chi phí với tổng lợi nhuận kế toán trước thuế. Hiệu quả chi phí cao hơn sẽ dẫn đến lợi suất thấp hơn.,line_item,Chi phí thuế thu nhập doanh nghiệp tính trên thu nhập tính thuế năm hiện hành,False,False,syntax_error:keyword,,,,,False,False,False
qwen35-0.8b,0,F2-022,F2,P22-PNJ17-tax,False,2,strict,Công thức xếp hạng lợi suất dựa trên hiệu quả chi phí (chi phí/tổng lợi nhuận),"ratio(current_tax_expense, net_income, k=4)","Lợi suất được tính bằng chi phí thuế TNDN hiện hành chia cho lợi nhuận sau thuế thu nhập doanh nghiệp. Tỷ lệ này phản ánh mức độ chi phí tăng so với lợi nhuận, từ đó xác định khả năng phát triển của doanh nghiệp.",line_item,Lợi nhuận sau thuế thu nhập doanh nghiệp,False,False,syntax_error:keyword,,,,,False,False,False
qwen35-0.8b,0,F3-017,F3,P22-PNJ17-tax,False,0,strict,accruals_to_assets,"safe_div(net_income - cfo, total_assets)","Phần lợi nhuận không đi kèm dòng tiền càng lớn thì chất lượng lợi nhuận càng thấp, lợi suất tương lai thường kém hơn (Sloan 1996).",line_item,"net_income, cfo, total_assets",False,False,copied_fewshot,,"safe_div((net_income-cfo),total_assets)",3,3,False,False,False
qwen35-0.8b,0,F3-017,F3,P22-PNJ17-tax,False,1,strict,tax_expense_ratio,"safe_div(current_tax_expense, revenue)",Tỷ trọng chi phí thuế TNDN hiện hành so với doanh thu phát sinh trong kỳ cho thấy mức độ chi phí này có thể ảnh hưởng trực tiếp đến lợi nhuận thực tế và khả năng sinh lời của doanh nghiệp.,line_item,current_tax_expense,False,True,,,"safe_div(current_tax_expense,revenue)",2,2,True,False,False
qwen35-0.8b,0,F3-017,F3,P22-PNJ17-tax,False,2,strict,profit_margin,"safe_div(pretax_profit, total_assets)",Lợi nhuận kế toán trước thuế trên tổng tài sản cho thấy mức độ hiệu quả sử dụng vốn và khả năng tái tạo tài sản của doanh nghiệp.,line_item,pretax_profit,False,True,,,"safe_div(pretax_profit,total_assets)",2,2,True,False,False
qwen35-0.8b,0,F1-015,F1,P23-VCB24-bank_loans,True,0,recovered,Công thức xếp hạng lợi suất dựa trên chất lượng danh mục,rank(x) = rank(total_assets) + zscore(x) - 0.5 * (1 - abs(x)),Tăng độ mạnh của danh mục tài sản bằng cách tăng rank dựa trên tổng tài sản và giảm thiểu tác động của zscore để cân bằng lợi suất.,note,"Chú ý: rank(x) được tính từ tổng tài sản và zscore(x) được tính từ lợi suất, đảm bảo tính nhất quán trong danh mục.",False,False,syntax_error,,,,,False,False,False
qwen35-0.8b,0,F1-015,F1,P23-VCB24-bank_loans,True,1,recovered,Công thức xếp hạng lợi suất dựa trên chất lượng danh mục,rank(x) = rank(total_assets) + zscore(x) - 0.5 * (1 - abs(x)),Tăng độ mạnh của danh mục tài sản bằng cách tăng rank dựa trên tổng tài sản và giảm thiểu tác động của zscore để cân bằng lợi suất.,line_item,Tổng tài sản được tính từ total_assets.,False,False,syntax_error,,,,,False,False,False
qwen35-0.8b,0,F1-015,F1,P23-VCB24-bank_loans,True,2,recovered,Công thức xếp hạng lợi suất dựa trên chất lượng danh mục,rank(x) = rank(total_assets) + zscore(x) - 0.5 * (1 - abs(x)),Tăng độ mạnh của danh mục tài sản bằng cách tăng rank dựa trên tổng tài sản và giảm thiểu tác động của zscore để cân bằng lợi suất.,note,"Lưu ý: rank(x) được tính từ tổng tài sản và zscore(x) được tính từ lợi suất, đảm bảo tính nhất quán trong danh mục.",False,False,syntax_error,,,,,False,False,False
qwen35-0.8b,0,F2-023,F2,P23-VCB24-bank_loans,True,0,recovered,Công thức xếp hạng lợi suất dựa trên tỷ trọng nợ ngắn hạn,rank_short_term_ratio = (nợ_nang_han_t_31_12_2024 / total_assets_31_12_2024) / (nợ_nang_han_t_31_12_2023 / total_assets_31_12_2023),Tỷ trọng nợ ngắn hạn cho vay khách hàng và chiết khấu công cụ chuyển nhượng cho vay khách hàng là chỉ tiêu quan trọng phản ánh khả năng thanh toán và khả năng tái cấu trúc nợ của doanh nghiệp. Tỷ trọng này cao hơn sẽ cho thấy khả năng thanh toán tốt hơn và khả năng tái cấu trúc nợ tốt hơn.,note,Nợ đủ tiêu chuẩn: 1.436.710.181 | 1.258.418.586,False,False,syntax_error,,,,,False,False,False
qwen35-0.8b,0,F2-023,F2,P23-VCB24-bank_loans,True,1,recovered,Công thức xếp hạng lợi suất dựa trên tỷ trọng nợ dài hạn,rank_long_term_ratio = (nợ_dai_han_t_31_12_2024 / total_assets_31_12_2024) / (nợ_dai_han_t_31_12_2023 / total_assets_31_12_2023),"Tỷ trọng nợ dài hạn cho vay đối với các tổ chức, cá nhân nước ngoài và doanh nghiệp có vốn đầu tư nước ngoài là chỉ tiêu phản ánh khả năng thanh toán và khả năng tái cấu trúc nợ của doanh nghiệp. Tỷ trọng này cao hơn sẽ cho thấy khả năng thanh toán tốt hơn và khả năng tái cấu trúc nợ tốt hơn.",line_item,Nợ đủ tiêu chuẩn: 1.431.299.668 | 1.252.320.285,False,False,syntax_error,,,,,False,False,False
qwen35-0.8b,0,F3-018,F3,P23-VCB24-bank_loans,True,0,strict,chất lượng lợi nhuận tương lai,"safe_div(net_income - cfo, total_assets)","Phần lợi nhuận không đi kèm dòng tiền (cfo) càng lớn thì chất lượng lợi nhuận càng thấp, lợi suất tương lai thường kém hơn (Sloan 1996).",line_item,"net_income, cfo, total_assets",False,False,copied_fewshot,,"safe_div((net_income-cfo),total_assets)",3,3,False,False,False
qwen35-0.8b,0,F3-018,F3,P23-VCB24-bank_loans,True,1,strict,chất lượng vốn chủ,"safe_div(equity, market_cap)",Giá trị sổ sách cao so với vốn hoá là nhân tố giá trị kinh điển (Fama & French 1992).,line_item,"equity, market_cap",False,False,copied_fewshot,,"safe_div(equity,market_cap)",2,2,False,False,False
qwen35-0.8b,0,F3-018,F3,P23-VCB24-bank_loans,True,2,strict,chất lượng nợ ngắn hạn,"safe_div(net_income - cfo, total_assets)","Phần lợi nhuận không đi kèm dòng tiền (cfo) càng lớn thì chất lượng lợi nhuận càng thấp, lợi suất tương lai thường kém hơn (Sloan 1996).",line_item,"net_income, cfo, total_assets",False,False,copied_fewshot,,"safe_div((net_income-cfo),total_assets)",3,3,False,False,False
qwen35-0.8b,0,F4-014,F4,P23-VCB24-bank_loans,True,0,recovered,risk_adjusted_yield,log(principal + interest_rate) - (risk_factor * 0.05),"Lợi suất được điều chỉnh bằng hiệu suất rủi ro dựa trên tỷ lệ nợ, giúp so sánh hiệu quả vốn giữa các ngân hàng khác nhau.",line_item,principal,False,False,unknown_var:interest_rate|unknown_var:principal|unknown_var:risk_factor,,(log((interest_rate+principal))-(0.05*risk_factor)),4,3,False,False,False
qwen35-0.8b,0,F4-014,F4,P23-VCB24-bank_loans,True,1,recovered,liquidity_coverage,net_income / (total_assets - equity),"Chỉ tiêu cho thấy khả năng thanh toán tài chính của doanh nghiệp trong ngắn hạn, đảm bảo khả năng duy trì hoạt động kinh doanh.",line_item,equity,False,False,raw_division,,(net_income/(total_assets-equity)),3,3,False,False,False
qwen35-0.8b,0,F4-014,F4,P23-VCB24-bank_loans,True,2,recovered,profit_margin,net_income / pretax_profit,"Chỉ tiêu cho thấy tỷ suất lợi nhuận sau thuế trên tổng lợi nhuận kế toán, phản ánh hiệu quả kinh doanh.",line_item,pretax_profit,False,False,raw_division,,(net_income/pretax_profit),2,2,False,False,False
qwen35-0.8b,0,F1-016,F1,P24-SHB17-bank_loans,True,0,recovered,Công thức xếp hạng lợi suất dựa trên chất lượng danh mục vay,"rank_zscore = zscore(net_income) + 0.5 * (abs(cfo) - abs(cfi) + abs(cff)), rationale: Tăng cường độ lệch chuẩn của dòng tiền thuần từ hoạt động kinh doanh và đầu tư giúp xác định khả năng phục hồi của doanh nghiệp trước các biến động thị trường, phản ánh hiệu quả chuyển hóa vốn đầu tư.",,note,Nhập các dòng chi tiết về hoạt động kinh doanh và đầu tư trong báo cáo tài chính.,False,False,missing_field:rationale|syntax_error,,,,,False,False,False
qwen35-0.8b,0,F1-016,F1,P24-SHB17-bank_loans,True,1,recovered,Công thức xếp hạng rủi ro tín dụng dựa trên lưu chuyển tiền thuần,"risk_score = abs(cfo) + abs(cfi) + abs(cff) - 0.5 * (abs(cfo) + abs(cfi) + abs(cff)), rationale: Tổng lưu chuyển tiền thuần từ hoạt động kinh doanh, đầu tư và tài chính được tích lũy để đánh giá mức độ rủi ro tín dụng, cao hơn khi có dòng tiền thuần từ hoạt động đầu tư và tài chính lớn hơn.",,line_item,"Dòng tiền thuần từ hoạt động kinh doanh, đầu tư và tài chính.",False,False,missing_field:rationale|syntax_error,,,,,False,False,False
qwen35-0.8b,0,F1-016,F1,P24-SHB17-bank_loans,True,2,recovered,Công thức xếp hạng chất lượng danh mục dựa trên rủi ro tín dụng,"risk_score = abs(cfo) + abs(cfi) + abs(cff) - 0.5 * (abs(cfo) + abs(cfi) + abs(cff)), rationale: Tổng lưu chuyển tiền thuần từ hoạt động kinh doanh, đầu tư và tài chính được tích lũy để đánh giá mức độ rủi ro tín dụng, cao hơn khi có dòng tiền thuần từ hoạt động đầu tư và tài chính lớn hơn.",,note,Nhập các dòng chi tiết về hoạt động kinh doanh và đầu tư trong báo cáo tài chính.,False,False,missing_field:rationale|syntax_error,,,,,False,False,False
qwen35-0.8b,0,F2-024,F2,P24-SHB17-bank_loans,True,0,recovered,Công thức xếp hạng lợi suất dựa trên tỷ trọng nợ ngắn hạn,rank_short_term_ratio = (nợ_short_term / tổng_tài_san) * 100,"Tỷ trọng nợ ngắn hạn cao cho thấy dòng tiền ngắn hạn chiếm tỷ trọng lớn trong tổng tài sản, có thể gây áp lực tài chính và rủi ro tăng lên nếu dòng tiền dài hạn không đủ bù đắp.",note,11.2 Phân tích dư nợ theo thời gian cho vay ban đầu: Nợ ngắn hạn chiếm 83.106.717 / 198.290.566 = 41.94% tổng tài sản,False,False,syntax_error,,,,,False,False,False
qwen35-0.8b,0,F2-024,F2,P24-SHB17-bank_loans,True,1,recovered,Công thức xếp hạng lợi suất dựa trên tỷ trọng nợ dài hạn,rank_long_term_ratio = (nợ_dang_tan / tổng_tài_san) * 100,"Tỷ trọng nợ dài hạn cao cho thấy dòng tiền dài hạn chiếm tỷ trọng lớn trong tổng tài sản, có thể gây áp lực tài chính và rủi ro tăng lên nếu dòng tiền ngắn hạn không đủ bù đắp.",note,11.2 Phân tích dư nợ theo thời gian cho vay ban đầu: Nợ dài hạn chiếm 61.749.892 / 198.290.566 = 31.05% tổng tài sản,False,False,syntax_error,,,,,False,False,False
qwen35-0.8b,0,F3-019,F3,P24-SHB17-bank_loans,True,0,strict,chất lượng_lợi suất_tương lai,"safe_div(net_income - cfo, total_assets)","Phần lợi nhuận không đi kèm dòng tiền càng lớn thì chất lượng lợi nhuận càng thấp, lợi suất tương lai thường kém hơn (Sloan 1996).",line_item,"net_income, cfo, total_assets",False,False,copied_fewshot,,"safe_div((net_income-cfo),total_assets)",3,3,False,False,False
qwen35-0.8b,0,F3-019,F3,P24-SHB17-bank_loans,True,1,strict,chất lượng_lợi suất_tương lai_từ_dòng_tiền,"safe_div(net_income - cfo, cfo)",Cải thiện tỷ suất sinh lời trên vốn chủ so với cùng kỳ năm trước báo hiệu chất lượng hoạt động đi lên.,line_item,"net_income, cfo",False,True,,,"safe_div((net_income-cfo),cfo)",3,2,True,False,False
qwen35-0.8b,0,F3-019,F3,P24-SHB17-bank_loans,True,2,strict,chất lượng_lợi suất_tương lai_từ_dòng_tiền,"safe_div(net_income - cfo, equity)",Giá trị sổ sách cao so với vốn hoá là nhân tố giá trị kinh điển (Fama & French 1992).,line_item,"net_income, equity",False,True,,,"safe_div((net_income-cfo),equity)",3,3,True,False,False
qwen35-0.8b,0,F1-017,F1,P25-BVS24-fin_assets,True,0,strict,Công thức xếp hạng lợi suất cổ phiếu theo lát cắt ngang,"rank_correlation(x, k) = (rank(x, k) - mean(x, k)) / std(x, k)","Lực lượng danh mục tài chính của công ty chứng khoán được xác định qua tỷ lệ lợi nhuận so với vốn hóa, do đó công thức này giúp so sánh hiệu quả lợi nhuận giữa các danh mục tài chính khác nhau.",note,Công thức dựa trên tỷ lệ lợi nhuận so với vốn hóa (rank_correlation) để so sánh hiệu quả lợi nhuận giữa các danh mục tài chính khác nhau.,False,False,syntax_error,,,,,False,True,False
qwen35-0.8b,0,F1-017,F1,P25-BVS24-fin_assets,True,1,strict,Công thức xếp hạng lợi suất cổ phiếu theo lát cắt ngang,"rank_correlation(x, k) = (rank(x, k) - mean(x, k)) / std(x, k)","Lực lượng danh mục tài chính của công ty chứng khoán được xác định qua tỷ lệ lợi nhuận so với vốn hóa, do đó công thức này giúp so sánh hiệu quả lợi nhuận giữa các danh mục tài chính khác nhau.",note,Công thức dựa trên tỷ lệ lợi nhuận so với vốn hóa (rank_correlation) để so sánh hiệu quả lợi nhuận giữa các danh mục tài chính khác nhau.,False,False,syntax_error,,,,,False,True,False
qwen35-0.8b,0,F1-017,F1,P25-BVS24-fin_assets,True,2,strict,Công thức xếp hạng lợi suất cổ phiếu theo lát cắt ngang,"rank_correlation(x, k) = (rank(x, k) - mean(x, k)) / std(x, k)","Lực lượng danh mục tài chính của công ty chứng khoán được xác định qua tỷ lệ lợi nhuận so với vốn hóa, do đó công thức này giúp so sánh hiệu quả lợi nhuận giữa các danh mục tài chính khác nhau.",note,Công thức dựa trên tỷ lệ lợi nhuận so với vốn hóa (rank_correlation) để so sánh hiệu quả lợi nhuận giữa các danh mục tài chính khác nhau.,False,False,syntax_error,,,,,False,True,False
qwen35-0.8b,0,F2-025,F2,P25-BVS24-fin_assets,True,0,strict,Công thức xếp hạng lợi suất dựa trên tổng tài sản ghi nhận qua FVTPL,rank = (total_assets - equity) / total_assets,"Tăng tỷ trọng tài sản ghi nhận qua FVTPL (tăng dòng vốn) sẽ làm tăng tỷ suất lợi suất, cải thiện khả năng thu hồi vốn và tăng khả năng thu hút đầu tư.",note,7.1 Tài sản tài chính ghi nhận thông qua lãi/lỗ (FVTPL) - Giá gốc VND | Giá trị hợp lý VND | Giá gốc VND | Giá trị hợp lý VND,False,False,syntax_error,,,,,False,False,False
qwen35-0.8b,0,F2-025,F2,P25-BVS24-fin_assets,True,1,strict,Công thức xếp hạng lợi suất dựa trên tổng lợi nhuận kế toán trước thuế,rank = pretax_profit / net_income,"Lợi nhuận kế toán trước thuế là chỉ tiêu cơ bản để đánh giá khả năng sinh lời của công ty, giúp xác định mức độ rủi ro và khả năng tái tạo vốn.",line_item,"Tổng lợi nhuận kế toán trước thuế [VND, phát sinh trong kỳ]",False,False,syntax_error,,,,,False,False,False
qwen35-0.8b,0,F2-025,F2,P25-BVS24-fin_assets,True,2,strict,Công thức xếp hạng lợi suất dựa trên tổng lợi nhuận sau thuế thu nhập doanh nghiệp,rank = net_income / net_income,"Lợi nhuận sau thuế thu nhập doanh nghiệp là chỉ tiêu cuối cùng để xác định khả năng sinh lời thực tế và khả năng trả nợ, giúp so sánh hiệu quả giữa các dòng vốn khác nhau.",line_item,"Lợi nhuận sau thuế thu nhập doanh nghiệp [VND, phát sinh trong kỳ]",False,False,syntax_error,,,,,False,False,False
qwen35-0.8b,0,F4-015,F4,P25-BVS24-fin_assets,True,0,strict,asset_growth,"growth(total_assets, 4)",Tăng trưởng tài sản nhanh thường đi kèm lợi suất thấp hơn.,line_item,total_assets,False,False,duplicate,,"growth(total_assets,4)",2,1,False,True,False
qwen35-0.8b,0,F4-015,F4,P25-BVS24-fin_assets,True,1,strict,profit_margin,net_income / pretax_profit,Lợi suất lợi nhuận sau thuế là thước đo hiệu quả kinh doanh.,line_item,"net_income, pretax_profit",False,False,raw_division|duplicate,,(net_income/pretax_profit),2,2,False,False,False
qwen35-0.8b,0,F4-015,F4,P25-BVS24-fin_assets,True,2,strict,market_cap,close_price * shares_outstanding,Giá trị thị trường cho thấy tiềm năng tăng trưởng của cổ phiếu.,line_item,"close_price, shares_outstanding",False,True,,,(close_price*shares_outstanding),2,2,False,False,False
qwen35-0.8b,1,F1-001,F1,P01-ANV17-inventory,False,0,recovered,Công thức xếp hạng lợi suất dựa trên dòng vốn giảm giá,"rank(inventory_writedown, k=4) + zscore(inventory_writedown, k=4)","Lực lượng giảm giá là yếu tố then chốt trong xu hướng giảm giá hàng tồn kho. Biến này được xếp hạng bằng rank và zscore để xác định mức độ mạnh hoặc yếu, giúp phân biệt doanh nghiệp có khả năng giảm giá hiệu quả so với đối thủ.",note,Chi tiết: Biến inventory_writedown được sử dụng để xác định mức độ mạnh hoặc yếu của dòng vốn giảm giá.,False,False,syntax_error:keyword,,,,,False,False,False
qwen35-0.8b,1,F1-001,F1,P01-ANV17-inventory,False,1,recovered,Công thức xếp hạng lợi suất dựa trên dòng vốn giảm giá,"rank(inventory_writedown, k=4) + zscore(inventory_writedown, k=4)","Lực lượng giảm giá là yếu tố then chốt trong xu hướng giảm giá hàng tồn kho. Biến này được xếp hạng bằng rank và zscore để xác định mức độ mạnh hoặc yếu, giúp phân biệt doanh nghiệp có khả năng giảm giá hiệu quả so với đối thủ.",line_item,Chi tiết: Biến inventory_writedown được sử dụng để xác định mức độ mạnh hoặc yếu của dòng vốn giảm giá.,False,False,syntax_error:keyword,,,,,False,False,False
qwen35-0.8b,1,F1-001,F1,P01-ANV17-inventory,False,2,recovered,Công thức xếp hạng lợi suất dựa trên dòng vốn giảm giá,"rank(inventory_writedown, k=4) + zscore(inventory_writedown, k=4)","Lực lượng giảm giá là yếu tố then chốt trong xu hướng giảm giá hàng tồn kho. Biến này được xếp hạng bằng rank và zscore để xác định mức độ mạnh hoặc yếu, giúp phân biệt doanh nghiệp có khả năng giảm giá hiệu quả so với đối thủ.",note,Chi tiết: Biến inventory_writedown được sử dụng để xác định mức độ mạnh hoặc yếu của dòng vốn giảm giá.,False,False,syntax_error:keyword,,,,,False,False,False
qwen35-0.8b,1,F2-001,F2,P01-ANV17-inventory,False,0,strict,Công thức xếp hạng lợi suất dựa trên biến inventory_writedown,"rank(inventory_writedown, k=4) + zscore(inventory_writedown, k=4)","Biến inventory_writedown phản ánh trực tiếp biến động giảm giá hàng tồn kho. Khi biến này tăng, nó sẽ làm tăng rank và zscore, dẫn đến xếp hạng cổ phiếu cao hơn, cho thấy khả năng giảm giá thực tế cao hơn so với chỉ số thuần túy.",note,Hàng tồn kho được ghi nhận theo giá thấp hơn giữa giá gốc và giá trị thuần có thể thực hiện được.,True,False,syntax_error:keyword,,,,,False,False,False
qwen35-0.8b,1,F2-001,F2,P01-ANV17-inventory,False,1,strict,Công thức xếp hạng lợi suất dựa trên biến current_assets,"rank(current_assets, k=4) + zscore(current_assets, k=4)","Biến current_assets phản ánh tổng tài sản của doanh nghiệp. Khi biến này tăng, nó sẽ làm tăng rank và zscore, dẫn đến xếp hạng cổ phiếu cao hơn, cho thấy khả năng tài sản thực tế cao hơn so với chỉ số thuần túy.",line_item,Tài sản ngắn hạn được ghi nhận trong danh sách tài sản ngắn hạn.,False,False,syntax_error:keyword,,,,,False,False,False
qwen35-0.8b,1,F2-001,F2,P01-ANV17-inventory,False,2,strict,Công thức xếp hạng lợi suất dựa trên biến equity,"rank(equity, k=4) + zscore(equity, k=4)","Biến equity phản ánh vốn chủ sở hữu của doanh nghiệp. Khi biến này tăng, nó sẽ làm tăng rank và zscore, dẫn đến xếp hạng cổ phiếu cao hơn, cho thấy khả năng vốn thực tế cao hơn so với chỉ số thuần túy.",line_item,Vốn chủ sở hữu được ghi nhận trong danh sách tài sản.,False,False,syntax_error:keyword,,,,,False,False,False
qwen35-0.8b,1,F3-001,F3,P01-ANV17-inventory,False,0,strict,inventory_writedown_to_assets,"safe_div(inventory_writedown, total_assets)","Tồn kho giảm giá nhanh hơn quy mô tài sản báo hiệu hàng bán chậm, dự báo lợi suất thấp hơn (Thomas & Zhang 2002).",line_item,"inventory_writedown, total_assets",False,True,,,"safe_div(inventory_writedown,total_assets)",2,2,True,False,False
qwen35-0.8b,1,F3-001,F3,P01-ANV17-inventory,False,1,strict,inventory_change_to_assets,"safe_div(delta(inventory, 4), mean(total_assets, 4))","Tồn kho tăng nhanh hơn quy mô tài sản báo hiệu hàng bán chậm, dự báo lợi suất thấp hơn (Thomas & Zhang 2002).",line_item,"inventory, total_assets",False,False,copied_fewshot,,"safe_div(delta(inventory,4),mean(total_assets,4))",3,2,False,True,False
qwen35-0.8b,1,F3-001,F3,P01-ANV17-inventory,False,2,strict,accruals_to_assets,"safe_div(net_income - cfo, total_assets)","Phần lợi nhuận không đi kèm dòng tiền càng lớn thì chất lượng lợi nhuận càng thấp, lợi suất tương lai thường kém hơn (Sloan 1996).",line_item,"net_income, cfo, total_assets",False,False,copied_fewshot,,"safe_div((net_income-cfo),total_assets)",3,3,False,False,False
qwen35-0.8b,1,F4-001,F4,P01-ANV17-inventory,False,0,recovered,inventory_growth,"growth(inventory, 4)","Lăng động tăng trưởng hàng tồn kho giúp xác định khả năng phục hồi của doanh nghiệp sau khủng hoảng, phản ánh sức chịu đựng tài sản.",line_item,inventory,False,True,,,"growth(inventory,4)",2,1,True,True,False
qwen35-0.8b,1,F4-001,F4,P01-ANV17-inventory,False,1,recovered,inventory_zscore,"zscore(inventory, 4)",Độ lệch chuẩn so với giá trị trung bình giúp đánh giá mức độ rủi ro và khả năng quản lý rủi ro tài sản.,line_item,inventory,False,False,bad_arity:zscore,,"zscore(inventory,4)",2,1,False,False,False
qwen35-0.8b,1,F4-001,F4,P01-ANV17-inventory,False,2,recovered,inventory_zscore_total,"zscore(inventory, 4)",Độ lệch chuẩn tổng cộng của tất cả các biến tài sản và nợ ngắn hạn giúp đánh giá rủi ro tổng thể cho toàn bộ danh mục.,line_item,"total_assets, current_liabilities",False,False,bad_arity:zscore|duplicate,,"zscore(inventory,4)",2,1,False,False,False
qwen35-0.8b,1,F4-001,F4,P01-ANV17-inventory,False,3,recovered,inventory_zscore_total_assets,"zscore(inventory, 4)",Độ lệch chuẩn tổng cộng của tất cả các biến tài sản và nợ ngắn hạn giúp đánh giá rủi ro tổng thể cho toàn bộ danh mục.,line_item,"total_assets, current_liabilities",False,False,bad_arity:zscore|duplicate,,"zscore(inventory,4)",2,1,False,False,False
qwen35-0.8b,1,F1-002,F1,P02-HPG24-inventory,False,0,recovered,Công thức xếp hạng lợi suất dựa trên dòng vốn giảm giá,"rank(inventory_writedown, k=4) + zscore(inventory_writedown, k=4)","Lực lượng giảm giá là yếu tố then chốt trong xu hướng giảm giá hàng tồn kho. Biến này phản ánh khả năng thanh lý nhanh, giúp doanh nghiệp có cơ hội lợi suất cao hơn trong vòng quay vốn và tăng khả năng tái sử dụng vốn.",note,"Biến inventory_writedown được ghi âm trong báo cáo tài chính, cho thấy khả năng thanh lý nhanh.",False,False,syntax_error:keyword,,,,,False,False,False
qwen35-0.8b,1,F1-002,F1,P02-HPG24-inventory,False,1,recovered,Công thức xếp hạng lợi suất dựa trên dòng vốn giảm giá và dòng vốn giảm giá,"rank(inventory_writedown, k=4) + zscore(inventory_writedown, k=4) + zscore(inventory_gross, k=4)","Dòng vốn giảm giá (inventory_writedown) và dòng vốn giảm giá (inventory_gross) cùng được xếp hạng. Việc tích lũy cả hai biến cho thấy doanh nghiệp có khả năng thanh lý cả dòng vốn giảm giá và dòng vốn giảm giá, tạo ra hiệu ứng tăng trưởng lợi suất mạnh mẽ.",line_item,Biến inventory_writedown và inventory_gross được sử dụng để xác định khả năng thanh lý toàn diện.,False,False,syntax_error:keyword,,,,,False,False,False
qwen35-0.8b,1,F2-002,F2,P02-HPG24-inventory,False,0,strict,Công thức xếp hạng lợi suất dựa trên dòng vốn giảm giá hàng tồn kho,rank_inventory = (inventory_writedown / inventory_gross) * 100,"Công thức này xác định tỷ lệ giảm giá hàng tồn kho so với giá gốc, phản ánh mức độ rủi ro và khả năng thực hiện được. Tỷ lệ cao hơn nghĩa là rủi ro cao hơn và khả năng thực hiện thấp hơn.",line_item,10.1 Ngắn hạn - Hàng tồn kho - Giá gốc VND | Dự phòng VND | Giá gốc VND | Dự phòng VND,False,False,syntax_error,,,,,False,False,False
qwen35-0.8b,1,F2-002,F2,P02-HPG24-inventory,False,1,strict,Công thức xếp hạng lợi suất dựa trên dòng vốn giảm giá hàng tồn kho,rank_inventory = (inventory_writedown / inventory_gross) * 100,"Công thức này xác định tỷ lệ giảm giá hàng tồn kho so với giá gốc, phản ánh mức độ rủi ro và khả năng thực hiện được. Tỷ lệ cao hơn nghĩa là rủi ro cao hơn và khả năng thực hiện thấp hơn.",note,10.1 Ngắn hạn - Hàng tồn kho - Giá gốc VND | Dự phòng VND | Giá gốc VND | Dự phòng VND,False,False,syntax_error,,,,,False,False,False
qwen35-0.8b,1,F2-002,F2,P02-HPG24-inventory,False,2,strict,Công thức xếp hạng lợi suất dựa trên dòng vốn giảm giá hàng tồn kho,rank_inventory = (inventory_writedown / inventory_gross) * 100,"Công thức này xác định tỷ lệ giảm giá hàng tồn kho so với giá gốc, phản ánh mức độ rủi ro và khả năng thực hiện được. Tỷ lệ cao hơn nghĩa là rủi ro cao hơn và khả năng thực hiện thấp hơn.",line_item,10.1 Ngắn hạn - Hàng tồn kho - Giá gốc VND | Dự phòng VND | Giá gốc VND | Dự phòng VND,False,False,syntax_error,,,,,False,False,False
qwen35-0.8b,1,F3-002,F3,P02-HPG24-inventory,False,0,strict,inventory_writedown_to_assets,"safe_div(inventory_writedown, mean(total_assets, 4))","Tồn kho giảm giá nhanh hơn quy mô tài sản báo hiệu hàng bán chậm, dự báo lợi suất thấp hơn (Thomas & Zhang 2002).",line_item,"inventory_writedown, total_assets",False,True,,,"safe_div(inventory_writedown,mean(total_assets,4))",3,2,True,True,False
qwen35-0.8b,1,F3-002,F3,P02-HPG24-inventory,False,1,strict,accruals_to_assets,"safe_div(net_income - cfo, total_assets)","Phần lợi nhuận không đi kèm dòng tiền càng lớn thì chất lượng lợi nhuận càng thấp, lợi suất tương lai thường kém hơn (Sloan 1996).",line_item,"net_income, cfo, total_assets",False,False,copied_fewshot,,"safe_div((net_income-cfo),total_assets)",3,3,False,False,False
qwen35-0.8b,1,F3-002,F3,P02-HPG24-inventory,False,2,strict,earnings_yield,"safe_div(net_income, market_cap)",Lợi nhuận trên mỗi đồng vốn hoá cao cho thấy cổ phiếu đang rẻ so với khả năng sinh lời.,line_item,"net_income, market_cap",False,False,copied_fewshot,,"safe_div(net_income,market_cap)",2,2,False,False,False
qwen35-0.8b,1,F1-003,F1,P03-PNJ24-inventory,False,0,recovered,Công thức xếp hạng lợi suất dựa trên dòng vốn giảm giá,"rank(inventory_writedown, k=4) + zscore(inventory_writedown, k=4)","Dùng biến inventory_writedown để xác định mức độ giảm giá thực tế. Rank giúp so sánh mức giảm giá giữa các dòng, zscore chuẩn hóa mức giảm giá để so sánh hiệu quả trong xu hướng giảm giá.",note,"Chi tiết: Biến inventory_writedown được ghi âm trong báo cáo tài chính, cho thấy mức giảm giá thực tế của dòng này.",False,False,syntax_error:keyword,,,,,False,False,False
qwen35-0.8b,1,F1-003,F1,P03-PNJ24-inventory,False,1,recovered,Công thức xếp hạng lợi suất dựa trên dòng vốn giảm giá và dòng vốn tăng trưởng,"rank(inventory_writedown, k=4) + zscore(inventory_writedown, k=4) + growth(inventory_writedown, k=4)","Dùng biến inventory_writedown để xác định mức giảm giá thực tế. Rank và zscore cho biết mức giảm giá so sánh giữa các dòng, growth cho biết mức tăng trưởng của dòng này. Kết hợp cả hai giúp xác định mức độ giảm giá và mức tăng trưởng cùng nhau để xếp hạng lợi suất.",line_item,"Chi tiết: Biến inventory_writedown được ghi âm trong báo cáo tài chính, cho thấy mức giảm giá thực tế của dòng này.",False,False,syntax_error:keyword,,,,,False,True,False
qwen35-0.8b,1,F2-003,F2,P03-PNJ24-inventory,False,0,recovered,Công thức xếp hạng lợi suất dựa trên biến inventory_writedown,rank_inventory_writedown = abs(inventory_writedown) / (abs(inventory_writedown) + inventory_gross),"Biến inventory_writedown phản ánh trực tiếp sự giảm giá hàng tồn kho do dự phòng giảm giá. Khi giá vốn giảm, biến này tăng lên, giúp xác định mức độ rủi ro và khả năng tái cấu trúc vốn.",note,Biến động về dự phòng giảm giá hàng tồn kho trong năm tài chính như sau: | 2024VND | 2023VND Số dư đầu năm | 3.811.047.508 | 2.010.094.632 Tăng dự phòng (Thuyết minh 29) | 55.605.403.095 | 1.800.952.876 Số dư cuối năm | 59.416.450.603 | 3.811.047.508,True,False,syntax_error,,,,,False,False,False
qwen35-0.8b,1,F2-003,F2,P03-PNJ24-inventory,False,1,recovered,Công thức xếp hạng lợi suất dựa trên biến current_assets,rank_current_assets = current_assets / (current_assets + current_liabilities),"Biến current_assets phản ánh tổng tài sản của doanh nghiệp. Khi tổng tài sản tăng, tỷ lệ này tăng, giúp xác định mức độ rủi ro tổng thể và khả năng thanh toán.",line_item,Tài sản ngắn hạn (thông qua biến current_assets) và Nợ ngắn hạn (thông qua biến current_liabilities),False,False,syntax_error,,,,,False,False,False
qwen35-0.8b,1,F4-002,F4,P03-PNJ24-inventory,False,0,recovered,inventory_growth,"growth(inventory_gross, 4)","Tăng trưởng giá vốn hàng tồn kho thường là dấu hiệu của sự gia tăng nhu cầu hoặc cải thiện chất lượng, giúp doanh nghiệp có thể dự báo xu hướng tăng trưởng dài hạn.",line_item,inventory_gross,False,True,,,"growth(inventory_gross,4)",2,1,True,True,False
qwen35-0.8b,1,F4-002,F4,P03-PNJ24-inventory,False,1,recovered,inventory_depreciation,"abs(inventory_writedown, 4)","Giảm giá hàng tồn kho (giảm tồn kho) thường đi kèm với việc giảm chi phí để bán lại hoặc tái sử dụng, giúp doanh nghiệp có thể điều chỉnh chiến lược sản xuất và bán lại hiệu quả hơn.",line_item,inventory_writedown,False,False,bad_arity:abs,,"abs(inventory_writedown,4)",2,1,False,False,False
qwen35-0.8b,1,F4-002,F4,P03-PNJ24-inventory,False,2,recovered,inventory_turnover,"mean(inventory, 4)","Độ trung bình của giá vốn hàng tồn kho cho thấy mức độ biến động của giá trị hàng tồn kho trong kỳ, giúp doanh nghiệp xác định được mức độ rủi ro và khả năng quản lý hiệu quả.",line_item,inventory,False,True,,,"mean(inventory,4)",2,1,False,True,False
qwen35-0.8b,1,F1-004,F1,P04-GAS24-receivables,False,0,strict,Công thức xếp hạng lợi suất dựa trên khả năng thu hồi tài sản ngắn hạn,"rank(current_assets, k=1) + zscore(short_term_receivables, k=1) + abs(provision_doubtful_debt, k=1)","Lợi suất cao được xác định bằng khả năng thu hồi tài sản ngắn hạn (tăng dần) và khả năng thu hồi nợ khó đòi (giảm dần), phản ánh khả năng thanh toán tốt của doanh nghiệp.",note,"Chi tiết: rank(current_assets, k=1) + zscore(short_term_receivables, k=1) + abs(provision_doubtful_debt, k=1)",False,False,syntax_error:keyword,,,,,False,False,False
qwen35-0.8b,1,F1-004,F1,P04-GAS24-receivables,False,1,strict,Công thức xếp hạng lợi suất dựa trên khả năng thu hồi nợ khó đòi,"rank(short_term_receivables, k=1) + zscore(provision_doubtful_debt, k=1)","Lợi suất cao được xác định bằng khả năng thu hồi nợ khó đòi (giảm dần) và khả năng thu hồi tài sản ngắn hạn (tăng dần), phản ánh khả năng thanh toán tốt của doanh nghiệp.",line_item,"Chi tiết: rank(short_term_receivables, k=1) + zscore(provision_doubtful_debt, k=1)",False,False,syntax_error:keyword,,,,,False,False,False
qwen35-0.8b,1,F1-004,F1,P04-GAS24-receivables,False,2,strict,Công thức xếp hạng lợi suất dựa trên khả năng thu hồi vốn chủ sở hữu,"rank(equity, k=1) + zscore(gross_profit, k=1)","Lợi suất cao được xác định bằng khả năng thu hồi vốn chủ sở hữu (giảm dần) và khả năng thu hồi lợi nhuận gộp (giảm dần), phản ánh khả năng thanh toán tốt của doanh nghiệp.",line_item,"Chi tiết: rank(equity, k=1) + zscore(gross_profit, k=1)",False,False,syntax_error:keyword,,,,,False,False,False
qwen35-0.8b,1,F2-004,F2,P04-GAS24-receivables,False,0,recovered,Công thức xếp hạng lợi suất dựa trên khả năng thu hồi nợ khó đòi,rank_customers = (receivables_customers / receivables_customers - 1) * 1000000000 / abs(provision_doubtful_debt),"Công thức này tính tỷ số rủi ro của khoản phải thu ngắn hạn so với khả năng thu hồi của khoản phải thu khó đòi. Giá trị dương cho rank_customers giúp xác định mức độ rủi ro cao hoặc thấp, từ đó đưa ra tỷ suất lợi suất phù hợp với danh mục.",note,Số dư các khoản phải thu ngắn hạn của khách hàng khó có khả năng thu hồi lần lượt là 5.441.791.177.829 Đồng và 1.795.966.693.990 Đồng như đã trình bày tại Thuyết minh 8.,True,False,syntax_error,,,,,False,False,False
qwen35-0.8b,1,F2-004,F2,P04-GAS24-receivables,False,1,recovered,Công thức xếp hạng lợi suất dựa trên tỷ suất lợi nhuận từ doanh thu,profit_margin = (gross_profit / revenue) * 1000000000 / abs(provision_doubtful_debt),Công thức này tính tỷ suất lợi nhuận thuần từ doanh thu (gross_profit / revenue) so với khả năng thu hồi của khoản phải thu khó đòi. Giá trị dương cho profit_margin giúp xác định mức độ hiệu quả kinh doanh và khả năng sinh lời.,line_item,"Lợi nhuận gộp [VND, phát sinh trong kỳ]",False,False,syntax_error,,,,,False,False,False
qwen35-0.8b,1,F3-003,F3,P04-GAS24-receivables,False,0,strict,receivables_accrual,"safe_div(delta(short_term_receivables, 4), mean(total_assets, 4))","Phải thu ngắn hạn phình ra là phần dồn tích chưa thành tiền, thường đi trước lợi suất kém.",line_item,"short_term_receivables, total_assets",False,False,copied_fewshot,,"safe_div(delta(short_term_receivables,4),mean(total_assets,4))",3,2,False,True,False
qwen35-0.8b,1,F3-003,F3,P04-GAS24-receivables,False,1,strict,accruals_to_assets,"safe_div(net_income - cfo, total_assets)","Phần lợi nhuận không đi kèm dòng tiền càng lớn thì chất lượng lợi nhuận càng thấp, lợi suất tương lai thường kém hơn (Sloan 1996).",line_item,"net_income, cfo, total_assets",False,False,copied_fewshot,,"safe_div((net_income-cfo),total_assets)",3,3,False,False,False
qwen35-0.8b,1,F3-003,F3,P04-GAS24-receivables,False,2,strict,earnings_yield,"safe_div(net_income, market_cap)",Lợi nhuận trên mỗi đồng vốn hoá cao cho thấy cổ phiếu đang rẻ so với khả năng sinh lời.,line_item,"net_income, market_cap",False,False,copied_fewshot,,"safe_div(net_income,market_cap)",2,2,False,False,False
qwen35-0.8b,1,F4-003,F4,P04-GAS24-receivables,False,0,strict,receivables_customers_growth,"growth(receivables_customers, 4)","Tăng trưởng số dư phải thu ngắn hạn của khách hàng phản ánh khả năng thu hồi tài sản và khả năng thu hút khách mới, giúp xác định khả năng thanh toán của doanh nghiệp.",line_item,receivables_customers,False,True,,,"growth(receivables_customers,4)",2,1,True,True,False
qwen35-0.8b,1,F4-003,F4,P04-GAS24-receivables,False,1,strict,receivables_customers_zscore,zscore(receivables_customers),"Z-score đo lường mức độ lệch chuẩn so với trung bình, giúp xác định mức độ rủi ro của khoản phải thu ngắn hạn của khách hàng.",line_item,receivables_customers,False,True,,,zscore(receivables_customers),2,1,True,False,False
qwen35-0.8b,1,F4-003,F4,P04-GAS24-receivables,False,2,strict,receivables_customers_risk,risk(receivables_customers),Rủi ro từ khoản phải thu ngắn hạn của khách hàng ảnh hưởng trực tiếp đến khả năng thanh toán và khả năng thu hồi vốn.,line_item,receivables_customers,False,False,unknown_func:risk,,risk(receivables_customers),2,1,False,False,False
qwen35-0.8b,1,F2-005,F2,P05-HUT24-receivables,False,0,recovered,Công thức xếp hạng lợi suất dựa trên khả năng thu hồi nợ khó đòi,"rank(receivables_customers, k=4) + zscore(provision_doubtful_debt, k=4)","Lực lượng thu hồi nợ khó đòi từ khách hàng và khả năng thu hồi dự phòng cho các khoản nợ quá hạn được xác định rõ ràng trong dữ liệu, giúp doanh nghiệp có cơ sở để phân bổ lợi suất theo mức độ rủi ro và khả năng thanh toán.",note,"Công ty đã đánh giá và trích lập dự phòng đối với các khoản nợ quá hạn, nợ khó có khả năng thu hồi với sự thận trọng phù hợp. Công ty sẽ tiếp tục thực hiện các biện pháp để đảm bảo thu hồi được số nợ quá hạn.",True,False,syntax_error:keyword,,,,,False,False,False
qwen35-0.8b,1,F2-005,F2,P05-HUT24-receivables,False,1,recovered,Công thức xếp hạng lợi suất dựa trên khả năng thu hồi nợ khó đòi,"rank(receivables_customers, k=4) + zscore(provision_doubtful_debt, k=4)","Lực lượng thu hồi nợ khó đòi từ khách hàng và khả năng thu hồi dự phòng cho các khoản nợ quá hạn được xác định rõ ràng trong dữ liệu, giúp doanh nghiệp có cơ sở để phân bổ lợi suất theo mức độ rủi ro và khả năng thanh toán.",note,"Công ty đã đánh giá và trích lập dự phòng đối với các khoản nợ quá hạn, nợ khó có khả năng thu hồi với sự thận trọng phù hợp. Công ty sẽ tiếp tục thực hiện các biện pháp để đảm bảo thu hồi được số nợ quá hạn.",True,False,syntax_error:keyword,,,,,False,False,False
qwen35-0.8b,1,F3-004,F3,P05-HUT24-receivables,False,0,strict,receivables_accrual,"safe_div(delta(short_term_receivables, 4), mean(total_assets, 4))","Phải thu ngắn hạn phình ra là phần dồn tích chưa thành tiền, thường đi trước lợi suất kém.",line_item,"short_term_receivables, total_assets",False,False,copied_fewshot,,"safe_div(delta(short_term_receivables,4),mean(total_assets,4))",3,2,False,True,False
qwen35-0.8b,1,F3-004,F3,P05-HUT24-receivables,False,1,strict,accruals_to_assets,"safe_div(net_income - cfo, total_assets)","Phần lợi nhuận không đi kèm dòng tiền càng lớn thì chất lượng lợi nhuận càng thấp, lợi suất tương lai thường kém hơn (Sloan 1996).",line_item,"net_income, cfo, total_assets",False,False,copied_fewshot,,"safe_div((net_income-cfo),total_assets)",3,3,False,False,False
qwen35-0.8b,1,F3-004,F3,P05-HUT24-receivables,False,2,strict,earnings_yield,"safe_div(net_income, market_cap)",Lợi nhuận trên mỗi đồng vốn hoá cao cho thấy cổ phiếu đang rẻ so với khả năng sinh lời.,line_item,"net_income, market_cap",False,False,copied_fewshot,,"safe_div(net_income,market_cap)",2,2,False,False,False
qwen35-0.8b,1,F1-005,F1,P06-TNG24-debt,False,0,recovered,Công thức xếp hạng lợi suất dựa trên chi phí lãi vay,"rank(interest_expense, k=4) + zscore(interest_expense, k=4)",Chi tiết chi phí lãi vay là yếu tố then chốt trong việc kiểm soát rủi ro tài chính. Việc xếp hạng dựa trên rank chi phí giúp doanh nghiệp có thể xác định mức độ rủi ro và áp dụng các biện pháp giảm thiểu chi phí để tối ưu lợi suất.,note,Chi tiết chi phí lãi vay được phân tích bằng rank và zscore để xác định mức độ rủi ro và tác động đến lợi suất.,False,False,syntax_error:keyword,,,,,False,False,False
qwen35-0.8b,1,F1-005,F1,P06-TNG24-debt,False,1,recovered,Công thức xếp hạng lợi suất dựa trên lợi nhuận thuần,"rank(net_income, k=4) + zscore(net_income, k=4)",Lợi nhuận thuần là chỉ số trực tiếp phản ánh khả năng sinh tồn và phát triển của doanh nghiệp. Việc xếp hạng dựa trên lợi nhuận giúp doanh nghiệp có thể xác định mức độ hiệu quả và áp dụng các biện pháp cải thiện để tăng trưởng.,line_item,Lợi nhuận thuần được phân tích bằng rank và zscore để xác định mức độ hiệu quả và tác động đến lợi suất.,False,False,syntax_error:keyword,,,,,False,False,False
qwen35-0.8b,1,F1-005,F1,P06-TNG24-debt,False,2,recovered,Công thức xếp hạng lợi suất dựa trên lợi nhuận sau thuế,"rank(net_income, k=4) + zscore(net_income, k=4)",Lợi nhuận sau thuế là chỉ số phản ánh khả năng sinh tồn và phát triển của doanh nghiệp trong điều kiện thực tế. Việc xếp hạng dựa trên lợi nhuận sau thuế giúp doanh nghiệp có thể xác định mức độ hiệu quả và áp dụng các biện pháp cải thiện để tăng trưởng.,line_item,Lợi nhuận sau thuế được phân tích bằng rank và zscore để xác định mức độ hiệu quả và tác động đến lợi suất.,False,False,syntax_error:keyword,,,,,False,False,False
qwen35-0.8b,1,F2-006,F2,P06-TNG24-debt,False,0,recovered,Công thức xếp hạng lợi suất dựa trên chi phí lãi vay,"rank(interest_expense, k=4) + zscore(interest_expense, k=4)","Chi phí lãi vay là yếu tố then chốt trong việc đánh giá khả năng thanh toán nợ dài hạn. Việc tính rank và zscore giúp xác định mức độ rủi ro và khả năng thanh toán của doanh nghiệp trong các kỳ hạn, hỗ trợ việc xếp hạng cổ phiếu dựa trên khả năng trả nợ.",note,"Vay dài hạn tăng 114.479.625.701 VND so với số tiền ban đầu 224.253.960.000 VND, cho thấy tỷ lệ tăng trưởng cao nhưng chi phí lãi vay tăng 224.253.960.000 VND so với số tiền ban đầu 606.505.249.924 VND.",False,False,syntax_error:keyword,,,,,False,False,False
qwen35-0.8b,1,F2-006,F2,P06-TNG24-debt,False,1,recovered,Công thức xếp hạng lợi suất dựa trên tỷ lệ nợ ngắn hạn,"rank(short_term_debt, k=4) + zscore(short_term_debt, k=4)","Tỷ lệ nợ ngắn hạn (Vay và nợ thuê tài chính ngắn hạn) là chỉ số quan trọng để đánh giá khả năng thanh toán ngắn hạn của doanh nghiệp. Việc tính rank và zscore giúp xác định mức độ rủi ro và khả năng thanh toán của doanh nghiệp trong các kỳ hạn, hỗ trợ việc xếp hạng cổ phiếu dựa trên khả năng thanh toán ngắn hạn.",line_item,Số phải trả trong vòng 12 tháng tăng 206.007.352.895 VND so với số tiền ban đầu 206.007.352.895 VND.,False,False,syntax_error:keyword,,,,,False,False,False
qwen35-0.8b,1,F4-004,F4,P06-TNG24-debt,False,0,recovered,interest_expense_rank,"rank(interest_expense, 4)",Chi phí lãi vay tăng quá nhanh thường đi kèm lợi suất thấp hơn.,line_item,interest_expense,False,False,bad_arity:rank,,"rank(interest_expense,4)",2,1,False,False,False
qwen35-0.8b,1,F4-004,F4,P06-TNG24-debt,False,1,recovered,cash_and_equivalents_growth,"growth(cash_and_equivalents, 4)",Tăng trưởng vốn và tương đương tiền thường đi kèm lợi suất thấp hơn.,line_item,cash_and_equivalents,False,True,,,"growth(cash_and_equivalents,4)",2,1,True,True,False
qwen35-0.8b,1,F4-004,F4,P06-TNG24-debt,False,2,recovered,total_assets_growth,"growth(total_assets, 4)",Tăng trưởng tổng tài sản thường đi kèm lợi suất thấp hơn.,line_item,total_assets,False,True,,,"growth(total_assets,4)",2,1,True,True,False
qwen35-0.8b,1,F1-006,F1,P07-NLG17-debt,False,0,strict,Công thức xếp hạng lợi suất dựa trên chi phí lãi vay,"rank(interest_expense, k=4) + zscore(interest_expense, k=4)",Chi tiết chi phí lãi vay là yếu tố then chốt trong việc kiểm soát dòng tiền và rủi ro tài chính. Việc xếp hạng dựa trên chi phí này giúp doanh nghiệp xác định mức độ rủi ro và khả năng thanh toán nợ dài hạn.,note,Chi tiết chi phí lãi vay được phân tích để xác định rủi ro tài chính và khả năng thanh toán nợ dài hạn.,False,False,syntax_error:keyword,,,,,False,False,False
qwen35-0.8b,1,F1-006,F1,P07-NLG17-debt,False,1,strict,Công thức xếp hạng lợi suất dựa trên lợi nhuận thuần và lợi nhuận sau thuế,"log(interest_expense) + zscore(interest_expense, k=4)",Lợi nhuận thuần và lợi nhuận sau thuế phản ánh hiệu quả sử dụng vốn và khả năng tái tạo. Việc áp dụng logarit giúp làm giảm tác động của biến thiên giá và tăng độ chính xác trong so sánh giữa các doanh nghiệp.,line_item,Lợi nhuận thuần và lợi nhuận sau thuế được phân tích để xác định hiệu quả sử dụng vốn và khả năng tái tạo.,False,False,syntax_error:keyword,,,,,False,False,False
qwen35-0.8b,1,F1-006,F1,P07-NLG17-debt,False,2,strict,Công thức xếp hạng lợi suất dựa trên dòng tiền và lợi nhuận từ hoạt động kinh doanh,"cfo + zscore(interest_expense, k=4)","Dòng tiền thuần (cfo) phản ánh khả năng thanh toán nợ và khả năng tái tạo vốn, trong khi lợi nhuận từ hoạt động kinh doanh (net_income) phản ánh hiệu quả sử dụng vốn. Việc kết hợp hai yếu tố này giúp doanh nghiệp xác định khả năng thanh toán nợ và khả năng tái tạo vốn.",line_item,Dòng tiền thuần (cfo) và lợi nhuận từ hoạt động kinh doanh (net_income) được phân tích để xác định khả năng thanh toán nợ và khả năng tái tạo vốn.,False,False,syntax_error:keyword,,,,,False,False,False
qwen35-0.8b,1,F2-007,F2,P07-NLG17-debt,False,0,recovered,Công thức xếp hạng lợi suất dựa trên chi phí lãi vay,rank_interest_expense = (abs(interest_expense) / total_liabilities) * 100,"Chi phí lãi vay là yếu tố then chốt trong việc đánh giá khả năng thanh toán nợ và khả năng trả nợ trước, giúp xác định mức độ rủi ro tài chính của doanh nghiệp.",note,22. VAY VÀ NỘ: Vay dài hạn từ ngân hàng (TM số 22.2) | 228.548.210.000 | 349.613.387.000,False,False,syntax_error,,,,,False,False,False
qwen35-0.8b,1,F2-007,F2,P07-NLG17-debt,False,1,recovered,Công thức xếp hạng lợi suất dựa trên tổng nợ ngắn hạn,rank_short_term_debt = (total_liabilities - current_liabilities) / total_liabilities,"Tăng trưởng tổng nợ ngắn hạn phản ánh khả năng thanh toán nợ ngắn hạn của doanh nghiệp trong kỳ, giúp xác định mức độ rủi ro tài chính của doanh nghiệp.",line_item,22.1 Vay ngắn hạn từ cá nhân (TM số 22.1) | 2.800.000.000 | 69.894.565.335,False,False,syntax_error,,,,,False,False,False
qwen35-0.8b,1,F3-005,F3,P07-NLG17-debt,False,0,strict,net_debt_to_equity,"safe_div(short_term_debt + long_term_debt - cash_and_equivalents, equity)","Đòn bẩy ròng cao làm tăng rủi ro tài chính, cổ phiếu nhạy hơn với lãi suất.",line_item,"short_term_debt, long_term_debt, cash_and_equivalents, equity",False,False,copied_fewshot,,"safe_div(((long_term_debt+short_term_debt)-cash_and_equivalents),equity)",4,4,False,False,False
qwen35-0.8b,1,F3-005,F3,P07-NLG17-debt,False,1,strict,accruals_to_assets,"safe_div(net_income - cfo, total_assets)","Phần lợi nhuận không đi kèm dòng tiền càng lớn thì chất lượng lợi nhuận càng thấp, lợi suất tương lai thường kém hơn (Sloan 1996).",line_item,"net_income, cfo, total_assets",False,False,copied_fewshot,,"safe_div((net_income-cfo),total_assets)",3,3,False,False,False
qwen35-0.8b,1,F3-005,F3,P07-NLG17-debt,False,2,strict,cash_to_current_liabilities,"safe_div(cash_and_equivalents, current_liabilities)",Tiền mặt so với nợ ngắn hạn đo khả năng thanh toán; thấp làm tăng rủi ro khi dòng tiền bán hàng chậm lại.,line_item,"cash_and_equivalents, current_liabilities",False,False,copied_fewshot,,"safe_div(cash_and_equivalents,current_liabilities)",2,2,False,False,False
qwen35-0.8b,1,F4-005,F4,P07-NLG17-debt,False,0,strict,interest_expense_rank,"rank(interest_expense, 4)","Chi phí lãi vay là yếu tố then chốt gây suy giảm lợi suất, giúp xếp hạng cổ phiếu dựa trên khả năng thanh toán nợ dài hạn.",line_item,interest_expense,False,False,bad_arity:rank|duplicate,,"rank(interest_expense,4)",2,1,False,False,False
qwen35-0.8b,1,F4-005,F4,P07-NLG17-debt,False,1,strict,cash_flow_growth,"growth(cash_and_equivalents, 4)","Tăng trưởng dòng tiền thuần cho thấy khả năng thanh toán nợ ngắn hạn và duy trì hoạt động kinh doanh, phản ánh sức sống của doanh nghiệp.",line_item,cash_and_equivalents,False,False,duplicate,,"growth(cash_and_equivalents,4)",2,1,False,True,False
qwen35-0.8b,1,F4-005,F4,P07-NLG17-debt,False,2,strict,depreciation_growth,"growth(depreciation, 4)","Tăng trưởng khấu hao tài sản cố định cho thấy khả năng tái tạo vốn, giúp xác định khả năng thanh toán nợ dài hạn và cải thiện lợi suất.",line_item,depreciation,False,True,,,"growth(depreciation,4)",2,1,True,True,False
qwen35-0.8b,1,F2-008,F2,P08-POW17-debt,False,0,recovered,Công thức xếp hạng lợi suất dựa trên chi phí lãi vay,rank_interest_expense = (interest_expense / total_liabilities) * 100,Chi phí lãi vay là yếu tố then chốt trong việc đánh giá khả năng thanh toán nợ dài hạn. Tỷ lệ chi phí so với tổng nợ phải trả sẽ trực tiếp ảnh hưởng đến khả năng duy trì vốn và lợi suất cổ phiếu.,note,"Theo đoạn trích trích dẫn từ báo cáo tài chính năm 2017 của POW, khoản vay dài hạn bao gồm các khoản vay từ Tập đoàn Dầu khí Việt Nam, Ngân hàng Citibank, Credit Agricole Corporate and Investment, TMCP Đại chúng Việt Nam, Phát triển Việt Nam, Ngoại thương Việt Nam, Sài Gòn - Hà Nội, An Bình, Quân đội, Credit Agricole CIB, Công thương Việt Nam và Thịnh Vượng. Tổng số dư cuối năm là 24.737.642.216.461 VND.",False,False,syntax_error,,,,,False,False,False
qwen35-0.8b,1,F2-008,F2,P08-POW17-debt,False,1,recovered,Công thức xếp hạng lợi suất dựa trên tỷ trọng nợ ngắn hạn,rank_short_term_debt = (short_term_debt / total_liabilities) * 100,"Tỷ trọng nợ ngắn hạn phản ánh khả năng thanh toán ngắn hạn của doanh nghiệp. Nếu tỷ lệ nợ ngắn hạn cao hơn, doanh nghiệp có khả năng trả nợ trước, từ đó ảnh hưởng trực tiếp đến lợi suất và khả năng tái cấu trúc vốn.",line_item,"Trong đoạn trích trích dẫn từ báo cáo tài chính năm 2017 của POW, khoản vay dài hạn bao gồm các khoản vay từ Tập đoàn Dầu khí Việt Nam, Ngân hàng Citibank, Credit Agricole Corporate and Investment, TMCP Đại chúng Việt Nam, Phát triển Việt Nam, Ngoại thương Việt Nam, Sài Gòn - Hà Nội, An Bình, Quân đội, Credit Agricole CIB, Công thương Việt Nam và Thịnh Vượng. Tổng số dư cuối năm là 24.737.642.216.461 VND.",False,False,syntax_error,,,,,False,False,False
qwen35-0.8b,1,F3-006,F3,P08-POW17-debt,False,0,strict,net_debt_to_equity,"safe_div(short_term_debt + long_term_debt - cash_and_equivalents, equity)","Đòn bẩy ròng cao làm tăng rủi ro tài chính, cổ phiếu nhạy hơn với lãi suất.",line_item,"short_term_debt, long_term_debt, cash_and_equivalents, equity",False,False,copied_fewshot,,"safe_div(((long_term_debt+short_term_debt)-cash_and_equivalents),equity)",4,4,False,False,False
qwen35-0.8b,1,F3-006,F3,P08-POW17-debt,False,1,strict,accruals_to_assets,"safe_div(net_income - cfo, total_assets)","Phần lợi nhuận không đi kèm dòng tiền càng lớn thì chất lượng lợi nhuận càng thấp, lợi suất tương lai thường kém hơn (Sloan 1996).",line_item,"net_income, cfo, total_assets",False,False,copied_fewshot,,"safe_div((net_income-cfo),total_assets)",3,3,False,False,False
qwen35-0.8b,1,F3-006,F3,P08-POW17-debt,False,2,strict,cash_to_current_liabilities,"safe_div(cash_and_equivalents, current_liabilities)",Tiền mặt so với nợ ngắn hạn đo khả năng thanh toán; thấp làm tăng rủi ro khi dòng tiền bán hàng chậm lại.,line_item,"cash_and_equivalents, current_liabilities",False,False,copied_fewshot,,"safe_div(cash_and_equivalents,current_liabilities)",2,2,False,False,False
qwen35-0.8b,1,F1-007,F1,P09-HAH24-fixed_assets,False,0,strict,Công thức xếp hạng lợi suất dựa trên khấu hao tài sản cố định,rank_fixed_depreciation = (accumulated_depreciation - fixed_assets) / total_assets,"Xác định tỷ lệ khấu hao tài sản cố định so với tổng tài sản, giúp so sánh mức độ hao mòn giữa các doanh nghiệp và xác định mức độ rủi ro tài sản.",note,Tạo ra từ biến fixed_assets và accumulated_depreciation để tính tỷ lệ khấu hao so với tổng tài sản.,False,False,syntax_error,,,,,False,False,False
qwen35-0.8b,1,F1-007,F1,P09-HAH24-fixed_assets,False,1,strict,Công thức xếp hạng lợi suất dựa trên vốn chủ sở hữu và tài sản cố định,rank_capex_equity = (capex - equity) / total_assets,"Xác định tỷ lệ chi phí đầu tư so với tổng tài sản, phản ánh mức độ rủi ro trong việc đầu tư và phát triển tài sản.",note,Tạo ra từ biến capex và equity để tính tỷ lệ chi phí đầu tư so với tổng tài sản.,False,False,syntax_error,,,,,False,False,False
qwen35-0.8b,1,F1-007,F1,P09-HAH24-fixed_assets,False,2,strict,Công thức xếp hạng lợi suất dựa trên lợi nhuận và tài sản cố định,rank_net_income_depreciation = (net_income - accumulated_depreciation) / total_assets,"Xác định tỷ suất lợi nhuận sau thuế so với tổng tài sản, phản ánh hiệu quả sử dụng tài sản và khả năng tái tạo.",note,Tạo ra từ biến net_income và accumulated_depreciation để tính tỷ suất lợi nhuận sau thuế so với tổng tài sản.,False,False,syntax_error,,,,,False,False,False
qwen35-0.8b,1,F2-009,F2,P09-HAH24-fixed_assets,False,0,recovered,Công thức xếp hạng lợi suất dựa trên khấu hao tài sản cố định,rank_fixed_assets = (tangible_fixed_assets - accumulated_depreciation) / (tangible_fixed_assets + accumulated_depreciation),"Công thức này xác định tỷ suất khấu hao của tài sản cố định bằng cách chia tổng khấu hao cho tổng tài sản. Tỷ suất này cao hơn sẽ làm giảm lợi suất cổ phiếu, giúp xếp hạng cao hơn.",note,"12. Tài sản cố định hữu hình: Nhà cửa, vật kiến trúc | Máy móc và thiết bị | Phương tiện vận tải, truyền dẫn | Thiết bị, dụng cụ quản lý | Tài sản có định khác | Cộng",False,False,syntax_error,,,,,False,False,False
qwen35-0.8b,1,F2-009,F2,P09-HAH24-fixed_assets,False,1,recovered,Công thức xếp hạng lợi suất dựa trên vốn hóa thị trường,market_cap = total_assets - equity,"Công thức này xác định tỷ trọng vốn hóa thị trường bằng cách trừ vốn chủ sở hữu khỏi tổng tài sản. Tỷ trọng này cao hơn sẽ làm tăng lợi suất cổ phiếu, giúp xếp hạng cao hơn.",line_item,"10. Tài sản cố định hữu hình: Tài sản cố định hữu hình được thể hiện theo nguyên giá trừ hao mòn lũy kế. Nguyên giá tài sản cố định hữu hình bao gồm toàn bộ các chi phí mà Tập đoàn phải bỏ ra để có được tài sản cố định tính đến thời điểm đưa tài sản đó vào trạng thái sẵn sàng sử dụng. Các chi phí phát sinh sau ghi nhận ban đầu chi được ghi tăng nguyên giá tài sản cố định nếu các chi phí này chắc chắn làm tăng lợi ích kinh tế trong tương lai do sử dụng tài sản đó. Các chi phí phát sinh không thỏa mãn điều kiện trên được ghi nhận là chi phí sản xuất, kinh doanh trong kỳ.",False,False,syntax_error,,,,,False,False,False
qwen35-0.8b,1,F3-007,F3,P09-HAH24-fixed_assets,False,0,strict,accruals_to_assets,"safe_div(net_income - cfo, total_assets)","Phần lợi nhuận không đi kèm dòng tiền càng lớn thì chất lượng lợi nhuận càng thấp, lợi suất tương lai thường kém hơn (Sloan 1996).",line_item,"net_income, cfo, total_assets",False,False,copied_fewshot,,"safe_div((net_income-cfo),total_assets)",3,3,False,False,False
qwen35-0.8b,1,F3-007,F3,P09-HAH24-fixed_assets,False,1,strict,cfo_to_capex,"safe_div(cfo, capex)","Phân tích dòng tiền thuần từ hoạt động kinh doanh so với chi phí mua sắm, xây dựng TSCĐ và tài sản dài hạn khác. Tỷ trọng cao cho thấy dòng tiền mang lại lợi ích kinh tế lớn hơn chi phí đầu tư.",line_item,"cfo, capex",False,True,,,"safe_div(cfo,capex)",2,2,True,False,False
qwen35-0.8b,1,F3-007,F3,P09-HAH24-fixed_assets,False,2,strict,fixed_assets_to_capex,"safe_div(fixed_assets, capex)","Tỷ trọng tài sản cố định so với chi phí mua sắm, xây dựng TSCĐ và tài sản dài hạn khác. Tỷ trọng cao cho thấy tài sản cố định đóng góp lớn vào tổng chi phí đầu tư.",line_item,"fixed_assets, capex",False,True,,,"safe_div(fixed_assets,capex)",2,2,True,False,False
qwen35-0.8b,1,F4-006,F4,P09-HAH24-fixed_assets,False,0,strict,asset_growth,"growth(total_assets, 4)",Tăng trưởng tổng tài sản cao thường đi kèm với lợi suất thấp hơn.,line_item,total_assets,False,False,duplicate,,"growth(total_assets,4)",2,1,False,True,False
qwen35-0.8b,1,F4-006,F4,P09-HAH24-fixed_assets,False,1,strict,depreciation,"depreciation(capex, 4)",Khấu hao cao thường đi kèm với lợi suất thấp hơn.,line_item,capex,False,False,unknown_func:depreciation,,"depreciation(capex,4)",2,1,False,False,False
qwen35-0.8b,1,F4-006,F4,P09-HAH24-fixed_assets,False,2,strict,market_cap,market_cap,Lợi suất thấp thường đi kèm với lợi suất thấp hơn.,line_item,market_cap,False,True,,,market_cap,1,1,False,False,False
qwen35-0.8b,1,F2-010,F2,P10-TNG17-fixed_assets,False,0,strict,Công thức xếp hạng lợi suất dựa trên khấu hao tài sản cố định,rank_capex = (abs(capex) - accumulated_depreciation) / accumulated_depreciation,"Công thức này xác định mức độ chi tiêu đầu tư mới bằng so sánh trực tiếp với giá trị khấu hao đã ghi nhận, giúp đánh giá hiệu quả đầu tư và khả năng tái sử dụng vốn.",note,Trích từ đoạn ghi chú: 'Trích khấu hao trong năm' và 'Nguyên giá của tài sản cố định bao gồm các thiết bị đã khấu hao hết tại ngày 31 tháng 12 năm 2017'.,False,False,syntax_error,,,,,False,False,False
qwen35-0.8b,1,F2-010,F2,P10-TNG17-fixed_assets,False,1,strict,Công thức xếp hạng lợi suất dựa trên tổng tài sản cố định và khấu hao,rank_total_assets = (tangible_fixed_assets + accumulated_depreciation) / (tangible_fixed_assets + accumulated_depreciation + capex),"Công thức này so sánh tổng tài sản cố định (bao gồm cả tài sản hữu hình và cố định) với tổng chi tiêu đầu tư mới, cho thấy mức độ chi tiêu so với tổng tài sản đang tồn tại.",line_item,"Trích từ đoạn ghi chú: 'Tăng, GIÀM TÀI SẢN CỔ ĐỊNH HỮU HÌNH' và 'Số dư cuối năm'.",False,False,syntax_error,,,,,False,False,False
qwen35-0.8b,1,F2-010,F2,P10-TNG17-fixed_assets,False,2,strict,Công thức xếp hạng lợi suất dựa trên vốn chủ sở hữu và lợi nhuận,rank_equity = (equity + revenue) / (equity + revenue + capex),"Công thức này so sánh tổng vốn chủ sở hữu với tổng chi tiêu đầu tư mới, giúp đánh giá khả năng tái tạo vốn và hiệu quả sử dụng vốn.",line_item,"Trích từ đoạn ghi chú: 'Số dư cuối năm' và 'Tăng, GIÀM TÀI SẢN CỔ ĐỊNH HỮU HÌNH'.",False,False,syntax_error,,,,,False,False,False
qwen35-0.8b,1,F3-008,F3,P10-TNG17-fixed_assets,False,0,strict,accruals_to_assets,"safe_div(net_income - cfo, total_assets)","Phần lợi nhuận không đi kèm dòng tiền càng lớn thì chất lượng lợi nhuận càng thấp, lợi suất tương lai thường kém hơn (Sloan 1996).",line_item,"net_income, cfo, total_assets",False,False,copied_fewshot,,"safe_div((net_income-cfo),total_assets)",3,3,False,False,False
qwen35-0.8b,1,F3-008,F3,P10-TNG17-fixed_assets,False,1,strict,accruals_to_fixed_assets,"safe_div(net_income - cfo, fixed_assets)","Phần lợi nhuận không đi kèm dòng tiền càng lớn thì chất lượng lợi nhuận càng thấp, lợi suất tương lai thường kém hơn (Sloan 1996).",line_item,"net_income, cfo, fixed_assets",False,True,,,"safe_div((net_income-cfo),fixed_assets)",3,3,True,False,False
qwen35-0.8b,1,F3-008,F3,P10-TNG17-fixed_assets,False,2,strict,accruals_to_tangible_assets,"safe_div(net_income - cfo, tangible_fixed_assets)","Phần lợi nhuận không đi kèm dòng tiền càng lớn thì chất lượng lợi nhuận càng thấp, lợi suất tương lai thường kém hơn (Sloan 1996).",line_item,"net_income, cfo, tangible_fixed_assets",False,True,,,"safe_div((net_income-cfo),tangible_fixed_assets)",3,3,True,False,False
qwen35-0.8b,1,F2-011,F2,P11-HPG17-cip,False,0,recovered,Công thức xếp hạng lợi suất dựa trên chi phí xây dựng cơ bản dở dang,rank_construction = (total_construction_in_progress / total_assets) * 100,"Chi phí xây dựng cơ bản dở dang là nguồn chi phí lớn nhất trong báo cáo tài chính, do đó nó đóng vai trò then chốt trong việc xác định mức độ rủi ro và khả năng tái sử dụng vốn. Việc so sánh tỷ trọng chi phí này giúp doanh nghiệp có thể đánh giá hiệu quả đầu tư và khả năng thanh lý tài sản.",note,"Chi phí xây dựng cơ bản dở dang là nguồn chi phí lớn nhất trong báo cáo tài chính, do đó nó đóng vai trò then chốt trong việc xác định mức độ rủi ro và khả năng tái sử dụng vốn.",False,False,syntax_error,,,,,False,False,False
qwen35-0.8b,1,F2-011,F2,P11-HPG17-cip,False,1,recovered,Công thức xếp hạng lợi suất dựa trên biến chi phí xây dựng cơ bản dở dang,rank_construction = (total_construction_in_progress / total_assets) * 100,"Chi phí xây dựng cơ bản dở dang là nguồn chi phí lớn nhất trong báo cáo tài chính, do đó nó đóng vai trò then chốt trong việc xác định mức độ rủi ro và khả năng tái sử dụng vốn. Việc so sánh tỷ trọng chi phí này giúp doanh nghiệp có thể đánh giá hiệu quả đầu tư và khả năng thanh lý tài sản.",note,"Chi phí xây dựng cơ bản dở dang là nguồn chi phí lớn nhất trong báo cáo tài chính, do đó nó đóng vai trò then chốt trong việc xác định mức độ rủi ro và khả năng tái sử dụng vốn.",False,False,syntax_error,,,,,False,False,False
qwen35-0.8b,1,F4-007,F4,P11-HPG17-cip,False,0,recovered,asset_growth,"growth(total_assets, 4)",Tăng trưởng tổng tài sản cao thường đi kèm với lợi suất thấp hơn.,line_item,total_assets,False,False,duplicate,,"growth(total_assets,4)",2,1,False,True,False
qwen35-0.8b,1,F4-007,F4,P11-HPG17-cip,False,1,recovered,depreciation_effect,"depreciation(total_assets, 4)",Khấu hao tài sản cố định ảnh hưởng trực tiếp đến lợi suất.,line_item,depreciation,False,False,unknown_func:depreciation,,"depreciation(total_assets,4)",2,1,False,False,False
qwen35-0.8b,1,F4-007,F4,P11-HPG17-cip,False,2,recovered,market_cap_impact,market_cap,Vốn hóa thị trường ảnh hưởng trực tiếp đến lợi suất.,line_item,market_cap,False,False,duplicate,,market_cap,1,1,False,False,False
qwen35-0.8b,1,F1-008,F1,P12-VGC24-cip,False,0,strict,Công thức xếp hạng lợi suất dựa trên tỷ trọng tài sản hữu hình,"rank(tangible_fixed_assets, k=4) + zscore(tangible_fixed_assets, k=4)","Tăng tỷ trọng tài sản hữu hình (tăng tỷ suất vốn) sẽ làm tăng giá trị của cổ phiếu, giúp xếp hạng cao hơn trong nhóm cổ phiếu có tỷ trọng tương tự.",note,"Theo chuẩn mực VAS, tỷ trọng tài sản hữu hình (tangible_fixed_assets) là yếu tố quan trọng nhất trong việc định lượng lợi suất và xếp hạng cổ phiếu.",False,False,syntax_error:keyword,,,,,False,False,False
qwen35-0.8b,1,F1-008,F1,P12-VGC24-cip,False,1,strict,Công thức xếp hạng lợi suất dựa trên tỷ trọng tài sản dở dang,"rank(construction_in_progress, k=4) + zscore(construction_in_progress, k=4)","Tăng tỷ trọng tài sản dở dang (tăng tỷ suất vốn) sẽ làm tăng giá trị của cổ phiếu, giúp xếp hạng cao hơn trong nhóm cổ phiếu có tỷ trọng tương tự.",line_item,"Tài sản dở dang (construction_in_progress) là tài sản đang trong quá trình hoàn thành, đóng góp vào tổng tài sản hữu hình.",False,False,syntax_error:keyword,,,,,False,False,False
qwen35-0.8b,1,F1-008,F1,P12-VGC24-cip,False,2,strict,Công thức xếp hạng lợi suất dựa trên tỷ trọng tài sản cố định,"rank(fixed_assets, k=4) + zscore(fixed_assets, k=4)","Tăng tỷ trọng tài sản cố định (tăng tỷ suất vốn) sẽ làm tăng giá trị của cổ phiếu, giúp xếp hạng cao hơn trong nhóm cổ phiếu có tỷ trọng tương tự.",line_item,"Tài sản cố định (fixed_assets) là tài sản đã hoàn thành, đóng góp vào tổng tài sản hữu hình.",False,False,syntax_error:keyword,,,,,False,False,False
qwen35-0.8b,1,F2-012,F2,P12-VGC24-cip,False,0,recovered,Công thức xếp hạng lợi suất dựa trên tỷ trọng vốn hóa,rank_long_term_debt / (long_term_debt + equity),"Tỷ trọng nợ vay là yếu tố then chốt trong phân tích rủi ro tài chính. Tỷ suất nợ vay cao hơn sẽ dẫn đến tỷ suất lợi suất thấp hơn, do đó xác định được mức độ rủi ro của cổ phiếu.",note,"Tài sản gòm máy móc, trang thiết bị nội thất, phương tiện vận tải, quyền tài sản và lợi ích hợp pháp liên quan tới các hợp đồng mua bán/cho thuê/thi công liên quan đến công tác đến bù, giải phóng mặt bằng hình thành từ dự án Thuận Thành I đang được thế chấp cho khoản vay tại Ngân hàng TMCP Công Thương Việt Nam",True,False,raw_division|unknown_var:rank_long_term_debt,,(rank_long_term_debt/(equity+long_term_debt)),3,3,False,False,False
qwen35-0.8b,1,F2-012,F2,P12-VGC24-cip,False,1,recovered,Công thức xếp hạng lợi suất dựa trên tỷ trọng vốn hóa,long_term_debt / (long_term_debt + fixed_assets),"Tỷ trọng nợ vay và tài sản cố định là hai yếu tố quan trọng trong phân tích rủi ro tài chính. Tỷ suất nợ vay cao hơn sẽ dẫn đến tỷ suất lợi suất thấp hơn, do đó xác định được mức độ rủi ro của cổ phiếu.",line_item,"Tài sản gòm máy móc, trang thiết bị nội thất, phương tiện vận tải, quyền tài sản và lợi ích hợp pháp liên quan tới các hợp đồng mua bán/cho thuê/thi công liên quan đến công tác đến bù, giải phóng mặt bằng hình thành từ dự án Thuận Thành I đang được thế chấp cho khoản vay tại Ngân hàng TMCP Công Thương Việt Nam",False,False,raw_division,,(long_term_debt/(fixed_assets+long_term_debt)),3,2,False,False,False
qwen35-0.8b,1,F3-009,F3,P12-VGC24-cip,False,0,strict,accruals_to_assets,"safe_div(net_income - cfo, total_assets)","Phần lợi nhuận không đi kèm dòng tiền càng lớn thì chất lượng lợi nhuận càng thấp, lợi suất tương lai thường kém hơn (Sloan 1996).",line_item,"net_income, cfo, total_assets",False,False,copied_fewshot,,"safe_div((net_income-cfo),total_assets)",3,3,False,False,False
qwen35-0.8b,1,F3-009,F3,P12-VGC24-cip,False,1,strict,capex_to_depreciation,"safe_div(abs(capex), depreciation)","Chi đầu tư vượt xa khấu hao cho thấy doanh nghiệp đang mở rộng năng lực, lợi suất ngắn hạn thường thấp hơn (Titman, Wei, Xie 2004).",line_item,"capex, depreciation",False,False,copied_fewshot,,"safe_div(abs(capex),depreciation)",3,2,False,False,False
qwen35-0.8b,1,F3-009,F3,P12-VGC24-cip,False,2,strict,accruals_to_depreciation,"safe_div(net_income - cfo, total_assets)","Phần lợi nhuận không đi kèm dòng tiền càng lớn thì chất lượng lợi nhuận càng thấp, lợi suất tương lai thường kém hơn (Sloan 1996).",line_item,"net_income, cfo, total_assets",False,False,copied_fewshot,,"safe_div((net_income-cfo),total_assets)",3,3,False,False,False
qwen35-0.8b,1,F4-008,F4,P12-VGC24-cip,False,0,recovered,asset_growth,"growth(total_assets, 4)",Tăng trưởng tổng tài sản cao thường đi kèm với lợi suất thấp hơn.,line_item,total_assets,False,False,duplicate,,"growth(total_assets,4)",2,1,False,True,False
qwen35-0.8b,1,F4-008,F4,P12-VGC24-cip,False,1,recovered,depreciation_effect,"depreciation(total_assets, 4)",Khấu hao tài sản cố định ảnh hưởng trực tiếp đến lợi suất.,line_item,depreciation,False,False,unknown_func:depreciation|duplicate,,"depreciation(total_assets,4)",2,1,False,False,False
qwen35-0.8b,1,F4-008,F4,P12-VGC24-cip,False,2,recovered,market_cap_impact,market_cap,Vốn hóa thị trường ảnh hưởng trực tiếp đến lợi suất.,line_item,market_cap,False,False,duplicate,,market_cap,1,1,False,False,False
qwen35-0.8b,1,F2-013,F2,P13-NLG24-customer_advances,False,0,recovered,Công thức xếp hạng lợi suất dựa trên dòng tiền và nợ ngắn hạn,"rank(cash_and_equivalents, k=1) + zscore(cash_and_equivalents, k=1) + zscore(short_term_receivables, k=1)","Dùng biến cash_and_equivalents để xác định dòng tiền ngắn hạn, rank và zscore để phân tích khả năng thanh toán nhanh và rủi ro thanh toán, giúp xếp hạng lợi suất dựa trên khả năng trả nợ ngắn hạn.",note,Khoàn nợ ngắn hạn được phân tích trong dòng cash_and_equivalents và short_term_receivables,False,False,syntax_error:keyword,,,,,False,False,False
qwen35-0.8b,1,F2-013,F2,P13-NLG24-customer_advances,False,1,recovered,Công thức xếp hạng lợi suất dựa trên dòng tiền và vốn chủ sở hữu,"rank(cash_and_equivalents, k=1) + zscore(cash_and_equivalents, k=1) + zscore(equity, k=1)","Dùng biến cash_and_equivalents để xác định dòng tiền ngắn hạn, rank và zscore để phân tích khả năng thanh toán nhanh và rủi ro thanh toán, giúp xếp hạng lợi suất dựa trên khả năng thanh toán nhanh và rủi ro thanh toán.",note,Khoàn nợ ngắn hạn được phân tích trong dòng cash_and_equivalents và short_term_receivables,False,False,syntax_error:keyword,,,,,False,False,False
qwen35-0.8b,1,F3-010,F3,P13-NLG24-customer_advances,False,0,strict,cash_to_current_liabilities,"safe_div(cash_and_equivalents, current_liabilities)",Tiền mặt so với nợ ngắn hạn đo khả năng thanh toán; thấp làm tăng rủi ro khi dòng tiền bán hàng chậm lại.,line_item,"cash_and_equivalents, current_liabilities",False,False,copied_fewshot,,"safe_div(cash_and_equivalents,current_liabilities)",2,2,False,False,False
qwen35-0.8b,1,F3-010,F3,P13-NLG24-customer_advances,False,1,strict,accruals_to_assets,"safe_div(net_income - cfo, total_assets)","Phần lợi nhuận không đi kèm dòng tiền càng lớn thì chất lượng lợi nhuận càng thấp, lợi suất tương lai thường kém hơn (Sloan 1996).",line_item,"net_income, cfo, total_assets",False,False,copied_fewshot,,"safe_div((net_income-cfo),total_assets)",3,3,False,False,False
qwen35-0.8b,1,F3-010,F3,P13-NLG24-customer_advances,False,2,strict,earnings_yield,"safe_div(net_income, market_cap)",Lợi nhuận trên mỗi đồng vốn hoá cao cho thấy cổ phiếu đang rẻ so với khả năng sinh lời.,line_item,"net_income, market_cap",False,False,copied_fewshot,,"safe_div(net_income,market_cap)",2,2,False,False,False
qwen35-0.8b,1,F1-009,F1,P14-IDC24-customer_advances,False,0,strict,Công thức xếp hạng lợi suất dựa trên dòng tiền và nợ ngắn hạn,"rank(cash_and_equivalents, k=1) + zscore(cash_and_equivalents, k=1) + zscore(short_term_receivables, k=1)","Dùng rank và zscore để phân tích dòng tiền và nợ ngắn hạn, giúp xác định khả năng thanh toán nhanh và khả năng thanh toán dài hạn của doanh nghiệp.",note,"Dựa trên danh sách biến được phép dùng, biến cash_and_equivalents và short_term_receivables được sử dụng để tính toán dòng tiền và nợ ngắn hạn.",False,False,syntax_error:keyword,,,,,False,False,False
qwen35-0.8b,1,F1-009,F1,P14-IDC24-customer_advances,False,1,strict,Công thức xếp hạng lợi suất dựa trên lợi nhuận và vốn,"rank(gross_profit, k=1) + zscore(net_income, k=1) + zscore(equity, k=1)","Dùng rank và zscore để phân tích lợi nhuận và vốn, giúp xác định khả năng tái tạo vốn và khả năng sinh lời của doanh nghiệp.",note,"Dựa trên danh sách biến được phép dùng, biến gross_profit và net_income được sử dụng để tính toán lợi nhuận và vốn.",False,False,syntax_error:keyword,,,,,False,False,False
qwen35-0.8b,1,F1-009,F1,P14-IDC24-customer_advances,False,2,strict,Công thức xếp hạng lợi suất dựa trên dòng tiền và tài sản,"rank(cash_and_equivalents, k=1) + zscore(short_term_receivables, k=1) + zscore(total_assets, k=1)","Dùng rank và zscore để phân tích dòng tiền và tài sản, giúp xác định khả năng thanh toán nhanh và khả năng thanh toán dài hạn của doanh nghiệp.",note,"Dựa trên danh sách biến được phép dùng, biến cash_and_equivalents và total_assets được sử dụng để tính toán dòng tiền và tài sản.",False,False,syntax_error:keyword,,,,,False,False,False
qwen35-0.8b,1,F2-014,F2,P14-IDC24-customer_advances,False,0,recovered,Công thức xếp hạng lợi suất dựa trên dòng tiền và nợ ngắn hạn,"rank(cash_and_equivalents, k=1) + zscore(cash_and_equivalents, k=1) + delta(cash_and_equivalents, k=1) + growth(cash_and_equivalents, k=1) + mean(cash_and_equivalents, k=1) + std(cash_and_equivalents, k=1)","Công thức này tập trung vào dòng tiền và nợ ngắn hạn, giúp xác định khả năng thanh toán ngắn hạn và khả năng thanh toán dài hạn của doanh nghiệp.",note,Dòng tiền và nợ ngắn hạn được ghi nhận trong số liệu số cuối năm và số đầu năm của IDC,False,False,syntax_error:keyword,,,,,False,True,False
qwen35-0.8b,1,F2-014,F2,P14-IDC24-customer_advances,False,1,recovered,Công thức xếp hạng lợi suất dựa trên dòng tiền và vốn chủ sở hữu,"rank(cash_and_equivalents, k=1) + zscore(cash_and_equivalents, k=1) + delta(cash_and_equivalents, k=1) + growth(cash_and_equivalents, k=1) + mean(cash_and_equivalents, k=1) + std(cash_and_equivalents, k=1) + equity","Công thức này bao gồm dòng tiền và vốn chủ sở hữu, giúp đánh giá khả năng thanh toán dài hạn và khả năng thanh toán ngắn hạn của doanh nghiệp.",note,Dòng tiền và vốn chủ sở hữu được ghi nhận trong số liệu số cuối năm và số đầu năm của IDC,False,False,syntax_error:keyword,,,,,False,True,False
qwen35-0.8b,1,F3-011,F3,P14-IDC24-customer_advances,False,0,strict,lợi suất tương lai (Growth to Future),"safe_div(growth(x, k), mean(x, k))","Chỉ tiêu tỷ suất tăng trưởng trên trung bình của các quý cho thấy khả năng tăng trưởng dài hạn của doanh nghiệp, giúp đánh giá chất lượng lợi suất tương lai.",line_item,"growth(x, k), mean(x, k)",False,False,bad_lag:growth|bad_lag:mean|unknown_var:k|unknown_var:x,,"safe_div(growth(x,k),mean(x,k))",3,2,False,True,False
qwen35-0.8b,1,F3-011,F3,P14-IDC24-customer_advances,False,1,strict,lợi suất tương lai (Gross Profit to Sales),"safe_div(gross_profit, revenue)",Lợi nhuận gộp trên tổng doanh thu cho thấy hiệu quả kinh doanh và khả năng sinh lời của doanh nghiệp.,line_item,"gross_profit, revenue",False,True,,,"safe_div(gross_profit,revenue)",2,2,True,False,False
qwen35-0.8b,1,F3-011,F3,P14-IDC24-customer_advances,False,2,strict,lợi suất tương lai (Net Income to Cash Flow),"safe_div(net_income, cfo)",Lợi nhuận sau thuế trên lưu chuyển tiền thuần cho thấy khả năng thanh toán thực tế và chất lượng lợi nhuận.,line_item,"net_income, cfo",False,True,,,"safe_div(net_income,cfo)",2,2,True,False,False
qwen35-0.8b,1,F4-009,F4,P14-IDC24-customer_advances,False,0,recovered,customer_advances_rank,"rank(cash_and_equivalents, 4)","Xếp hạng các khoản phải thu ngắn hạn trước bán hàng, giúp xác định khả năng thanh toán trước khi thực hiện.",line_item,customer_advances,False,False,bad_arity:rank,,"rank(cash_and_equivalents,4)",2,1,False,False,False
qwen35-0.8b,1,F4-009,F4,P14-IDC24-customer_advances,False,1,recovered,customer_advances_zscore,"zscore(cash_and_equivalents, 4)","Xếp hạng mức độ rủi ro của khoản phải thu ngắn hạn trước bán hàng, giúp đánh giá khả năng thanh toán.",line_item,customer_advances,False,False,bad_arity:zscore,,"zscore(cash_and_equivalents,4)",2,1,False,False,False
qwen35-0.8b,1,F4-009,F4,P14-IDC24-customer_advances,False,2,recovered,customer_advances_growth,"growth(cash_and_equivalents, 4)","Xếp hạng tốc độ tăng trưởng của khoản phải thu ngắn hạn trước bán hàng, giúp đánh giá khả năng tăng trưởng.",line_item,customer_advances,False,False,duplicate,,"growth(cash_and_equivalents,4)",2,1,False,True,False
qwen35-0.8b,1,F1-010,F1,P15-CTD17-associates,False,0,strict,Công thức xếp hạng lợi suất dựa trên lợi nhuận từ công ty liên kết,rank_share_of_associates = (share_of_associates / equity) * 100,Lợi nhuận từ công ty liên kết (share_of_associates) là yếu tố then chốt trong việc xác định khả năng tiếp cận nguồn vốn từ các công ty liên kết. Tỷ lệ này phản ánh mức độ hiệu quả của công ty liên kết trong việc phân bổ lợi nhuận và hỗ trợ doanh nghiệp.,note,Từ biến share_of_associates,False,False,syntax_error,,,,,False,False,False
qwen35-0.8b,1,F1-010,F1,P15-CTD17-associates,False,1,strict,Công thức xếp hạng lợi suất dựa trên lợi nhuận từ công ty mẹ,rank_parent_net_income = (net_income_parent / equity) * 100,"Lợi nhuận từ công ty mẹ (net_income_parent) là nguồn tài chính chính của công ty mẹ, thường được sử dụng để xác định khả năng tiếp cận vốn từ các công ty mẹ. Tỷ lệ này phản ánh mức độ hiệu quả của công ty mẹ trong việc phân bổ lợi nhuận và hỗ trợ doanh nghiệp.",line_item,Từ biến net_income_parent,False,False,syntax_error,,,,,False,False,False
qwen35-0.8b,1,F1-010,F1,P15-CTD17-associates,False,2,strict,Công thức xếp hạng lợi suất dựa trên lợi nhuận từ công ty liên kết,rank_share_of_associates = (share_of_associates / equity) * 100,Lợi nhuận từ công ty liên kết (share_of_associates) là yếu tố then chốt trong việc xác định khả năng tiếp cận nguồn vốn từ các công ty liên kết. Tỷ lệ này phản ánh mức độ hiệu quả của công ty liên kết trong việc phân bổ lợi nhuận và hỗ trợ doanh nghiệp.,note,Từ biến share_of_associates,False,False,syntax_error,,,,,False,False,False
qwen35-0.8b,1,F2-015,F2,P15-CTD17-associates,False,0,strict,Công thức xếp hạng lợi suất dựa trên tỷ lệ sở hữu công ty liên kết,rank_share = (share_of_associates / total_assets) * 100,"Tỷ lệ sở hữu tỷ lệ phần trăm của công ty liên kết trong tổng tài sản, giúp xác định mức độ ảnh hưởng của nhóm đối tác đối với lợi suất cổ phiếu.",note,"Tỷ lệ sở hữu của Ricons là 18,58% và FCC là 35%, Quảng Trọng là 36%",False,False,syntax_error,,,,,False,False,False
qwen35-0.8b,1,F2-015,F2,P15-CTD17-associates,False,1,strict,Công thức xếp hạng lợi suất dựa trên lợi nhuận từ công ty liên kết,profit_share = (net_income_parent / total_assets) * 100,"Lợi nhuận từ lợi nhuận của công ty mẹ được chia theo tỷ lệ sở hữu, giúp đánh giá mức độ ảnh hưởng trực tiếp của công ty liên kết đến lợi suất.",note,Lợi nhuận từ các công ty liên kết trong năm là 31.676.978.729 VND,False,False,syntax_error,,,,,False,False,False
qwen35-0.8b,1,F2-015,F2,P15-CTD17-associates,False,2,strict,Công thức xếp hạng lợi suất dựa trên lợi nhuận từ công ty liên kết và lợi nhuận của công ty mẹ,profit_share = (net_income_parent + net_income_associates) / total_assets * 100,Tích hợp cả lợi nhuận của công ty mẹ và lợi nhuận từ công ty liên kết để xem mức độ ảnh hưởng tổng hợp của nhóm đối tác.,note,Lợi nhuận từ các công ty liên kết trong năm là 31.676.978.729 VND,False,False,syntax_error,,,,,False,False,False
qwen35-0.8b,1,F3-012,F3,P15-CTD17-associates,False,0,strict,share_of_associates_growth,"safe_div(share_of_associates, growth(total_assets, 4))","Lợi nhuận từ công ty liên kết tăng trưởng quá nhanh so với tài sản chung, cho thấy khả năng sinh lời cao nhưng rủi ro cao.",line_item,"share_of_associates, growth(total_assets, 4)",False,True,,,"safe_div(share_of_associates,growth(total_assets,4))",3,2,True,True,False
qwen35-0.8b,1,F3-012,F3,P15-CTD17-associates,False,1,strict,market_cap_growth,"safe_div(market_cap, growth(total_assets, 4))","Lợi suất vốn hóa tăng trưởng quá nhanh, thường dẫn đến giá trị cổ phiếu tăng cao nhưng lợi suất giảm.",line_item,"market_cap, growth(total_assets, 4)",False,True,,,"safe_div(market_cap,growth(total_assets,4))",3,2,True,True,False
qwen35-0.8b,1,F3-012,F3,P15-CTD17-associates,False,2,strict,net_income_share,"safe_div(net_income, share_of_associates)","Lợi nhuận từ công ty liên kết chiếm tỷ trọng lớn trong lợi nhuận tổng, cho thấy công ty này đóng góp lớn cho lợi nhuận.",line_item,"net_income, share_of_associates",False,True,,,"safe_div(net_income,share_of_associates)",2,2,True,False,False
qwen35-0.8b,1,F4-010,F4,P15-CTD17-associates,False,0,strict,asset_growth,"growth(total_assets, 4)",Tăng trưởng tài sản cao thường đi kèm lợi suất thấp hơn.,line_item,total_assets,False,False,duplicate,,"growth(total_assets,4)",2,1,False,True,False
qwen35-0.8b,1,F4-010,F4,P15-CTD17-associates,False,1,strict,share_of_associates,"safe_div(share_of_associates, equity)",So sánh phần lợi ích của liên kết với vốn chủ sở hữu để đánh giá rủi ro.,line_item,share_of_associates,False,True,,,"safe_div(share_of_associates,equity)",2,2,True,False,False
qwen35-0.8b,1,F4-010,F4,P15-CTD17-associates,False,2,strict,market_cap,market_cap,Chỉ số thị trường trực tiếp phản ánh khả năng mua bán của cổ phiếu.,line_item,market_cap,False,False,duplicate,,market_cap,1,1,False,False,False
qwen35-0.8b,1,F1-011,F1,P16-PVT17-associates,False,0,recovered,Công thức xếp hạng lợi suất dựa trên lợi nhuận từ công ty liên kết,rank_share_of_associates = (share_of_associates / equity) * 100,Lợi nhuận từ công ty liên kết (share_of_associates) là yếu tố then chốt trong việc xác định khả năng tiếp cận nguồn vốn từ các công ty liên kết. Tỷ lệ này phản ánh mức độ hiệu quả sử dụng vốn của công ty liên kết so với vốn chủ sở hữu của công ty mẹ.,note,"Theo chuẩn mực VAS, lợi nhuận từ công ty liên kết được phân tích qua tỷ lệ phần trăm của share_of_associates so với tổng vốn chủ sở hữu (equity) để đánh giá khả năng tiếp cận nguồn vốn.",False,False,syntax_error,,,,,False,False,False
qwen35-0.8b,1,F1-011,F1,P16-PVT17-associates,False,1,recovered,Công thức xếp hạng lợi suất dựa trên khả năng tiếp cận vốn từ công ty liên kết,rank_associates = (share_of_associates / equity) * 100,Tỷ lệ phần trăm của share_of_associates so với tổng vốn chủ sở hữu (equity) phản ánh mức độ hiệu quả sử dụng vốn của công ty liên kết. Tỷ lệ này cao hơn sẽ cho thấy công ty liên kết có khả năng tiếp cận nguồn vốn tốt hơn so với công ty mẹ.,line_item,share_of_associates,False,False,syntax_error,,,,,False,False,False
qwen35-0.8b,1,F1-011,F1,P16-PVT17-associates,False,2,recovered,Công thức xếp hạng lợi suất dựa trên khả năng tiếp cận vốn từ công ty liên kết,rank_associates = (share_of_associates / equity) * 100,Tỷ lệ phần trăm của share_of_associates so với tổng vốn chủ sở hữu (equity) phản ánh mức độ hiệu quả sử dụng vốn của công ty liên kết. Tỷ lệ này cao hơn sẽ cho thấy công ty liên kết có khả năng tiếp cận nguồn vốn tốt hơn so với công ty mẹ.,note,Tỷ lệ phần trăm của share_of_associates so với tổng vốn chủ sở hữu (equity) phản ánh mức độ hiệu quả sử dụng vốn của công ty liên kết.,False,False,syntax_error,,,,,False,False,False
qwen35-0.8b,1,F2-016,F2,P16-PVT17-associates,False,0,strict,Công thức xếp hạng lợi suất dựa trên lợi nhuận phát sinh từ khoản đầu tư,rank_share_of_associates = (share_of_associates / equity) * 100,Lợi suất cổ phiếu được xác định bằng tỷ lệ phần trăm của lợi nhuận phát sinh từ khoản đầu tư so với tổng vốn chủ sở hữu. Tỷ lệ này phản ánh mức độ rủi ro và khả năng tái tạo vốn của công ty liên kết.,note,Tổng lợi nhuận phát sinh từ khoản đầu tư vào công ty liên kết được chia cho tổng vốn chủ sở hữu của công ty liên kết.,False,False,syntax_error,,,,,False,False,False
qwen35-0.8b,1,F2-016,F2,P16-PVT17-associates,False,1,strict,Công thức xếp hạng lợi suất dựa trên lợi nhuận phát sinh từ khoản đầu tư,rank_share_of_associates = (share_of_associates / equity) * 100,Lợi suất cổ phiếu được xác định bằng tỷ lệ phần trăm của lợi nhuận phát sinh từ khoản đầu tư so với tổng vốn chủ sở hữu. Tỷ lệ này phản ánh mức độ rủi ro và khả năng tái tạo vốn của công ty liên kết.,note,Tổng lợi nhuận phát sinh từ khoản đầu tư vào công ty liên kết được chia cho tổng vốn chủ sở hữu của công ty liên kết.,False,False,syntax_error,,,,,False,False,False
qwen35-0.8b,1,F2-016,F2,P16-PVT17-associates,False,2,strict,Công thức xếp hạng lợi suất dựa trên lợi nhuận phát sinh từ khoản đầu tư,rank_share_of_associates = (share_of_associates / equity) * 100,Lợi suất cổ phiếu được xác định bằng tỷ lệ phần trăm của lợi nhuận phát sinh từ khoản đầu tư so với tổng vốn chủ sở hữu. Tỷ lệ này phản ánh mức độ rủi ro và khả năng tái tạo vốn của công ty liên kết.,note,Tổng lợi nhuận phát sinh từ khoản đầu tư vào công ty liên kết được chia cho tổng vốn chủ sở hữu của công ty liên kết.,False,False,syntax_error,,,,,False,False,False
qwen35-0.8b,1,F3-013,F3,P16-PVT17-associates,False,0,recovered,share_of_associates_ratio,"safe_div(share_of_associates, equity)","Lợi ích cổ đông không kiểm soát là yếu tố then chốt trong việc phân bổ lợi nhuận cho công ty liên kết, giúp xác định mức độ rủi ro và khả năng tái cấu trúc vốn.",line_item,"share_of_associates, equity",False,False,duplicate,,"safe_div(share_of_associates,equity)",2,2,False,False,False
qwen35-0.8b,1,F3-013,F3,P16-PVT17-associates,False,1,recovered,net_income_parent_ratio,"safe_div(net_income_parent, equity)",Lợi nhuận của cổ đông mẹ là chỉ số phản ánh hiệu quả đầu tư của công ty mẹ và khả năng tái cấu trúc vốn cho công ty liên kết.,line_item,"net_income_parent, equity",False,True,,,"safe_div(net_income_parent,equity)",2,2,True,False,False
qwen35-0.8b,1,F3-013,F3,P16-PVT17-associates,False,2,recovered,total_assets_growth,"growth(total_assets, 4)","Doanh nghiệp mở rộng tài sản quá nhanh thường có lợi suất sau đó thấp hơn (Cooper, Gulen, Schill 2008).",line_item,total_assets,False,False,copied_fewshot,,"growth(total_assets,4)",2,1,False,True,False
qwen35-0.8b,1,F1-012,F1,P17-NTP17-related_party,False,0,strict,Công thức xếp hạng lợi suất dựa trên dòng nợ và tài sản,"rank(cogs, k) + zscore(prepaid_to_suppliers, k) + safe_div(net_income, k)",Lập trình theo xu hướng tăng trưởng giá vốn (cogs) và giảm thiểu rủi ro từ dòng nợ (prepaid_to_suppliers) giúp xác định doanh nghiệp có khả năng phục hồi nhanh hơn khi có biến động thị trường.,line_item,"Danh sách biến được phép dùng: cogs, prepaid_to_suppliers, net_income",False,False,bad_arity:rank|bad_arity:zscore|unknown_var:k,,"(rank(cogs,k)+safe_div(net_income,k)+zscore(prepaid_to_suppliers,k))",4,4,False,False,False
qwen35-0.8b,1,F1-012,F1,P17-NTP17-related_party,False,1,strict,Công thức xếp hạng lợi suất dựa trên dòng tiền và tài sản,"log(abs(cfo, k)) + zscore(total_assets, k)",Lập trình dựa trên dòng tiền thuần (cfo) để đánh giá khả năng tái tạo vốn và tài sản (total_assets) giúp xác định doanh nghiệp có khả năng duy trì lợi nhuận trong giai đoạn khó khăn.,line_item,"Danh sách biến được phép dùng: cfo, total_assets",False,False,bad_arity:zscore|bad_arity:abs|unknown_var:k,,"(log(abs(cfo,k))+zscore(total_assets,k))",4,3,False,False,False
qwen35-0.8b,1,F1-012,F1,P17-NTP17-related_party,False,2,strict,Công thức xếp hạng lợi suất dựa trên dòng tiền và tài sản,"log(abs(cfo, k)) + zscore(prepaid_to_suppliers, k)",Lập trình dựa trên dòng tiền thuần (cfo) để đánh giá khả năng tái tạo vốn và tài sản (total_assets) giúp xác định doanh nghiệp có khả năng duy trì lợi nhuận trong giai đoạn khó khăn.,line_item,"Danh sách biến được phép dùng: cfo, total_assets",False,False,bad_arity:zscore|bad_arity:abs|unknown_var:k,,"(log(abs(cfo,k))+zscore(prepaid_to_suppliers,k))",4,3,False,False,False
qwen35-0.8b,1,F2-017,F2,P17-NTP17-related_party,False,0,strict,Công thức xếp hạng lợi suất dựa trên tỷ lệ nợ/đầu tư,rank_related_party_disclosed / equity,"Tỷ lệ nợ/đầu tư phản ánh mức độ rủi ro tài chính và khả năng thanh toán, giúp xếp hạng lợi suất theo chiều hướng rủi ro và khả năng thanh toán.",note,Công ty TNHH Thương mại Xuất nhập khẩu Minh Hải,True,False,raw_division|unknown_var:rank_related_party_disclosed,,(rank_related_party_disclosed/equity),2,2,False,False,False
qwen35-0.8b,1,F2-017,F2,P17-NTP17-related_party,False,1,strict,Công thức xếp hạng lợi suất dựa trên tỷ lệ thu nhập/đầu tư,net_income / equity,"Tỷ lệ thu nhập/đầu tư phản ánh hiệu quả sử dụng vốn và khả năng tái tạo vốn, giúp xếp hạng lợi suất theo chiều hướng hiệu quả tài chính.",line_item,Thu nhập của Hội đồng Quản trị và Ban Tổng Giám đốc,False,False,raw_division,,(net_income/equity),2,2,False,False,False
qwen35-0.8b,1,F2-017,F2,P17-NTP17-related_party,False,2,strict,Công thức xếp hạng lợi suất dựa trên tỷ lệ nợ/đầu tư,related_party_disclosed / equity,"Tỷ lệ nợ/đầu tư phản ánh mức độ rủi ro tài chính và khả năng thanh toán, giúp xếp hạng lợi suất theo chiều hướng rủi ro và khả năng thanh toán.",note,Công ty TNHH Thương mại Xuất nhập khẩu Minh Hải,True,False,raw_division,,(related_party_disclosed/equity),2,2,False,False,True
qwen35-0.8b,1,F3-014,F3,P17-NTP17-related_party,False,0,strict,accruals_to_assets,"safe_div(net_income - cfo, total_assets)","Phần lợi nhuận không đi kèm dòng tiền càng lớn thì chất lượng lợi nhuận càng thấp, lợi suất tương lai thường kém hơn (Sloan 1996).",line_item,"net_income, cfo, total_assets",False,False,copied_fewshot,,"safe_div((net_income-cfo),total_assets)",3,3,False,False,False
qwen35-0.8b,1,F3-014,F3,P17-NTP17-related_party,False,1,strict,earnings_yield,"safe_div(net_income, market_cap)",Lợi nhuận trên mỗi đồng vốn hoá cao cho thấy cổ phiếu đang rẻ so với khả năng sinh lời.,line_item,"net_income, market_cap",False,False,copied_fewshot,,"safe_div(net_income,market_cap)",2,2,False,False,False
qwen35-0.8b,1,F3-014,F3,P17-NTP17-related_party,False,2,strict,related_party_disclosed,related_party_disclosed,"Công ty có các giao dịch chủ yếu với các bên liên quan như nhau, công ty TNHH Thương mại Xuất nhập khẩu Minh Hải có số dư lớn hơn so với công ty Cổ phần Nhựa Thiểu niên Tiền Phong phía Nam.",note,Công ty TNHH Thương mại Xuất nhập khẩu Minh Hải | 960.703.110.883 | 905.345.844.335,True,True,,,related_party_disclosed,1,1,True,False,True
qwen35-0.8b,1,F2-018,F2,P18-MWG24-related_party,False,0,recovered,Công thức xếp hạng lợi suất dựa trên tỷ trọng chi phí tư vấn,rank_related_party_disclosed = (chi phí tư vấn / tổng chi phí) * 100,"Chi phí tư vấn là khoản chi phí lớn nhất trong danh sách, do đó tỷ trọng chi phí này sẽ ảnh hưởng trực tiếp đến mức độ rủi ro và lợi suất của công ty. Khi chi phí này cao hơn so với các chi phí khác, nó sẽ làm giảm tỷ suất lợi nhuận và tăng nguy cơ rủi ro.",note,"Chi phí tư vấn là khoản chi phí lớn nhất trong danh sách, do đó tỷ trọng chi phí này sẽ ảnh hưởng trực tiếp đến mức độ rủi ro và lợi suất của công ty.",False,False,syntax_error,,,,,False,False,False
qwen35-0.8b,1,F2-018,F2,P18-MWG24-related_party,False,1,recovered,Công thức xếp hạng lợi suất dựa trên tỷ trọng chi phí tài chính,rank_related_party_disclosed = (chi phí tài chính / tổng chi phí) * 100,"Chi phí tài chính là khoản chi phí lớn nhất trong danh sách, do đó tỷ trọng chi phí này sẽ ảnh hưởng trực tiếp đến mức độ rủi ro và lợi suất của công ty. Khi chi phí này cao hơn so với các chi phí khác, nó sẽ làm giảm tỷ suất lợi nhuận và tăng nguy cơ rủi ro.",note,"Chi phí tài chính là khoản chi phí lớn nhất trong danh sách, do đó tỷ trọng chi phí này sẽ ảnh hưởng trực tiếp đến mức độ rủi ro và lợi suất của công ty.",False,False,syntax_error,,,,,False,False,False
qwen35-0.8b,1,F4-011,F4,P18-MWG24-related_party,False,0,recovered,asset_growth,"growth(total_assets, 4)",Tăng trưởng tài sản cao thường đi kèm lợi suất thấp hơn.,line_item,total_assets,False,False,duplicate,,"growth(total_assets,4)",2,1,False,True,False
qwen35-0.8b,1,F4-011,F4,P18-MWG24-related_party,False,1,recovered,profit_margin,net_income / equity,Lợi suất lợi nhuận sau thuế so với vốn chủ sở hữu.,line_item,equity,False,False,raw_division|duplicate,,(net_income/equity),2,2,False,False,False
qwen35-0.8b,1,F4-011,F4,P18-MWG24-related_party,False,2,recovered,liquidity_risk,short_term_receivables / receivables_customers,Kiểm tra khả năng thanh toán ngắn hạn của doanh nghiệp.,line_item,receivables_customers,False,False,raw_division,,(short_term_receivables/receivables_customers),2,2,False,False,False
qwen35-0.8b,1,F1-013,F1,P19-GAS17-commitments,False,0,recovered,Công thức xếp hạng lợi suất dựa trên nợ tiềm tàng,"rank(cash_and_equivalents, k=1) + zscore(cash_and_equivalents, k=1) + (contingent_liabilities_disclosed * 0.5)","Dùng biến rank và zscore để xác định xu hướng tăng giảm của tiền và tài sản, kết hợp với biến contingent_liabilities_disclosed để xem xét mức độ rủi ro tiềm tàng từ cam kết nợ, giúp xếp hạng lợi suất theo chiều hướng rủi ro và khả năng thanh toán.",note,Bằng chứng: Biến contingency_liabilities_disclosed được trích dẫn từ danh sách biến được phép dùng trong yêu cầu đề xuất.,False,False,syntax_error:keyword,,,,,False,False,False
qwen35-0.8b,1,F1-013,F1,P19-GAS17-commitments,False,1,recovered,Công thức xếp hạng lợi suất dựa trên tổng tài sản và nợ,"rank(total_assets, k=1) + zscore(total_assets, k=1) + (long_term_debt * 0.3)","Dùng biến rank và zscore để phân tích xu hướng tăng giảm của tổng tài sản, kết hợp với biến long_term_debt để xem xét mức độ nợ vay dài hạn, giúp xếp hạng lợi suất theo chiều hướng rủi ro tổng thể và khả năng thanh toán.",line_item,Bằng chứng: Biến long_term_debt được trích dẫn từ danh sách biến được phép dùng trong yêu cầu đề xuất.,False,False,syntax_error:keyword,,,,,False,False,False
qwen35-0.8b,1,F2-019,F2,P19-GAS17-commitments,False,0,strict,Công thức xếp hạng lợi suất dựa trên cam kết vốn,"rank(cash_and_equivalents, k=1) + zscore(cash_and_equivalents, k=1) + (contingent_liabilities_disclosed * 0.5)","Lập trình dựa trên tỷ trọng của các khoản cam kết vốn lớn (VND) so với tổng tài sản và nợ phải trả, giúp xác định mức độ rủi ro tiềm ẩn đối với dòng vốn.",note,Số cuối năm | Số đầu năm,True,False,syntax_error:keyword,,,,,False,False,False
qwen35-0.8b,1,F2-019,F2,P19-GAS17-commitments,False,1,strict,Công thức xếp hạng lợi suất dựa trên cam kết cam kết,contingent_liabilities_disclosed + (long_term_debt * 0.5),"Đưa ra tổng nợ tiềm tàng và nợ thuê dài hạn để đánh giá mức độ rủi ro từ các cam kết mua bán khí cụ thể, ảnh hưởng trực tiếp đến lợi suất.",line_item,Cam kết mua khí từ chủ khí Lô 05.3 và 05.2,False,True,,,((0.5*long_term_debt)+contingent_liabilities_disclosed),3,2,False,False,True
qwen35-0.8b,1,F2-019,F2,P19-GAS17-commitments,False,2,strict,Công thức xếp hạng lợi suất dựa trên cam kết cam kết,contingent_liabilities_disclosed + (long_term_debt * 0.5) + (market_cap * 0.5),"Kết hợp các yếu tố rủi ro từ cam kết, nợ dài hạn và vốn hóa thị trường để xây dựng một chỉ số tổng thể rủi ro toàn diện cho cổ phiếu.",note,Cam kết cam kết,True,True,,,((0.5*long_term_debt)+(0.5*market_cap)+contingent_liabilities_disclosed),4,3,False,False,True
qwen35-0.8b,1,F3-015,F3,P19-GAS17-commitments,False,0,strict,accruals_to_assets,"safe_div(cash_and_equivalents, total_assets)","Phần tài sản và tiền tương đương là nguồn tài chính chính, giúp xác định mức độ rủi ro và khả năng thanh toán. Khi tỷ số này tăng lên, cổ phiếu thường có chất lượng thấp hơn và lợi suất tương lai kém hơn.",line_item,"cash_and_equivalents, total_assets",False,True,,,"safe_div(cash_and_equivalents,total_assets)",2,2,True,False,False
qwen35-0.8b,1,F3-015,F3,P19-GAS17-commitments,False,1,strict,contingent_liabilities_disclosed,"safe_div(contingent_liabilities_disclosed, equity)","Nợ tiềm tàng và cam kết là khoản chi phí lớn nhất đối với doanh nghiệp, ảnh hưởng trực tiếp đến lợi nhuận và khả năng thanh toán. Việc phân tích nó giúp xác định mức độ rủi ro và khả năng thanh toán.",line_item,contingent_liabilities_disclosed,False,True,,,"safe_div(contingent_liabilities_disclosed,equity)",2,2,True,False,True
qwen35-0.8b,1,F3-015,F3,P19-GAS17-commitments,False,2,strict,net_income,"safe_div(net_income, total_liabilities)","Lợi nhuận sau thuế thu nhập doanh nghiệp là chỉ tiêu cơ bản cho việc phân tích lợi suất. Khi lợi nhuận cao hơn so với nợ, cổ phiếu thường có chất lượng tốt hơn và lợi suất tương lai thường kém hơn.",line_item,"net_income, total_liabilities",False,True,,,"safe_div(net_income,total_liabilities)",2,2,True,False,False
qwen35-0.8b,1,F4-012,F4,P19-GAS17-commitments,False,0,recovered,cfo_growth,"growth(cfo, 4)",Lợi nhuận từ hoạt động kinh doanh tăng trưởng thường phản ánh hiệu quả tài chính và khả năng phục hồi của doanh nghiệp.,line_item,cfo,False,True,,,"growth(cfo,4)",2,1,True,True,False
qwen35-0.8b,1,F4-012,F4,P19-GAS17-commitments,False,1,recovered,conting_liabilities_disclosed,conting_liabilities_disclosed,"Số lần nội dung của biến này được nhắc tới trong báo cáo chứng minh nợ tiềm tàng hoặc cam kết, cho thấy mức độ cam kết của doanh nghiệp đối với các khoản nợ tiềm tàng.",line_item,conting_liabilities_disclosed,False,False,unknown_var:conting_liabilities_disclosed,,conting_liabilities_disclosed,1,1,False,False,False
qwen35-0.8b,1,F4-012,F4,P19-GAS17-commitments,False,2,recovered,total_assets_growth,"growth(total_assets, 4)","Tăng trưởng tổng tài sản thường đi kèm với lợi suất cổ phiếu, vì tài sản là nguồn tài chính chính của doanh nghiệp.",line_item,total_assets,False,False,duplicate,,"growth(total_assets,4)",2,1,False,True,False
qwen35-0.8b,1,F1-014,F1,P20-VNM24-segment,False,0,recovered,Công thức xếp hạng lợi suất dựa trên lợi nhuận gộp,"rank(gross_profit, k=4)",Lợi nhuận gộp là chỉ tiêu cơ bản phản ánh khả năng cạnh tranh của doanh nghiệp. Việc xếp hạng dựa trên nó giúp xác định được doanh nghiệp có thể cạnh tranh tốt hơn hoặc kém hơn so với đối thủ trong nhóm.,note,Lợi nhuận gộp (gross_profit) được sử dụng để so sánh hiệu quả chuyển hóa giá thành sang lợi nhuận.,False,False,syntax_error:keyword,,,,,False,False,False
qwen35-0.8b,1,F1-014,F1,P20-VNM24-segment,False,1,recovered,Công thức xếp hạng lợi suất dựa trên lợi nhuận thuần,"rank(net_income, k=4)",Lợi nhuận thuần (net_income) phản ánh khả năng sinh lời thực tế của doanh nghiệp sau tất cả các chi phí và thuế. Nó là chỉ tiêu quan trọng nhất để đánh giá khả năng tái tạo vốn và phát triển bền vững.,line_item,Lợi nhuận thuần (net_income) được sử dụng để so sánh hiệu quả chuyển hóa giá thành sang lợi nhuận.,False,False,syntax_error:keyword,,,,,False,False,False
qwen35-0.8b,1,F1-014,F1,P20-VNM24-segment,False,2,recovered,Công thức xếp hạng lợi suất dựa trên lợi nhuận gộp và thuần,"rank(gross_profit, k=4, net_income, k=4)","Kết hợp cả hai chỉ tiêu này giúp doanh nghiệp có cái nhìn toàn diện về khả năng cạnh tranh. Lợi nhuận gộp cho thấy khả năng cạnh tranh trực tiếp, trong khi lợi nhuận thuần cho thấy khả năng sinh lời thực tế. Việc xếp hạng dựa trên cả hai biến này giúp xác định được mức độ cạnh tranh thực sự của doanh nghiệp.",,,False,False,missing_field:source|syntax_error,,,,,False,False,False
qwen35-0.8b,1,F2-020,F2,P20-VNM24-segment,False,0,strict,Công thức xếp hạng lợi suất dựa trên lợi nhuận gộp,"rank(gross_profit, k=4)",Lợi nhuận gộp là chỉ tiêu cơ bản phản ánh khả năng tái tạo vốn và khả năng sinh lời của doanh nghiệp. Việc xếp hạng dựa trên nó giúp doanh nghiệp có thể so sánh hiệu quả hoạt động giữa các bộ phận và điều chỉnh chiến lược phát triển.,note,Lợi nhuận gộp là chỉ tiêu cơ bản phản ánh khả năng tái tạo vốn và khả năng sinh lời của doanh nghiệp.,False,False,syntax_error:keyword,,,,,False,False,False
qwen35-0.8b,1,F2-020,F2,P20-VNM24-segment,False,1,strict,Công thức xếp hạng lợi suất dựa trên lợi nhuận sau thuế thu nhập,"rank(net_income, k=4)",Lợi nhuận sau thuế thu nhập là chỉ tiêu phản ánh khả năng sinh lời thực tế của doanh nghiệp sau thuế. Việc so sánh nó giúp doanh nghiệp xác định được mức độ hiệu quả trong việc khai thác lợi nhuận và điều chỉnh chiến lược phát triển.,note,Lợi nhuận sau thuế thu nhập là chỉ tiêu phản ánh khả năng sinh lời thực tế của doanh nghiệp sau thuế.,False,False,syntax_error:keyword,,,,,False,False,False
qwen35-0.8b,1,F2-020,F2,P20-VNM24-segment,False,2,strict,Công thức xếp hạng lợi suất dựa trên lợi nhuận gộp và lợi nhuận sau thuế,"rank(gross_profit, k=4, net_income, k=4)","Khi doanh nghiệp có cả lợi nhuận gộp và lợi nhuận sau thuế, việc so sánh chúng giúp doanh nghiệp xác định được mức độ hiệu quả trong việc khai thác lợi nhuận và điều chỉnh chiến lược phát triển. Đây là công thức phổ biến và hiệu quả nhất để xếp hạng.",note,Lợi nhuận gộp và lợi nhuận sau thuế là chỉ tiêu phản ánh khả năng sinh lời thực tế của doanh nghiệp sau thuế.,False,False,syntax_error,,,,,False,False,False
qwen35-0.8b,1,F3-016,F3,P20-VNM24-segment,False,0,strict,sga_intensity,"safe_div(selling_expense + admin_expense, gross_revenue)",Chi phí bán hàng và quản lý trên doanh thu cao làm biên lợi nhuận nhạy với biến động doanh số.,line_item,"selling_expense, admin_expense, gross_revenue",False,False,copied_fewshot,,"safe_div((admin_expense+selling_expense),gross_revenue)",3,3,False,False,False
qwen35-0.8b,1,F3-016,F3,P20-VNM24-segment,False,1,strict,earnings_yield,"safe_div(net_income, market_cap)",Lợi nhuận trên mỗi đồng vốn hoá cao cho thấy cổ phiếu đang rẻ so với khả năng sinh lời.,line_item,"net_income, market_cap",False,False,copied_fewshot,,"safe_div(net_income,market_cap)",2,2,False,False,False
qwen35-0.8b,1,F3-016,F3,P20-VNM24-segment,False,2,strict,asset_growth,"growth(total_assets, 4)","Doanh nghiệp mở rộng tài sản quá nhanh thường có lợi suất sau đó thấp hơn (Cooper, Gulen, Schill 2008).",line_item,total_assets,False,False,copied_fewshot,,"growth(total_assets,4)",2,1,False,True,False
qwen35-0.8b,1,F2-021,F2,P21-PC124-segment,False,0,strict,Công thức xếp hạng lợi suất dựa trên lợi nhuận gộp,rank_lux = (gross_profit / total_assets) / (gross_profit / total_assets),"Lợi nhuận gộp là chỉ số cơ bản phản ánh khả năng sinh lời của doanh nghiệp. Khi so sánh lợi suất giữa các bộ phận, công thức này cho phép so sánh trực tiếp lợi nhuận trên tổng vốn, giúp xác định bộ phận nào mang lại hiệu quả kinh tế cao nhất.",note,Tải sản của bộ phận Tài sản không phân bổ,True,False,syntax_error,,,,,False,False,False
qwen35-0.8b,1,F2-021,F2,P21-PC124-segment,False,1,strict,Công thức xếp hạng lợi suất dựa trên lợi nhuận sau thuế,rank_lux = (net_income / total_assets) / (net_income / total_assets),"Lợi nhuận sau thuế là chỉ số kinh tế thực tế phản ánh khả năng sinh lời thực tế của doanh nghiệp. Khi so sánh lợi suất giữa các bộ phận, công thức này cho phép so sánh trực tiếp lợi nhuận trên tổng vốn, giúp xác định bộ phận nào mang lại hiệu quả kinh tế cao nhất.",note,Lợi nhuận sau thuế thu nhập doanh nghiệp,False,False,syntax_error,,,,,False,False,False
qwen35-0.8b,1,F2-021,F2,P21-PC124-segment,False,2,strict,Công thức xếp hạng lợi suất dựa trên lợi nhuận thuần,rank_lux = (operating_profit / total_assets) / (operating_profit / total_assets),"Lợi nhuận thuần là chỉ số kinh tế thực tế phản ánh khả năng sinh lời thực tế của doanh nghiệp. Khi so sánh lợi suất giữa các bộ phận, công thức này cho phép so sánh trực tiếp lợi nhuận trên tổng vốn, giúp xác định bộ phận nào mang lại hiệu quả kinh tế cao nhất.",note,Lợi nhuận thuần từ hoạt động kinh doanh,False,False,syntax_error,,,,,False,False,False
qwen35-0.8b,1,F4-013,F4,P21-PC124-segment,False,0,recovered,gross_profit_growth,"growth(gross_profit, 4)",Tăng trưởng lợi nhuận gộp theo quý thường phản ánh hiệu quả kinh doanh và khả năng cạnh tranh của doanh nghiệp.,line_item,gross_profit,False,True,,,"growth(gross_profit,4)",2,1,True,True,False
qwen35-0.8b,1,F4-013,F4,P21-PC124-segment,False,1,recovered,profit_margin_growth,"growth(gross_profit, 4)",Tăng trưởng tỷ suất lợi nhuận thuần từ hoạt động kinh doanh phản ánh hiệu quả kinh doanh và khả năng cạnh tranh của doanh nghiệp.,line_item,gross_profit,False,False,duplicate,,"growth(gross_profit,4)",2,1,False,True,False
qwen35-0.8b,1,F4-013,F4,P21-PC124-segment,False,2,recovered,asset_growth,"growth(total_assets, 4)",Tăng trưởng tài sản tổng thể theo quý thường đi kèm lợi suất thấp hơn và phản ánh khả năng tái sử dụng tài sản của doanh nghiệp.,line_item,total_assets,False,False,duplicate,,"growth(total_assets,4)",2,1,False,True,False
qwen35-0.8b,1,F2-022,F2,P22-PNJ17-tax,False,0,strict,Công thức xếp hạng lợi suất dựa trên chi phí thuế TNDN hiện hành,"rank(current_tax_expense, k=4) + zscore(current_tax_expense, k=4)",Chi phí thuế TNDN hiện hành là yếu tố then chốt ảnh hưởng trực tiếp đến lợi suất cổ phiếu. Việc xếp hạng dựa trên chi phí này giúp doanh nghiệp thể hiện khả năng chi tiêu hiệu quả và giảm áp lực thuế.,note,Chi phí thuế thu nhập doanh nghiệp tính trên thu nhập tính thuế năm hiện hành,True,False,syntax_error:keyword,,,,,False,False,False
qwen35-0.8b,1,F2-022,F2,P22-PNJ17-tax,False,1,strict,Công thức xếp hạng lợi suất dựa trên lợi nhuận sau thuế,retained_earnings + net_income - current_tax_expense,Lợi nhuận sau thuế là kết quả cuối cùng của hoạt động kinh doanh. Việc tích hợp các dòng này giúp doanh nghiệp xác định khả năng tái tạo vốn và khả năng phục hồi sau khủng hoảng.,line_item,Lợi nhuận sau thuế thu nhập doanh nghiệp,False,True,,,((net_income+retained_earnings)-current_tax_expense),3,3,False,False,False
qwen35-0.8b,1,F2-022,F2,P22-PNJ17-tax,False,2,strict,Công thức xếp hạng lợi suất dựa trên chi phí thuế TNDN hiện hành,current_tax_expense + (net_income - retained_earnings),"Chi phí thuế TNDN hiện hành là khoản chi phí cố định. Khi doanh nghiệp có chi phí cao hơn so với mức chuẩn, nó sẽ giảm lợi suất và tăng áp lực thuế. Việc so sánh chi phí này giúp doanh nghiệp định vị vị trí của mình trong thị trường.",note,Chi phí thuế thu nhập doanh nghiệp tính trên thu nhập tính thuế năm hiện hành,True,True,,,((net_income-retained_earnings)+current_tax_expense),3,3,False,False,False
qwen35-0.8b,1,F3-017,F3,P22-PNJ17-tax,False,0,strict,accruals_to_assets,"safe_div(net_income - cfo, total_assets)","Phần lợi nhuận không đi kèm dòng tiền càng lớn thì chất lượng lợi nhuận càng thấp, lợi suất tương lai thường kém hơn (Sloan 1996).",line_item,"net_income, cfo, total_assets",False,False,copied_fewshot,,"safe_div((net_income-cfo),total_assets)",3,3,False,False,False
qwen35-0.8b,1,F3-017,F3,P22-PNJ17-tax,False,1,strict,tax_expense_ratio,"safe_div(current_tax_expense, revenue)","Tỷ trọng chi phí thuế TNDN hiện hành so với doanh thu phát sinh trong kỳ cho thấy mức độ chi phí tăng lên so với năm trước, ảnh hưởng trực tiếp đến lợi suất.",line_item,"current_tax_expense, revenue",False,True,,,"safe_div(current_tax_expense,revenue)",2,2,True,False,False
qwen35-0.8b,1,F3-017,F3,P22-PNJ17-tax,False,2,strict,profit_growth,"safe_div(revenue, total_assets)",Lợi suất tăng trưởng của doanh nghiệp so với tổng tài sản cho thấy khả năng tăng trưởng của doanh nghiệp.,line_item,"revenue, total_assets",False,True,,,"safe_div(revenue,total_assets)",2,2,True,False,False
qwen35-0.8b,1,F1-015,F1,P23-VCB24-bank_loans,True,0,recovered,Công thức xếp hạng lợi suất dựa trên dòng tiền thuần từ hoạt động tài chính,"rank(cff, k) + zscore(cff, k) + log(abs(cff, k))","Lợi suất tăng trưởng từ hoạt động tài chính (CFF) phản ánh khả năng thanh toán và thanh toán tiền mặt của doanh nghiệp. Khi CFF tăng, nó cải thiện khả năng trả nợ và giảm rủi ro tín dụng, giúp tăng lợi suất cổ phiếu.",note,"Chi tiết: CCF là dòng tiền thuần từ hoạt động tài chính, được xác định trong danh sách biến. Tăng CFF giúp cải thiện khả năng thanh toán và giảm rủi ro tín dụng.",False,False,bad_arity:rank|bad_arity:zscore|bad_arity:abs|unknown_var:k,,"(log(abs(cff,k))+rank(cff,k)+zscore(cff,k))",4,2,False,False,False
qwen35-0.8b,1,F1-015,F1,P23-VCB24-bank_loans,True,1,recovered,Công thức xếp hạng lợi suất dựa trên dòng tiền thuần từ hoạt động kinh doanh,"rank(cfo, k) + zscore(cfo, k) + log(abs(cfo, k))","Lợi suất tăng trưởng từ hoạt động kinh doanh (CFO) phản ánh khả năng thanh toán và thanh toán tiền mặt của doanh nghiệp. Khi CFO tăng, nó cải thiện khả năng thanh toán và giảm rủi ro tín dụng, giúp tăng lợi suất cổ phiếu.",line_item,"Chi tiết: CFO là dòng tiền thuần từ hoạt động kinh doanh, được xác định trong danh sách biến.",False,False,bad_arity:rank|bad_arity:zscore|bad_arity:abs|unknown_var:k,,"(log(abs(cfo,k))+rank(cfo,k)+zscore(cfo,k))",4,2,False,False,False
qwen35-0.8b,1,F1-015,F1,P23-VCB24-bank_loans,True,2,recovered,Công thức xếp hạng lợi suất dựa trên dòng tiền thuần từ hoạt động đầu tư,"rank(cfi, k) + zscore(cfi, k) + log(abs(cfi, k))","Lợi suất tăng trưởng từ hoạt động đầu tư (CFI) phản ánh khả năng thanh toán và thanh toán tiền mặt của doanh nghiệp. Khi CFI tăng, nó cải thiện khả năng thanh toán và giảm rủi ro tín dụng, giúp tăng lợi suất cổ phiếu.",line_item,"Chi tiết: CFI là dòng tiền thuần từ hoạt động đầu tư, được xác định trong danh sách biến.",False,False,bad_arity:rank|bad_arity:zscore|bad_arity:abs|unknown_var:k,,"(log(abs(cfi,k))+rank(cfi,k)+zscore(cfi,k))",4,2,False,False,False
qwen35-0.8b,1,F2-023,F2,P23-VCB24-bank_loans,True,0,recovered,Công thức xếp hạng lợi suất dựa trên tỷ trọng nợ ngắn hạn,rank_short_term_ratio = (nợ_short_term / tổng_tài_san) / (nợ_short_term / tổng_tài_san + nợ_long_term / tổng_tài_san),"Tỷ trọng nợ ngắn hạn cao phản ánh khả năng thanh toán nhanh của doanh nghiệp, giúp xác định mức độ rủi ro tín dụng và khả năng phục vụ cho các dòng vốn ngắn hạn.",note,"Nợ ngắn hạn chiếm 915.576.792 triệu so với tổng tài sản 1.449.198.899 triệu, tỷ trọng này cao hơn đáng kể so với các dòng nợ dài hạn.",False,False,syntax_error,,,,,False,False,False
qwen35-0.8b,1,F2-023,F2,P23-VCB24-bank_loans,True,1,recovered,Công thức xếp hạng lợi suất dựa trên tỷ trọng nợ dài hạn,rank_long_term_ratio = (nợ_long_term / tổng_tài_san) / (nợ_long_term / tổng_tài_san + nợ_short_term / tổng_tài_san),"Tỷ trọng nợ dài hạn cao cho thấy doanh nghiệp có khả năng thanh toán dài hạn tốt hơn, giúp xác định mức độ rủi ro tín dụng và khả năng phục vụ cho các dòng vốn dài hạn.",note,"Nợ dài hạn chiếm 474.168.398 triệu so với tổng tài sản 1.449.198.899 triệu, tỷ trọng này thấp hơn tỷ trọng nợ ngắn hạn.",False,False,syntax_error,,,,,False,False,False
qwen35-0.8b,1,F3-018,F3,P23-VCB24-bank_loans,True,0,strict,récency_to_assets,"safe_div(equity, total_assets)","Lợi nhuận cao nhưng tài sản lớn làm giảm tỷ suất sinh lời trên vốn, phù hợp với mô hình Fama & French 1992.",line_item,"net_income, equity, total_assets",False,True,,,"safe_div(equity,total_assets)",2,2,True,False,False
qwen35-0.8b,1,F3-018,F3,P23-VCB24-bank_loans,True,1,strict,accruals_to_assets,"safe_div(net_income - cfo, total_assets)","Phần lợi nhuận không đi kèm dòng tiền càng lớn thì chất lượng lợi nhuận càng thấp, lợi suất tương lai thường kém hơn (Sloan 1996).",line_item,"net_income, cfo, total_assets",False,False,copied_fewshot,,"safe_div((net_income-cfo),total_assets)",3,3,False,False,False
qwen35-0.8b,1,F3-018,F3,P23-VCB24-bank_loans,True,2,strict,book_to_market,"safe_div(equity, market_cap)",Giá trị sổ sách cao so với vốn hoá là nhân tố giá trị kinh điển (Fama & French 1992).,line_item,"equity, market_cap",False,False,copied_fewshot,,"safe_div(equity,market_cap)",2,2,False,False,False
qwen35-0.8b,1,F4-014,F4,P23-VCB24-bank_loans,True,0,strict,asset_growth,"growth(total_assets, 4)","Tăng trưởng tài sản nhanh thường đi kèm lợi suất thấp hơn, giúp xác định mức độ rủi ro tài sản.",line_item,total_assets,False,False,duplicate,,"growth(total_assets,4)",2,1,False,True,False
qwen35-0.8b,1,F4-014,F4,P23-VCB24-bank_loans,True,1,strict,risk_adjusted_return,net_income - equity / (total_assets + equity),"Lợi nhuận sau thuế trừ vốn chủ sở hữu, cho thấy lợi nhuận thực tế so với vốn đầu tư.",line_item,equity,False,False,raw_division,,(net_income-(equity/(equity+total_assets))),4,3,False,False,False
qwen35-0.8b,1,F4-014,F4,P23-VCB24-bank_loans,True,2,strict,liquidity_coverage,cfi / cff,So sánh lưu chuyển tiền thuần từ hoạt động đầu tư và tài chính để đánh giá khả năng thanh toán.,line_item,cff,False,False,raw_division,,(cfi/cff),2,2,False,False,False
qwen35-0.8b,1,F1-016,F1,P24-SHB17-bank_loans,True,0,strict,Công thức xếp hạng lợi suất dựa trên dòng tiền thuần từ hoạt động tài chính,"rank(cff, k=4) + zscore(cff, k=4)","CFF là chỉ tiêu phát sinh từ hoạt động tài chính, phản ánh khả năng thanh toán và thanh toán tiền mặt của doanh nghiệp. Việc xếp hạng dựa trên rank và zscore của CFF giúp doanh nghiệp có thể xác định được khả năng thanh toán và khả năng thanh toán tiền mặt của doanh nghiệp.",note,"CFF là chỉ tiêu phát sinh từ hoạt động tài chính, phản ánh khả năng thanh toán và thanh toán tiền mặt của doanh nghiệp.",False,False,syntax_error:keyword,,,,,False,False,False
qwen35-0.8b,1,F1-016,F1,P24-SHB17-bank_loans,True,1,strict,Công thức xếp hạng lợi suất dựa trên dòng tiền thuần từ hoạt động đầu tư,"rank(cfi, k=4) + zscore(cfi, k=4)","CIFI là chỉ tiêu phát sinh từ hoạt động đầu tư, phản ánh khả năng thanh toán và thanh toán tiền mặt của doanh nghiệp. Việc xếp hạng dựa trên rank và zscore của CIFI giúp doanh nghiệp có thể xác định được khả năng thanh toán và khả năng thanh toán tiền mặt của doanh nghiệp.",note,"CIFI là chỉ tiêu phát sinh từ hoạt động đầu tư, phản ánh khả năng thanh toán và thanh toán tiền mặt của doanh nghiệp.",False,False,syntax_error:keyword,,,,,False,False,False
qwen35-0.8b,1,F1-016,F1,P24-SHB17-bank_loans,True,2,strict,Công thức xếp hạng lợi suất dựa trên dòng tiền thuần từ hoạt động kinh doanh,"rank(cfo, k=4) + zscore(cfo, k=4)","CFO là chỉ tiêu phát sinh từ hoạt động kinh doanh, phản ánh khả năng thanh toán và thanh toán tiền mặt của doanh nghiệp. Việc xếp hạng dựa trên rank và zscore của CFO giúp doanh nghiệp có thể xác định được khả năng thanh toán và khả năng thanh toán tiền mặt của doanh nghiệp.",note,"CFO là chỉ tiêu phát sinh từ hoạt động kinh doanh, phản ánh khả năng thanh toán và thanh toán tiền mặt của doanh nghiệp.",False,False,syntax_error:keyword,,,,,False,False,False
qwen35-0.8b,1,F2-024,F2,P24-SHB17-bank_loans,True,0,recovered,Công thức xếp hạng lợi suất dựa trên tỷ lệ nợ ngắn hạn so với tổng nợ ngắn hạn,rank_short_term_ratio = (nợ_nang_han_tong) / (nợ_nang_han_tong + nợ_dau_tong),"Tỷ lệ nợ ngắn hạn cao phản ánh khả năng thanh toán nhanh của doanh nghiệp, giúp xác định mức độ rủi ro tín dụng và khả năng duy trì hoạt động liên tục.",note,Nợ ngắn hạn | 83.106.717 | 73.797.009,True,False,syntax_error,,,,,False,False,False
qwen35-0.8b,1,F2-024,F2,P24-SHB17-bank_loans,True,1,recovered,Công thức xếp hạng lợi suất dựa trên tỷ lệ nợ dài hạn so với tổng nợ dài hạn,rank_long_term_ratio = (nợ_dau_tong) / (nợ_dau_tong + nợ_dau_tong),"Tỷ lệ nợ dài hạn cao cho thấy doanh nghiệp có khả năng thanh toán lâu dài, giảm thiểu rủi ro về thanh toán bất định và hỗ trợ cho việc duy trì hoạt động liên tục.",line_item,Nợ dài hạn | 61.749.892 | 50.383.563,False,False,syntax_error,,,,,False,False,False
qwen35-0.8b,1,F3-019,F3,P24-SHB17-bank_loans,True,0,strict,chất lượng_lợi suất_tăng,"delta(safe_div(net_income, mean(equity, 4)), 4)",Lợi suất tăng trên vốn chủ so với cùng kỳ năm trước báo hiệu chất lượng hoạt động đi lên.,line_item,"net_income, equity",False,False,copied_fewshot,,"delta(safe_div(net_income,mean(equity,4)),4)",4,2,False,True,False
qwen35-0.8b,1,F3-019,F3,P24-SHB17-bank_loans,True,1,strict,chất lượng_dư_nợ,"safe_div(net_income - cfo, total_assets)","Phần lợi nhuận không đi kèm dòng tiền càng lớn thì chất lượng lợi nhuận càng thấp, lợi suất tương lai thường kém hơn (Sloan 1996).",line_item,"net_income, cfo, total_assets",False,False,copied_fewshot,,"safe_div((net_income-cfo),total_assets)",3,3,False,False,False
qwen35-0.8b,1,F3-019,F3,P24-SHB17-bank_loans,True,2,strict,chất lượng_dư_nợ_tăng,"delta(safe_div(net_income - cfo, total_assets), 4)",Lợi suất tăng trên vốn chủ so với cùng kỳ năm trước báo hiệu chất lượng hoạt động đi lên.,line_item,"net_income, cfo, total_assets",False,True,,,"delta(safe_div((net_income-cfo),total_assets),4)",4,3,True,True,False
qwen35-0.8b,1,F1-017,F1,P25-BVS24-fin_assets,True,0,recovered,Công thức xếp hạng lợi suất dựa trên dòng tiền thuần từ hoạt động kinh doanh,"rank(cfo, k=4) + zscore(cfo, k=4)","CFO phản ánh khả năng tài chính của công ty trong hoạt động kinh doanh. Khi xếp hạng lợi suất, dòng tiền thuần từ hoạt động kinh doanh là chỉ tiêu quan trọng nhất vì nó phản ánh khả năng sinh lời và khả năng trả nợ. Công thức này sử dụng rank để xác định mức độ mạnh/dạ mạnh của dòng tiền và zscore để đo lường mức độ lệch chuẩn, giúp xác định mức độ rủi ro và khả năng phục hồi của công ty.",note,"Theo chuẩn mực VAS, dòng tiền thuần từ hoạt động kinh doanh (cfo) là chỉ tiêu tài chính quan trọng nhất để đánh giá khả năng sinh lời và khả năng trả nợ của doanh nghiệp.",False,False,syntax_error:keyword,,,,,False,False,False
qwen35-0.8b,1,F1-017,F1,P25-BVS24-fin_assets,True,1,recovered,Công thức xếp hạng lợi suất dựa trên dòng tiền thuần từ hoạt động đầu tư,"rank(cfi, k=4) + zscore(cfi, k=4)","Dòng tiền thuần từ hoạt động đầu tư (cfi) phản ánh khả năng đầu tư và phát triển của công ty. Khi xếp hạng lợi suất, dòng tiền thuần từ hoạt động đầu tư là chỉ tiêu quan trọng nhất vì nó phản ánh khả năng tăng trưởng và khả năng phục hồi của công ty. Công thức này sử dụng rank để xác định mức độ mạnh/dạ mạnh của dòng tiền và zscore để đo lường mức độ lệch chuẩn, giúp xác định mức độ rủi ro và khả năng phục hồi của công ty.",note,"Theo chuẩn mực VAS, dòng tiền thuần từ hoạt động đầu tư (cfi) là chỉ tiêu tài chính quan trọng nhất để đánh giá khả năng tăng trưởng và khả năng phục hồi của doanh nghiệp.",False,False,syntax_error:keyword,,,,,False,False,False
qwen35-0.8b,1,F2-025,F2,P25-BVS24-fin_assets,True,0,strict,Công thức xếp hạng lợi suất dựa trên tổng tài sản ghi nhận qua FVTPL,rank = (total_assets - equity) / total_assets,"Công thức này cho phép so sánh lợi suất cổ phiếu với tổng tài sản ghi nhận qua FVTPL, giúp xác định mức độ rủi ro tài chính và khả năng thanh toán.",note,7.1 Tài sản tài chính ghi nhận thông qua lãi/lỗ (FVTPL),True,False,syntax_error,,,,,False,False,False
qwen35-0.8b,1,F2-025,F2,P25-BVS24-fin_assets,True,1,strict,Công thức xếp hạng lợi suất dựa trên tổng tài sản AFS sẵn sàng để bán,rank = (total_assets - equity) / total_assets,"Công thức này cho phép so sánh lợi suất cổ phiếu với tổng tài sản AFS sẵn sàng để bán, giúp xác định mức độ rủi ro tài chính và khả năng thanh toán.",note,7.2 Tài sản tài chính sẵn sàng để bán (AFS),True,False,syntax_error,,,,,False,False,False
qwen35-0.8b,1,F2-025,F2,P25-BVS24-fin_assets,True,2,strict,Công thức xếp hạng lợi suất dựa trên tổng tài sản HTM (đầu tư nấm giữ),rank = (total_assets - equity) / total_assets,"Công thức này cho phép so sánh lợi suất cổ phiếu với tổng tài sản HTM (đầu tư nấm giữ), giúp xác định mức độ rủi ro tài chính và khả năng thanh toán.",note,7.3 Các khoản đầu tư nấm giữ đến ngày đáo hạn (HTM),True,False,syntax_error,,,,,False,False,False
qwen35-0.8b,1,F4-015,F4,P25-BVS24-fin_assets,True,0,strict,asset_growth,"growth(total_assets, 4)","Tăng trưởng tài sản cao thường đi kèm lợi suất thấp hơn, giúp xác định khả năng tái cấu trúc tài sản.",line_item,total_assets,False,False,duplicate,,"growth(total_assets,4)",2,1,False,True,False
qwen35-0.8b,1,F4-015,F4,P25-BVS24-fin_assets,True,1,strict,profit_margin,net_income / pretax_profit,Lợi suất lợi nhuận sau thuế là chỉ tiêu cơ bản để đánh giá hiệu quả hoạt động kinh doanh.,line_item,"net_income, pretax_profit",False,False,raw_division,,(net_income/pretax_profit),2,2,False,False,False
qwen35-0.8b,1,F4-015,F4,P25-BVS24-fin_assets,True,2,strict,market_cap,close_price / shares_outstanding,Giá trị thị trường cho thấy mức giá hiện tại của cổ phiếu so với vốn hóa.,line_item,"close_price, shares_outstanding",False,False,raw_division,,(close_price/shares_outstanding),2,2,False,False,False
qwen35-0.8b,2,F1-001,F1,P01-ANV17-inventory,False,0,strict,Công thức xếp hạng lợi suất dựa trên biến inventory_writedown,"rank(inventory_writedown, k=4) + zscore(inventory_writedown, k=4)","Biến inventory_writedown phản ánh trực tiếp sự giảm giá hàng tồn kho. Khi biến này tăng, nó có tác động mạnh lên lợi suất cổ phiếu do ảnh hưởng đến dòng tiền và lợi nhuận gộp, giúp xác định được mức độ rủi ro và khả năng tái cấu trúc tài sản.",note,Biến inventory_writedown được sử dụng để xác định mức độ giảm giá hàng tồn kho,False,False,syntax_error:keyword,,,,,False,False,False
qwen35-0.8b,2,F1-001,F1,P01-ANV17-inventory,False,1,strict,Công thức xếp hạng lợi suất dựa trên biến current_assets,"rank(current_assets, k=4) + zscore(current_assets, k=4)","Biến current_assets phản ánh tổng tài sản của doanh nghiệp. Khi biến này tăng, nó có tác động lớn lên lợi suất cổ phiếu do ảnh hưởng đến dòng tiền và lợi nhuận gộp, giúp xác định được mức độ rủi ro và khả năng tái cấu trúc tài sản.",line_item,Biến current_assets được sử dụng để xác định tổng tài sản,False,False,syntax_error:keyword,,,,,False,False,False
qwen35-0.8b,2,F1-001,F1,P01-ANV17-inventory,False,2,strict,Công thức xếp hạng lợi suất dựa trên biến revenue,"rank(revenue, k=4) + zscore(revenue, k=4)","Biến revenue phản ánh doanh thu thuần của doanh nghiệp. Khi biến này tăng, nó có tác động lớn lên lợi suất cổ phiếu do ảnh hưởng đến dòng tiền và lợi nhuận gộp, giúp xác định được mức độ rủi ro và khả năng tái cấu trúc tài sản.",line_item,Biến revenue được sử dụng để xác định doanh thu thuần,False,False,syntax_error:keyword,,,,,False,False,False
qwen35-0.8b,2,F2-001,F2,P01-ANV17-inventory,False,0,recovered,Công thức xếp hạng lợi suất cổ phiếu dựa trên biến inventory_writedown,rank_inventory_writedown = (inventory_writedown / inventory_gross) * 100,"Biến inventory_writedown phản ánh trực tiếp sự giảm giá hàng tồn kho do dự phòng giảm giá. Khi tỷ lệ này tăng lên, nó cho thấy mức độ giảm giá thực tế cao hơn so với chỉ tiêu tổng vốn, giúp xác định được mức độ rủi ro và khả năng tái cấu trúc vốn.",note,"Hàng tồn kho được ghi nhận theo giá thấp hơn giữa giá gốc và giá trị thuần có thể thực hiện được. Giá trị thuần có thể thực hiện được là giá bán ước tính của hàng tồn kho trong kỳ sản xuất, kinh doanh bình thường trừ chi phí ước tính để hoàn thành và chi phí ước tính cần thiết cho việc tiêu thụ chúng.",False,False,syntax_error,,,,,False,False,False
qwen35-0.8b,2,F2-001,F2,P01-ANV17-inventory,False,1,recovered,Công thức xếp hạng lợi suất cổ phiếu dựa trên biến current_assets,current_assets = current_assets - current_liabilities,"Biến current_assets là tổng tài sản ròng. Khi áp dụng công thức này, nó phản ánh sự cân bằng giữa tài sản và nợ ngắn hạn. Việc giảm số dư nợ ngắn hạn sẽ làm tăng tỷ trọng tài sản, từ đó ảnh hưởng trực tiếp đến mức độ rủi ro và khả năng thanh toán.",line_item,Tài sản ngắn hạn (current_liabilities) - Nợ ngắn hạn,False,False,syntax_error,,,,,False,False,False
qwen35-0.8b,2,F3-001,F3,P01-ANV17-inventory,False,0,strict,inventory_writedown_to_assets,"safe_div(inventory_writedown, total_assets)","Tồn kho giảm giá nhanh hơn quy mô tài sản báo hiệu hàng bán chậm, dự báo lợi suất thấp hơn (Thomas & Zhang 2002).",line_item,"inventory_writedown, total_assets",False,True,,,"safe_div(inventory_writedown,total_assets)",2,2,True,False,False
qwen35-0.8b,2,F3-001,F3,P01-ANV17-inventory,False,1,strict,inventory_change_to_assets,"safe_div(delta(inventory, 4), mean(total_assets, 4))","Tồn kho tăng nhanh hơn quy mô tài sản báo hiệu hàng bán chậm, dự báo lợi suất thấp hơn (Thomas & Zhang 2002).",line_item,"inventory, total_assets",False,False,copied_fewshot,,"safe_div(delta(inventory,4),mean(total_assets,4))",3,2,False,True,False
qwen35-0.8b,2,F3-001,F3,P01-ANV17-inventory,False,2,strict,accruals_to_assets,"safe_div(net_income - cfo, total_assets)","Phần lợi nhuận không đi kèm dòng tiền càng lớn thì chất lượng lợi nhuận càng thấp, lợi suất tương lai thường kém hơn (Sloan 1996).",line_item,"net_income, cfo, total_assets",False,False,copied_fewshot,,"safe_div((net_income-cfo),total_assets)",3,3,False,False,False
qwen35-0.8b,2,F4-001,F4,P01-ANV17-inventory,False,0,recovered,inventory_growth,"growth(inventory_writedown, 4)",Lợi suất giảm giá hàng tồn kho tăng quá nhanh thường đi kèm lợi suất thấp hơn.,line_item,inventory_writedown,False,True,,,"growth(inventory_writedown,4)",2,1,True,True,False
qwen35-0.8b,2,F4-001,F4,P01-ANV17-inventory,False,1,recovered,inventory_zscore,"zscore(inventory_writedown, 4)",Lợi suất giảm giá hàng tồn kho thấp thường đi kèm lợi suất cao hơn.,line_item,inventory_writedown,False,False,bad_arity:zscore,,"zscore(inventory_writedown,4)",2,1,False,False,False
qwen35-0.8b,2,F4-001,F4,P01-ANV17-inventory,False,2,recovered,inventory_risk,"risk(inventory_writedown, 4)",Lợi suất giảm giá hàng tồn kho thấp thường đi kèm lợi suất cao hơn.,line_item,inventory_writedown,False,False,unknown_func:risk,,"risk(inventory_writedown,4)",2,1,False,False,False
qwen35-0.8b,2,F1-002,F1,P02-HPG24-inventory,False,0,strict,Công thức xếp hạng lợi suất dựa trên biến inventory_writedown,"rank(inventory_writedown, k=4) + zscore(inventory_writedown, k=4)","Biến inventory_writedown phản ánh trực tiếp sự giảm giá hàng tồn kho. Khi biến này tăng, nó có tác động mạnh lên lợi suất cổ phiếu do ảnh hưởng đến dòng tiền và lợi nhuận gộp, giúp xác định được mức độ rủi ro và khả năng tái cấu trúc vốn.",note,Biến inventory_writedown được sử dụng để đo lường hiệu quả giảm giá hàng tồn kho.,False,False,syntax_error:keyword,,,,,False,False,False
qwen35-0.8b,2,F1-002,F1,P02-HPG24-inventory,False,1,strict,Công thức xếp hạng lợi suất dựa trên biến current_assets,"rank(current_assets, k=4) + zscore(current_assets, k=4)","Biến current_assets phản ánh tổng tài sản của doanh nghiệp. Khi biến này tăng, nó có tác động lớn lên lợi suất cổ phiếu do ảnh hưởng đến dòng tiền và lợi nhuận gộp, giúp xác định được mức độ rủi ro và khả năng tái cấu trúc vốn.",line_item,Biến current_assets được sử dụng để đo lường tổng tài sản của doanh nghiệp.,False,False,syntax_error:keyword,,,,,False,False,False
qwen35-0.8b,2,F1-002,F1,P02-HPG24-inventory,False,2,strict,Công thức xếp hạng lợi suất dựa trên biến revenue,"rank(revenue, k=4) + zscore(revenue, k=4)","Biến revenue phản ánh doanh thu thuần của doanh nghiệp. Khi biến này tăng, nó có tác động lớn lên lợi suất cổ phiếu do ảnh hưởng đến dòng tiền và lợi nhuận gộp, giúp xác định được mức độ rủi ro và khả năng tái cấu trúc vốn.",line_item,Biến revenue được sử dụng để đo lường doanh thu thuần của doanh nghiệp.,False,False,syntax_error:keyword,,,,,False,False,False
qwen35-0.8b,2,F2-002,F2,P02-HPG24-inventory,False,0,recovered,Công thức xếp hạng lợi suất dựa trên biến inventory_writedown,rank_inventory = (inventory_writedown / inventory_gross) * 100,"Biến inventory_writedown phản ánh mức giảm giá thực tế của hàng tồn kho. Khi giá trị này cao hơn so với giá gốc, nó là dấu hiệu của tình trạng tồn kho bị giảm giá mạnh, ảnh hưởng trực tiếp đến lợi suất và khả năng tái bán.",note,"Trước đây, Dự án Bắc QL5 đã được Ủy ban Nhân Dân giao cho Công ty Cổ phần Xây dựng và Phát triển Đô thị Hòa Phát tiếp tục làm chủ đầu tư để thực hiện theo cơ chế giao đất có thu tiền sử dụng đất tại Văn bản số 1488/UBND-KT1 ngày 14 tháng 7 năm 2016. Tại ngày 31 tháng 12 năm 2024, hàng tồn kho có giá trị ghi sổ là 29.769 tỷ VND được thế chấp tại các ngân hàng để đảm bảo cho các khoản vay của Tập đoàn.",False,False,syntax_error,,,,,False,False,False
qwen35-0.8b,2,F2-002,F2,P02-HPG24-inventory,False,1,recovered,Công thức xếp hạng lợi suất dựa trên biến current_assets,rank_current_assets = (current_assets / total_assets) * 100,"Biến current_assets phản ánh tổng tài sản ngắn hạn của doanh nghiệp. Khi tổng tài sản ngắn hạn chiếm tỷ trọng lớn hơn so với tổng tài sản, nó là dấu hiệu của tình trạng tài sản đang được sử dụng hiệu quả, ảnh hưởng trực tiếp đến lợi suất và khả năng tái bán.",line_item,10.1 Ngắn hạn. Giá gốc VND | Dự phòng VND | Giá gốc VND | Dự phòng VND. Hàng mua đang đi trên đường | 5.559.003.181.956 | - | 4.990.397.929.773 | -,False,False,syntax_error,,,,,False,False,False
qwen35-0.8b,2,F3-002,F3,P02-HPG24-inventory,False,0,strict,inventory_writedown_to_assets,"safe_div(inventory_writedown, mean(total_assets, 4))","Hàng tồn kho giảm giá nhanh hơn quy mô tài sản báo hiệu hàng bán chậm, dự báo lợi suất thấp hơn (Thomas & Zhang 2002).",line_item,"inventory_writedown, total_assets",False,True,,,"safe_div(inventory_writedown,mean(total_assets,4))",3,2,True,True,False
qwen35-0.8b,2,F3-002,F3,P02-HPG24-inventory,False,1,strict,accruals_to_assets,"safe_div(net_income - cfo, total_assets)","Phần lợi nhuận không đi kèm dòng tiền càng lớn thì chất lượng lợi nhuận càng thấp, lợi suất tương lai thường kém hơn (Sloan 1996).",line_item,"net_income, cfo, total_assets",False,False,copied_fewshot,,"safe_div((net_income-cfo),total_assets)",3,3,False,False,False
qwen35-0.8b,2,F3-002,F3,P02-HPG24-inventory,False,2,strict,earnings_yield,"safe_div(net_income, market_cap)",Lợi nhuận trên mỗi đồng vốn hoá cao cho thấy cổ phiếu đang rẻ so với khả năng sinh lời.,line_item,"net_income, market_cap",False,False,copied_fewshot,,"safe_div(net_income,market_cap)",2,2,False,False,False
qwen35-0.8b,2,F1-003,F1,P03-PNJ24-inventory,False,0,strict,Công thức xếp hạng lợi suất dựa trên biến inventory_writedown,"rank(inventory_writedown, k=4) + zscore(inventory_writedown, k=4)","Biến inventory_writedown phản ánh trực tiếp sự giảm giá hàng tồn kho. Khi biến này tăng, nó có tác động mạnh lên lợi suất cổ phiếu do ảnh hưởng đến dòng tiền và lợi nhuận gộp, giúp xác định được mức độ rủi ro và khả năng tái cấu trúc vốn.",note,"Biến inventory_writedown được sử dụng để xác định mức độ giảm giá hàng tồn kho, tác động trực tiếp đến lợi suất cổ phiếu.",False,False,syntax_error:keyword,,,,,False,False,False
qwen35-0.8b,2,F1-003,F1,P03-PNJ24-inventory,False,1,strict,Công thức xếp hạng lợi suất dựa trên biến current_assets,"rank(current_assets, k=4) + zscore(current_assets, k=4)","Biến current_assets phản ánh tổng tài sản, bao gồm cả tài sản ngắn hạn và tài sản dài hạn. Khi biến này tăng, nó có tác động lên lợi suất cổ phiếu do ảnh hưởng đến dòng tiền và lợi nhuận gộp, giúp xác định được mức độ rủi ro và khả năng tái cấu trúc vốn.",line_item,"Biến current_assets được sử dụng để xác định tổng tài sản, bao gồm cả tài sản ngắn hạn và tài sản dài hạn.",False,False,syntax_error:keyword,,,,,False,False,False
qwen35-0.8b,2,F1-003,F1,P03-PNJ24-inventory,False,2,strict,Công thức xếp hạng lợi suất dựa trên biến revenue,"rank(revenue, k=4) + zscore(revenue, k=4)","Biến revenue phản ánh doanh thu thuần, bao gồm cả doanh thu thuần và doanh thu từ các dòng khác. Khi biến này tăng, nó có tác động lên lợi suất cổ phiếu do ảnh hưởng đến lợi nhuận gộp và lợi nhuận sau thuế, giúp xác định được mức độ rủi ro và khả năng tái cấu trúc vốn.",line_item,"Biến revenue được sử dụng để xác định doanh thu thuần, bao gồm cả doanh thu thuần và doanh thu từ các dòng khác.",False,False,syntax_error:keyword,,,,,False,False,False
qwen35-0.8b,2,F2-003,F2,P03-PNJ24-inventory,False,0,strict,Công thức xếp hạng lợi suất cổ phiếu dựa trên biến inventory_writedown,rank_inventory_writedown = abs(inventory_writedown) / abs(inventory_gross),"Biến inventory_writedown phản ánh trực tiếp sự giảm giá hàng tồn kho do dự phòng giảm giá. Khi giá vốn giảm, biến này tăng lên, giúp xác định mức độ rủi ro và khả năng tái cấu trúc vốn.",note,Biến động về dự phòng giảm giá hàng tồn kho trong năm tài chính như sau: | 2024VND | 2023VND | Số dư đầu năm | 3.811.047.508 | 2.010.094.632 | Tăng dự phòng (Thuyết minh 29) | 55.605.403.095 | 1.800.952.876 | Số dư cuối năm | 59.416.450.603 | 3.811.047.508,False,False,syntax_error,,,,,False,False,False
qwen35-0.8b,2,F4-002,F4,P03-PNJ24-inventory,False,0,recovered,inventory_growth,"growth(inventory_writedown, 4)",Lợi suất giảm giá hàng tồn kho tăng quá nhanh thường đi kèm lợi suất thấp hơn.,line_item,inventory_writedown,False,False,duplicate,,"growth(inventory_writedown,4)",2,1,False,True,False
qwen35-0.8b,2,F4-002,F4,P03-PNJ24-inventory,False,1,recovered,inventory_zscore,"zscore(inventory_writedown, 4)",Lợi suất giảm giá hàng tồn kho thấp thường đi kèm lợi suất thấp hơn.,line_item,inventory_writedown,False,False,bad_arity:zscore|duplicate,,"zscore(inventory_writedown,4)",2,1,False,False,False
qwen35-0.8b,2,F4-002,F4,P03-PNJ24-inventory,False,2,recovered,inventory_risk,"risk(inventory_writedown, 4)",Lợi suất giảm giá hàng tồn kho thấp thường đi kèm lợi suất thấp hơn.,line_item,inventory_writedown,False,False,unknown_func:risk|duplicate,,"risk(inventory_writedown,4)",2,1,False,False,False
qwen35-0.8b,2,F1-004,F1,P04-GAS24-receivables,False,0,strict,Công thức xếp hạng lợi suất dựa trên khả năng thu hồi tài sản ngắn hạn,"rank(current_assets, k=1) + zscore(short_term_receivables, k=1) + abs(provision_doubtful_debt, k=1)","Tăng khả năng thu hồi tài sản ngắn hạn bằng cách tăng rank tài sản ngắn hạn và giảm z-score nợ khó đòi, giúp cải thiện tỷ suất lợi nhuận và khả năng tái cấu trúc tài sản.",line_item,current_assets: TÀI SẢN NGẮN HẠN,False,False,syntax_error:keyword,,,,,False,False,False
qwen35-0.8b,2,F1-004,F1,P04-GAS24-receivables,False,1,strict,Công thức xếp hạng lợi suất dựa trên khả năng thu hồi nợ khó đòi,"rank(short_term_receivables, k=1) + zscore(provision_doubtful_debt, k=1) + abs(gross_profit, k=1)","Tăng khả năng thu hồi nợ khó đòi bằng cách tăng rank khoản phải thu ngắn hạn và giảm z-score lợi nhuận gộp, giúp cải thiện khả năng thu hồi nợ và tăng lợi suất.",line_item,receivables_customers: Phải thu ngắn hạn của khách hàng,False,False,syntax_error:keyword,,,,,False,False,False
qwen35-0.8b,2,F1-004,F1,P04-GAS24-receivables,False,2,strict,Công thức xếp hạng lợi suất dựa trên khả năng thu hồi vốn chủ sở hữu,"rank(equity, k=1) + zscore(gross_profit, k=1) + abs(cfo, k=1)","Tăng khả năng thu hồi vốn chủ sở hữu bằng cách tăng rank vốn chủ sở hữu và giảm z-score lợi nhuận gộp, giúp cải thiện khả năng thu hồi vốn và tăng lợi suất.",line_item,equity: VỐN CHỦ SỞ HỮU,False,False,syntax_error:keyword,,,,,False,False,False
qwen35-0.8b,2,F2-004,F2,P04-GAS24-receivables,False,0,recovered,Công thức xếp hạng lợi suất dựa trên khả năng thu hồi nợ khó đòi,rank_customers = (receivables_customers / total_assets) / (short_term_receivables / total_assets),"Xác định tỷ lệ nợ khó đòi (receivables_customers / total_assets) so với tổng tài sản (short_term_receivables / total_assets) để tính ra tỷ suất lợi suất, phản ánh khả năng thu hồi tài sản.",note,Số dư các khoản phải thu ngắn hạn của khách hàng khó có khả năng thu hồi lần lượt là 5.441.791.177.829 Đồng và 1.795.966.693.990 Đồng như đã trình bày tại Thuyết minh 8.,True,False,syntax_error,,,,,False,False,False
qwen35-0.8b,2,F2-004,F2,P04-GAS24-receivables,False,1,recovered,Công thức xếp hạng lợi suất dựa trên tỷ suất lợi suất cổ phiếu,profit_margin = (gross_profit / receivables_customers) / (receivables_customers / total_assets),"Xác định tỷ suất lợi suất cổ phiếu (gross_profit / receivables_customers) so với tổng tài sản (receivables_customers / total_assets) để tính ra lợi suất, phản ánh khả năng lợi nhuận của cổ phiếu.",line_item,Lợi nhuận gộp (gross_profit) là số tiền phát sinh trong kỳ.,False,False,syntax_error,,,,,False,False,False
qwen35-0.8b,2,F3-003,F3,P04-GAS24-receivables,False,0,strict,receivables_accrual,"safe_div(delta(short_term_receivables, 4), mean(total_assets, 4))","Phải thu ngắn hạn phình ra là phần dồn tích chưa thành tiền, thường đi trước lợi suất kém.",line_item,"short_term_receivables, total_assets",False,False,copied_fewshot,,"safe_div(delta(short_term_receivables,4),mean(total_assets,4))",3,2,False,True,False
qwen35-0.8b,2,F3-003,F3,P04-GAS24-receivables,False,1,strict,accruals_to_assets,"safe_div(net_income - cfo, total_assets)","Phần lợi nhuận không đi kèm dòng tiền càng lớn thì chất lượng lợi nhuận càng thấp, lợi suất tương lai thường kém hơn (Sloan 1996).",line_item,"net_income, cfo, total_assets",False,False,copied_fewshot,,"safe_div((net_income-cfo),total_assets)",3,3,False,False,False
qwen35-0.8b,2,F3-003,F3,P04-GAS24-receivables,False,2,strict,earnings_yield,"safe_div(net_income, market_cap)",Lợi nhuận trên mỗi đồng vốn hoá cao cho thấy cổ phiếu đang rẻ so với khả năng sinh lời.,line_item,"net_income, market_cap",False,False,copied_fewshot,,"safe_div(net_income,market_cap)",2,2,False,False,False
qwen35-0.8b,2,F4-003,F4,P04-GAS24-receivables,False,0,strict,receivables_customers_growth,"growth(receivables_customers, 4)",Tăng trưởng số dư phải thu ngắn hạn của khách hàng phản ánh khả năng thu hồi tài sản và khả năng thu hồi nợ khó đòi của doanh nghiệp.,line_item,receivables_customers,False,True,,,"growth(receivables_customers,4)",2,1,True,True,False
qwen35-0.8b,2,F4-003,F4,P04-GAS24-receivables,False,1,strict,receivables_customers_zscore,zscore(receivables_customers),"Z-score đo lường mức độ lệch chuẩn so với trung bình, giúp xác định mức độ rủi ro của khoản phải thu ngắn hạn của khách hàng.",line_item,receivables_customers,False,True,,,zscore(receivables_customers),2,1,True,False,False
qwen35-0.8b,2,F4-003,F4,P04-GAS24-receivables,False,2,strict,receivables_customers_abs,abs(receivables_customers),Giá trị tuyệt đối của số dư phải thu ngắn hạn của khách hàng phản ánh mức độ rủi ro về khả năng thu hồi tài sản.,line_item,receivables_customers,False,True,,,abs(receivables_customers),2,1,False,False,False
qwen35-0.8b,2,F2-005,F2,P05-HUT24-receivables,False,0,recovered,Công thức xếp hạng lợi suất dựa trên khả năng thu hồi nợ khó đòi,"rank(receivables_customers, k=4) - zscore(provision_doubtful_debt, k=4)","Lực lượng thu hồi nợ khó đòi từ khách hàng (receivables_customers) là yếu tố then chốt quyết định khả năng thu hồi, do đó việc xếp hạng dựa trên rank và zscore giúp xác định mức độ rủi ro và khả năng thu hồi của khoản nợ.",note,"Công ty đã đánh giá và trích lập dự phòng đối với các khoản nợ quá hạn, nợ khó có khả năng thu hồi với sự thận trọng phù hợp. Công ty sẽ tiếp tục thực hiện các biện pháp để đảm bảo thu hồi được số nợ quá hạn.",True,False,syntax_error:keyword,,,,,False,False,False
qwen35-0.8b,2,F2-005,F2,P05-HUT24-receivables,False,1,recovered,Công thức xếp hạng lợi suất dựa trên tổng tài sản ngắn hạn,total_assets - provision_doubtful_debt,"Tổng tài sản ngắn hạn (total_assets) là nguồn tài sản chủ động, trong khi dự phòng nợ khó đòi (provision_doubtful_debt) là khoản chi phí để giảm thiểu rủi ro. Việc trừ nhau cho phép so sánh trực tiếp lợi thế tài sản ngắn hạn với rủi ro nợ khó đòi.",line_item,Số dư cuối năm | 161.406.750.846,False,True,,,(total_assets-provision_doubtful_debt),2,2,False,False,False
qwen35-0.8b,2,F3-004,F3,P05-HUT24-receivables,False,0,strict,receivables_accrual,"safe_div(delta(short_term_receivables, 4), mean(total_assets, 4))","Phải thu ngắn hạn phình ra là phần dồn tích chưa thành tiền, thường đi trước lợi suất kém.",line_item,"short_term_receivables, total_assets",False,False,copied_fewshot,,"safe_div(delta(short_term_receivables,4),mean(total_assets,4))",3,2,False,True,False
qwen35-0.8b,2,F3-004,F3,P05-HUT24-receivables,False,1,strict,accruals_to_assets,"safe_div(net_income - cfo, total_assets)","Phần lợi nhuận không đi kèm dòng tiền càng lớn thì chất lượng lợi nhuận càng thấp, lợi suất tương lai thường kém hơn (Sloan 1996).",line_item,"net_income, cfo, total_assets",False,False,copied_fewshot,,"safe_div((net_income-cfo),total_assets)",3,3,False,False,False
qwen35-0.8b,2,F3-004,F3,P05-HUT24-receivables,False,2,strict,earnings_yield,"safe_div(net_income, market_cap)",Lợi nhuận trên mỗi đồng vốn hoá cao cho thấy cổ phiếu đang rẻ so với khả năng sinh lời.,line_item,"net_income, market_cap",False,False,copied_fewshot,,"safe_div(net_income,market_cap)",2,2,False,False,False
qwen35-0.8b,2,F1-005,F1,P06-TNG24-debt,False,0,recovered,Công thức xếp hạng lợi suất dựa trên chi phí lãi vay,"rank(interest_expense, k) + zscore(interest_expense, k)",Chi phí lãi vay là yếu tố then chốt trong việc kiểm soát rủi ro tài chính. Việc xếp hạng dựa trên z-score giúp doanh nghiệp có thể xác định mức độ rủi ro và áp dụng các biện pháp điều tiết phù hợp với xu hướng tăng trưởng.,line_item,biến interest_expense,False,False,bad_arity:rank|bad_arity:zscore|unknown_var:k,,"(rank(interest_expense,k)+zscore(interest_expense,k))",3,2,False,False,False
qwen35-0.8b,2,F1-005,F1,P06-TNG24-debt,False,1,recovered,Công thức xếp hạng lợi suất dựa trên lợi nhuận thuần và lợi nhuận sau thuế,"rank(net_income, k) + zscore(net_income, k)",Lợi nhuận thuần và lợi nhuận sau thuế là các chỉ tiêu cơ bản phản ánh khả năng sinh tồn và khả năng phục hồi của doanh nghiệp. Việc xếp hạng dựa trên z-score giúp doanh nghiệp định vị vị trí trong danh sách và đề xuất các chiến lược tài chính phù hợp.,line_item,biến net_income,False,False,bad_arity:rank|bad_arity:zscore|unknown_var:k,,"(rank(net_income,k)+zscore(net_income,k))",3,2,False,False,False
qwen35-0.8b,2,F1-005,F1,P06-TNG24-debt,False,2,recovered,Công thức xếp hạng lợi suất dựa trên tổng tài sản và nợ phải trả,"rank(total_assets, k) + zscore(total_assets, k)",Tổng tài sản là cơ sở để tính toán tỷ trọng nợ. Việc xếp hạng dựa trên z-score giúp doanh nghiệp xác định mức độ rủi ro tài chính và đề xuất các biện pháp điều tiết phù hợp với tình hình tài chính hiện tại.,line_item,biến total_assets,False,False,bad_arity:rank|bad_arity:zscore|unknown_var:k,,"(rank(total_assets,k)+zscore(total_assets,k))",3,2,False,False,False
qwen35-0.8b,2,F2-006,F2,P06-TNG24-debt,False,0,recovered,Công thức xếp hạng lợi suất dựa trên chi phí lãi vay,"rank(interest_expense, k=4) + zscore(interest_expense, k=4)",Chi phí lãi vay là yếu tố then chốt trong việc đánh giá khả năng thanh toán nợ dài hạn. Việc xếp hạng dựa trên chi phí này giúp doanh nghiệp xác định mức độ rủi ro và khả năng thanh toán nợ trong vòng 12 tháng.,note,Số phải trả trong vòng 12 tháng (Trình bày ở Thuyết minh số 21) | 201.381.680.000,False,False,syntax_error:keyword,,,,,False,False,False
qwen35-0.8b,2,F2-006,F2,P06-TNG24-debt,False,1,recovered,Công thức xếp hạng lợi suất dựa trên tổng tài sản hình thành từ vốn vay,"rank(total_assets, k=4) + zscore(total_assets, k=4)",Tổng tài sản hình thành từ vốn vay phản ánh trực tiếp nguồn tài chính được sử dụng để thanh toán nợ. Việc so sánh mức độ rủi ro giữa các doanh nghiệp dựa trên nguồn tài chính này giúp doanh nghiệp có thể phân bổ rủi ro hiệu quả.,line_item,Vay dài hạn | 716.279.584.223 | 114.479.625.701 | 224.253.960.000 | 606.505.249.924,False,False,syntax_error:keyword,,,,,False,False,False
qwen35-0.8b,2,F4-004,F4,P06-TNG24-debt,False,0,strict,interest_expense_rank,"rank(interest_expense, 4)","Chi phí lãi vay là yếu tố then chốt gây áp lực lợi suất, giúp xác định mức độ rủi ro và khả năng tái cấu trúc vốn.",line_item,interest_expense,False,False,bad_arity:rank,,"rank(interest_expense,4)",2,1,False,False,False
qwen35-0.8b,2,F4-004,F4,P06-TNG24-debt,False,1,strict,cash_flow_growth,"growth(cash_and_equivalents, 4)","Tăng trưởng dòng tiền thuần phản ánh khả năng thanh toán nợ ngắn hạn và khả năng tái cấu trúc tài sản, giúp đánh giá sức mạnh tài chính.",line_item,cash_and_equivalents,False,True,,,"growth(cash_and_equivalents,4)",2,1,True,True,False
qwen35-0.8b,2,F4-004,F4,P06-TNG24-debt,False,2,strict,depreciation_growth,"growth(depreciation, 4)","Tăng trưởng khấu hao tài sản cố định phản ánh hiệu quả đầu tư và khả năng tái cấu trúc vốn, giúp đánh giá khả năng tái cấu trúc tài sản.",line_item,depreciation,False,True,,,"growth(depreciation,4)",2,1,True,True,False
qwen35-0.8b,2,F1-006,F1,P07-NLG17-debt,False,0,recovered,Công thức xếp hạng lợi suất dựa trên chi phí lãi vay,"rank(interest_expense, k) + zscore(interest_expense, k)","Chi phí lãi vay là yếu tố then chốt trong việc kiểm soát rủi ro tài chính. Việc xếp hạng dựa trên z-score giúp so sánh hiệu quả chi phí tài chính giữa các doanh nghiệp, từ đó xác định khả năng phục hồi của cổ phiếu.",line_item,Chi tiết: chi phí lãi vay,False,False,bad_arity:rank|bad_arity:zscore|unknown_var:k|duplicate,,"(rank(interest_expense,k)+zscore(interest_expense,k))",3,2,False,False,False
qwen35-0.8b,2,F1-006,F1,P07-NLG17-debt,False,1,recovered,Công thức xếp hạng lợi suất dựa trên lợi nhuận thuần và lợi suất vốn,"rank(net_income, k) + zscore(net_income, k)",Lợi nhuận thuần sau thuế là chỉ tiêu cơ bản cho việc phân bổ vốn. Việc so sánh lợi suất (net_income / total_assets) giúp đánh giá hiệu quả sử dụng vốn và khả năng phục hồi của doanh nghiệp.,line_item,Lợi nhuận sau thuế,False,False,bad_arity:rank|bad_arity:zscore|unknown_var:k|duplicate,,"(rank(net_income,k)+zscore(net_income,k))",3,2,False,False,False
qwen35-0.8b,2,F1-006,F1,P07-NLG17-debt,False,2,recovered,Công thức xếp hạng lợi suất dựa trên lợi suất vốn và chi phí tài chính,"rank(interest_expense, k) + zscore(interest_expense, k)",Chi phí tài chính (lãi vay) là khoản chi phí cố định và có tính chất biến đổi. Việc so sánh chi phí này với lợi suất vốn giúp xác định mức độ rủi ro tài chính và khả năng phục hồi của doanh nghiệp.,line_item,Chi phí tài chính,False,False,bad_arity:rank|bad_arity:zscore|unknown_var:k|duplicate,,"(rank(interest_expense,k)+zscore(interest_expense,k))",3,2,False,False,False
qwen35-0.8b,2,F2-007,F2,P07-NLG17-debt,False,0,recovered,Công thức xếp hạng lợi suất dựa trên chi phí lãi vay,rank_interest_expense = (abs(interest_expense) / total_liabilities) * 100,Chi phí lãi vay là yếu tố then chốt ảnh hưởng trực tiếp đến lợi suất cổ phiếu. Tỷ lệ chi phí so với tổng nợ phải trả (tính bằng giá trị chi phí chia cho tổng nợ phải trả) phản ánh khả năng thanh toán nợ và sức chịu đựng tài chính của doanh nghiệp. Giá trị này sẽ được sử dụng để so sánh mức độ rủi ro và khả năng tái cấu trúc tài chính giữa các kỳ.,note,22.2 Vay dài hạn từ ngân hàng,True,False,syntax_error,,,,,False,False,False
qwen35-0.8b,2,F2-007,F2,P07-NLG17-debt,False,1,recovered,Công thức xếp hạng lợi suất dựa trên tổng nợ phải trả,rank_total_liabilities = (total_liabilities / total_assets) * 100,Tỷ lệ nợ phải trả (liabilities / assets) là chỉ số cơ bản để đánh giá mức độ rủi ro tài chính của doanh nghiệp. Giá trị này cho thấy mức độ thanh toán nợ và khả năng duy trì hoạt động kinh doanh trong kỳ. Giá trị này sẽ được sử dụng để so sánh mức độ rủi ro và khả năng tái cấu trúc tài chính giữa các kỳ.,line_item,22.2 Vay dài hạn từ ngân hàng,False,False,syntax_error,,,,,False,False,False
qwen35-0.8b,2,F3-005,F3,P07-NLG17-debt,False,0,strict,net_debt_to_equity,"safe_div(short_term_debt + long_term_debt - cash_and_equivalents, equity)","Đòn bẩy ròng cao làm tăng rủi ro tài chính, cổ phiếu nhạy hơn với lãi suất.",line_item,"short_term_debt, long_term_debt, cash_and_equivalents, equity",False,False,copied_fewshot,,"safe_div(((long_term_debt+short_term_debt)-cash_and_equivalents),equity)",4,4,False,False,False
qwen35-0.8b,2,F3-005,F3,P07-NLG17-debt,False,1,strict,accruals_to_assets,"safe_div(net_income - cfo, total_assets)","Phần lợi nhuận không đi kèm dòng tiền càng lớn thì chất lượng lợi nhuận càng thấp, lợi suất tương lai thường kém hơn (Sloan 1996).",line_item,"net_income, cfo, total_assets",False,False,copied_fewshot,,"safe_div((net_income-cfo),total_assets)",3,3,False,False,False
qwen35-0.8b,2,F3-005,F3,P07-NLG17-debt,False,2,strict,cash_to_current_liabilities,"safe_div(cash_and_equivalents, current_liabilities)",Tiền mặt so với nợ ngắn hạn đo khả năng thanh toán; thấp làm tăng rủi ro khi dòng tiền bán hàng chậm lại.,line_item,"cash_and_equivalents, current_liabilities",False,False,copied_fewshot,,"safe_div(cash_and_equivalents,current_liabilities)",2,2,False,False,False
qwen35-0.8b,2,F4-005,F4,P07-NLG17-debt,False,0,recovered,interest_expense_rank,"rank(interest_expense, 4)","Chi phí lãi vay là yếu tố then chốt gây áp lực lợi suất, giúp xác định mức độ rủi ro và khả năng tái cấu trúc vốn.",line_item,interest_expense,False,False,bad_arity:rank|duplicate,,"rank(interest_expense,4)",2,1,False,False,False
qwen35-0.8b,2,F4-005,F4,P07-NLG17-debt,False,1,recovered,cash_flow_growth,"growth(cash_and_equivalents, 4)",Tăng trưởng dòng tiền thuần cho thấy khả năng thanh toán nợ ngắn hạn và duy trì hoạt động kinh doanh trong kỳ.,line_item,cash_and_equivalents,False,False,duplicate,,"growth(cash_and_equivalents,4)",2,1,False,True,False
qwen35-0.8b,2,F4-005,F4,P07-NLG17-debt,False,2,recovered,market_cap_rank,"rank(market_cap, 4)",Xếp hạng vốn hóa thị trường giúp xác định mức độ rủi ro và khả năng hấp thu vốn từ nhà đầu tư.,line_item,market_cap,False,False,bad_arity:rank,,"rank(market_cap,4)",2,1,False,False,False
qwen35-0.8b,2,F2-008,F2,P08-POW17-debt,False,0,recovered,Công thức xếp hạng lợi suất cổ phiếu dựa trên chi phí lãi vay dài hạn,rank_interest_expense = (long_term_debt * 0.05) / (long_term_debt * 0.05 + interest_expense),Chi phí lãi vay dài hạn là yếu tố then chốt trong việc kiểm soát lợi suất cổ phiếu. Tỷ lệ chi phí này được tính bằng tổng nợ dài hạn nhân với tỷ lệ 5% (tỷ lệ chiết khấu) và so sánh với chi phí lãi vay thực tế. Tỷ lệ này giúp xác định mức độ rủi ro và khả năng thanh toán nợ dài hạn.,note,"Theo đoạn trích: 'Vay dài hạn của Tổng Công ty được giải ngân bằng Đô la Mỹ, Euro và Đồng Việt Nam để phục vụ cho việc đầu tư mua sắm tài sản cố định của Tổng Công ty.' Các khoản vay được phân loại theo đồng tiền giải ngân như sau: Vay bằng Đô la Mỹ | 17.641.067.608.552 | 22.461.256.175.696...",False,False,syntax_error,,,,,False,False,False
qwen35-0.8b,2,F2-008,F2,P08-POW17-debt,False,1,recovered,Công thức xếp hạng lợi suất cổ phiếu dựa trên tỷ lệ nợ ngắn hạn so với tổng nợ dài hạn,ratio_short_long_term = current_liabilities / (current_liabilities + long_term_debt),Tỷ lệ nợ ngắn hạn so với tổng nợ dài hạn phản ánh khả năng thanh toán nợ ngắn hạn của doanh nghiệp. Tỷ lệ này được tính bằng tổng nợ ngắn hạn chia cho tổng nợ dài hạn. Tỷ lệ này giúp xác định mức độ rủi ro và khả năng thanh toán nợ ngắn hạn.,note,"Các khoản vay dài hạn của Tổng Công ty được giải ngân bằng Đô la Mỹ, Euro và Đồng Việt Nam để phục vụ cho việc đầu tư mua sắm tài sản cố định của Tổng Công ty. Các khoản vay được phân loại theo đồng tiền giải ngân như sau: Số cuối năm | Số đầu năm VND | VND...",False,False,syntax_error,,,,,False,False,False
qwen35-0.8b,2,F3-006,F3,P08-POW17-debt,False,0,strict,net_debt_to_equity,"safe_div(short_term_debt + long_term_debt - cash_and_equivalents, equity)","Đòn bẩy ròng cao làm tăng rủi ro tài chính, cổ phiếu nhạy hơn với lãi suất.",line_item,"short_term_debt, long_term_debt, cash_and_equivalents, equity",False,False,copied_fewshot,,"safe_div(((long_term_debt+short_term_debt)-cash_and_equivalents),equity)",4,4,False,False,False
qwen35-0.8b,2,F3-006,F3,P08-POW17-debt,False,1,strict,accruals_to_assets,"safe_div(net_income - cfo, total_assets)","Phần lợi nhuận không đi kèm dòng tiền càng lớn thì chất lượng lợi nhuận càng thấp, lợi suất tương lai thường kém hơn (Sloan 1996).",line_item,"net_income, cfo, total_assets",False,False,copied_fewshot,,"safe_div((net_income-cfo),total_assets)",3,3,False,False,False
qwen35-0.8b,2,F3-006,F3,P08-POW17-debt,False,2,strict,cash_to_current_liabilities,"safe_div(cash_and_equivalents, current_liabilities)",Tiền mặt so với nợ ngắn hạn đo khả năng thanh toán; thấp làm tăng rủi ro khi dòng tiền bán hàng chậm lại.,line_item,"cash_and_equivalents, current_liabilities",False,False,copied_fewshot,,"safe_div(cash_and_equivalents,current_liabilities)",2,2,False,False,False
qwen35-0.8b,2,F1-007,F1,P09-HAH24-fixed_assets,False,0,strict,Công thức xếp hạng lợi suất theo lát cắt ngang (Lực cạnh tranh),rank_long_term_assets = (long_term_assets / total_assets) * 100,"Lực cạnh tranh cao (rank_long_term_assets > 0.5) cho thấy tài sản cố định và dài hạn được phân bổ hiệu quả, giúp lợi suất tăng trưởng nhanh hơn so với các yếu tố khác.",note,Bảng xếp hạng tài sản cố định và dài hạn trên báo cáo tài chính,False,False,syntax_error,,,,,False,False,False
qwen35-0.8b,2,F1-007,F1,P09-HAH24-fixed_assets,False,1,strict,Công thức xếp hạng lợi suất theo lực cạnh tranh (Lực cạnh tranh),rank_long_term_assets = (long_term_assets / total_assets) * 100,"Lực cạnh tranh cao (rank_long_term_assets > 0.5) cho thấy tài sản cố định và dài hạn được phân bổ hiệu quả, giúp lợi suất tăng trưởng nhanh hơn so với các yếu tố khác.",line_item,Bảng xếp hạng tài sản cố định và dài hạn trên báo cáo tài chính,False,False,syntax_error,,,,,False,False,False
qwen35-0.8b,2,F1-007,F1,P09-HAH24-fixed_assets,False,2,strict,Công thức xếp hạng lợi suất theo lực cạnh tranh (Lực cạnh tranh),rank_long_term_assets = (long_term_assets / total_assets) * 100,"Lực cạnh tranh cao (rank_long_term_assets > 0.5) cho thấy tài sản cố định và dài hạn được phân bổ hiệu quả, giúp lợi suất tăng trưởng nhanh hơn so với các yếu tố khác.",note,Bảng xếp hạng tài sản cố định và dài hạn trên báo cáo tài chính,False,False,syntax_error,,,,,False,False,False
qwen35-0.8b,2,F2-009,F2,P09-HAH24-fixed_assets,False,0,recovered,Công thức xếp hạng lợi suất theo thời gian khấu hao,rank_long_term_assets = (tangible_fixed_assets - accumulated_depreciation) / (tangible_fixed_assets + accumulated_depreciation),"Công thức này xác định tỷ trọng tương đối giữa tài sản cố định hữu hình và tổng tài sản cố định, phản ánh mức độ hiệu quả sử dụng tài sản. Giá trị tích lũy khấu hao cao sẽ làm giảm tỷ trọng tài sản hữu hình, ảnh hưởng trực tiếp đến lợi suất.",note,Trong đó: Tài sản cố định hữu hình được khấu hao theo phương pháp đường thẳng dựa trên thời gian hữu dụng ước tính. Số năm khấu hao của các loại tài sản cố định hữu hình như sau:,False,False,syntax_error,,,,,False,False,False
qwen35-0.8b,2,F2-009,F2,P09-HAH24-fixed_assets,False,1,recovered,Công thức xếp hạng lợi suất theo mức khấu hao,depreciation = (tangible_fixed_assets - accumulated_depreciation) / (tangible_fixed_assets + accumulated_depreciation),"Công thức này xác định mức khấu hao tương đối dựa trên tổng tài sản cố định và giá trị hao mòn lũy kế. Giá trị khấu hao cao sẽ làm giảm tỷ trọng tài sản hữu hình, ảnh hưởng trực tiếp đến lợi suất.",note,Tài sản cố định hữu hình được khấu hao theo phương pháp đường thẳng dựa trên thời gian hữu dụng ước tính. Số năm khấu hao của các loại tài sản cố định hữu hình như sau:,True,False,syntax_error,,,,,False,False,False
qwen35-0.8b,2,F3-007,F3,P09-HAH24-fixed_assets,False,0,strict,accruals_to_assets,"safe_div(net_income - cfo, total_assets)","Phần lợi nhuận không đi kèm dòng tiền càng lớn thì chất lượng lợi nhuận càng thấp, lợi suất tương lai thường kém hơn (Sloan 1996).",line_item,"net_income, cfo, total_assets",False,False,copied_fewshot,,"safe_div((net_income-cfo),total_assets)",3,3,False,False,False
qwen35-0.8b,2,F3-007,F3,P09-HAH24-fixed_assets,False,1,strict,cip_to_fixed_assets,"safe_div(construction_in_progress, fixed_assets)","Tỷ trọng công trình dở dang lớn báo hiệu năng lực mới sắp đưa vào khai thác, kèm rủi ro chậm tiến độ.",note,chi phí xây dựng cơ bản dở dang,False,False,copied_fewshot,,"safe_div(construction_in_progress,fixed_assets)",2,2,False,False,False
qwen35-0.8b,2,F3-007,F3,P09-HAH24-fixed_assets,False,2,strict,earnings_yield,"safe_div(net_income, market_cap)",Lợi nhuận trên mỗi đồng vốn hoá cao cho thấy cổ phiếu đang rẻ so với khả năng sinh lời.,line_item,"net_income, market_cap",False,False,copied_fewshot,,"safe_div(net_income,market_cap)",2,2,False,False,False
qwen35-0.8b,2,F4-006,F4,P09-HAH24-fixed_assets,False,0,recovered,asset_growth,"growth(total_assets, 4)",Tăng trưởng tổng tài sản cao thường đi kèm với lợi suất thấp hơn.,line_item,total_assets,False,True,,,"growth(total_assets,4)",2,1,True,True,False
qwen35-0.8b,2,F4-006,F4,P09-HAH24-fixed_assets,False,1,recovered,depreciation_effect,"depreciation(total_assets, 4)",Khấu hao tài sản cố định ảnh hưởng trực tiếp đến lợi suất.,line_item,depreciation,False,False,unknown_func:depreciation,,"depreciation(total_assets,4)",2,1,False,False,False
qwen35-0.8b,2,F4-006,F4,P09-HAH24-fixed_assets,False,2,recovered,market_cap_impact,market_cap,Vốn hóa thị trường ảnh hưởng trực tiếp đến lợi suất.,line_item,market_cap,False,True,,,market_cap,1,1,False,False,False
qwen35-0.8b,2,F2-010,F2,P10-TNG17-fixed_assets,False,0,strict,Công thức xếp hạng lợi suất theo lát cắt ngang,"rank_capex = safe_div(capex, total_assets) * 100","Công thức này dựa trên tỷ lệ chi phí đầu tư so với tổng tài sản. Tỷ lệ cao hơn (tăng > 100%) cho thấy công ty đang đầu tư mạnh, có thể là dấu hiệu của rủi ro hoặc lợi suất cao.",note,"Trích đoạn: 'Trình bày tại Thuyết minh số 17 và 18, Công ty đã thể chấp máy móc, thiết bị, phương tiện vận tải, nhà xuống và vật kiến trúc để đảm bào cho các khoản tiên vay tại các ngân hàng thương mại và tổ chức tín dụng.'",False,False,syntax_error,,,,,False,False,False
qwen35-0.8b,2,F2-010,F2,P10-TNG17-fixed_assets,False,1,strict,Công thức xác định mức độ tăng trưởng tài sản cố định,growth_fixed = mean(tangible_fixed_assets) - mean(fixed_assets),"Công thức này đo lường sự thay đổi của giá trị tài sản cố định trong suốt kỳ. Nếu giá trị tăng mạnh (tăng > 100%), nó phản ánh khả năng cải thiện tài sản hoặc tăng trưởng doanh nghiệp.",line_item,Số dư cuối năm | 1.280.426.734,False,False,syntax_error,,,,,False,True,False
qwen35-0.8b,2,F2-010,F2,P10-TNG17-fixed_assets,False,2,strict,Công thức xác định mức độ giảm giá trị tài sản cố định,depreciation = accumulated_depreciation - mean(tangible_fixed_assets),"Công thức này so sánh giá trị khấu hao (ghi âm) với giá trị tài sản hiện tại. Nếu khấu hao lớn hơn nhiều so với tài sản, nó cho thấy tài sản đang bị hao mòn quá mức hoặc có rủi ro cao.",note,Trích đoạn: 'Trích khấu hao trong năm | 30.556.503.914'',False,False,syntax_error,,,,,False,True,False
qwen35-0.8b,2,F3-008,F3,P10-TNG17-fixed_assets,False,0,strict,tỷ trọng vốn hóa cố định hữu hình,"safe_div(tangible_fixed_assets, fixed_assets)","Tỷ trọng cao cho thấy phần lớn tài sản cố định là tài sản hữu hình, phản ánh khả năng tái sử dụng và khả năng sinh lời của công ty.",note,Tài sản cố định hữu hình được ghi nhận trong số liệu số dư cuối kỳ,False,True,,,"safe_div(tangible_fixed_assets,fixed_assets)",2,2,True,False,False
qwen35-0.8b,2,F3-008,F3,P10-TNG17-fixed_assets,False,1,strict,tỷ trọng vốn hóa cố định dài hạn,"safe_div(long_term_assets, fixed_assets)","Tỷ trọng cao cho thấy phần lớn tài sản cố định là tài sản dài hạn, phản ánh khả năng phát triển bền vững và khả năng sinh lời của công ty.",line_item,"long_term_assets, fixed_assets",False,True,,,"safe_div(long_term_assets,fixed_assets)",2,2,True,False,False
qwen35-0.8b,2,F3-008,F3,P10-TNG17-fixed_assets,False,2,strict,tỷ trọng vốn hóa vốn hóa,"safe_div(total_assets, fixed_assets)","Tỷ trọng cao cho thấy tổng tài sản bao gồm cả tài sản cố định và tài sản dài hạn, phản ánh cấu trúc tài sản tổng thể của công ty.",line_item,total_assets,False,True,,,"safe_div(total_assets,fixed_assets)",2,2,True,False,False
qwen35-0.8b,2,F2-011,F2,P11-HPG17-cip,False,0,strict,Công thức xếp hạng lợi suất theo lát cắt ngang,rank_construction_in_progress = (total_construction_in_progress - total_construction_in_progress - total_construction_in_progress) / total_construction_in_progress,"Công thức này tính tỷ lệ phần trăm của chi phí xây dựng dở dang so với tổng chi phí xây dựng dở dang trong kỳ, giúp xác định mức độ rủi ro và khả năng hoàn thành dự án.",note,Chi tiết chi phí xây dựng cơ bản dở dang được ghi nhận trong đoạn trích dẫn từ báo cáo tài chính năm 2017 của HPG.,False,False,syntax_error,,,,,False,False,False
qwen35-0.8b,2,F2-011,F2,P11-HPG17-cip,False,1,strict,Công thức xác định mức độ rủi ro chi phí xây dựng,risk_construction_in_progress = (total_construction_in_progress - total_construction_in_progress - total_construction_in_progress) / total_construction_in_progress,"Công thức này so sánh chi phí xây dựng dở dang với tổng chi phí xây dựng dở dang trong kỳ, giúp đánh giá mức độ rủi ro và khả năng hoàn thành dự án.",line_item,Chi tiết chi phí xây dựng cơ bản dở dang được ghi nhận trong đoạn trích dẫn từ báo cáo tài chính năm 2017 của HPG.,False,False,syntax_error,,,,,False,False,False
qwen35-0.8b,2,F2-011,F2,P11-HPG17-cip,False,2,strict,Công thức xác định mức độ rủi ro chi phí xây dựng,risk_construction_in_progress = (total_construction_in_progress - total_construction_in_progress - total_construction_in_progress) / total_construction_in_progress,"Công thức này so sánh chi phí xây dựng dở dang với tổng chi phí xây dựng dở dang trong kỳ, giúp đánh giá mức độ rủi ro và khả năng hoàn thành dự án.",note,Chi tiết chi phí xây dựng cơ bản dở dang được ghi nhận trong đoạn trích dẫn từ báo cáo tài chính năm 2017 của HPG.,False,False,syntax_error,,,,,False,False,False
qwen35-0.8b,2,F4-007,F4,P11-HPG17-cip,False,0,recovered,asset_growth,"growth(total_assets, 4)",Tăng trưởng tổng tài sản cao thường đi kèm với lợi suất thấp hơn.,line_item,total_assets,False,False,duplicate,,"growth(total_assets,4)",2,1,False,True,False
qwen35-0.8b,2,F4-007,F4,P11-HPG17-cip,False,1,recovered,depreciation_effect,depreciation,Khấu hao tài sản cố định ảnh hưởng trực tiếp đến lợi suất.,line_item,depreciation,False,True,,,depreciation,1,1,False,False,False
qwen35-0.8b,2,F4-007,F4,P11-HPG17-cip,False,2,recovered,market_cap_impact,market_cap,Vốn hoá thị trường ảnh hưởng trực tiếp đến lợi suất.,line_item,market_cap,False,False,duplicate,,market_cap,1,1,False,False,False
qwen35-0.8b,2,F1-008,F1,P12-VGC24-cip,False,0,recovered,Công thức xếp hạng lợi suất dựa trên xây dựng cơ bản dở dang,rank_construction_in_progress = (tangible_fixed_assets + construction_in_progress) / total_assets,"Công thức này xác định tỷ trọng của tài sản cố định hữu hình và tài sản dở dang so với tổng tài sản, giúp đánh giá mức độ phát triển cơ bản của doanh nghiệp và ảnh hưởng đến khả năng tái sử dụng vốn.",note,"Theo chuẩn mực VAS, tổng tài sản bao gồm cả tài sản cố định và tài sản dở dang.",False,False,syntax_error,,,,,False,False,False
qwen35-0.8b,2,F1-008,F1,P12-VGC24-cip,False,1,recovered,Công thức xếp hạng lợi suất dựa trên vốn hóa thị trường,market_cap = equity / market_cap_ratio,"Công thức này sử dụng tỷ trọng vốn hóa thị trường để xác định mức giá trị của cổ phiếu, giúp so sánh hiệu quả đầu tư giữa các doanh nghiệp có vốn hóa tương đương.",line_item,Dữ liệu thị trường cung cấp tỷ trọng vốn hóa.,False,False,syntax_error,,,,,False,False,False
qwen35-0.8b,2,F1-008,F1,P12-VGC24-cip,False,2,recovered,Công thức xếp hạng lợi suất dựa trên lợi nhuận và phát sinh,net_income = revenue - depreciation - cfo,"Công thức này tính toán lợi nhuận sau thuế thu nhập doanh nghiệp bằng cách trừ các khoản chi phí phát sinh (khấu hao và lưu chuyển tiền thuần) từ doanh thu thuần, giúp đánh giá hiệu quả kinh doanh thực tế.",line_item,Chi tiết từ mô tả VAS về các khoản phát sinh.,False,False,syntax_error,,,,,False,False,False
qwen35-0.8b,2,F2-012,F2,P12-VGC24-cip,False,0,recovered,Công thức xếp hạng lợi suất theo tỷ suất vốn hóa,rank_long_term_debt / (long_term_debt + equity),"Tỷ suất vốn hóa cao (tăng tỷ suất) sẽ làm tăng tỷ suất vốn hóa cổ phiếu, dẫn đến xu hướng tăng giá cổ phiếu.",note,"Dự án Khu công nghiệp Thuận Thành I được thực hiện theo Quyết định số 187/TCT-HĐQT ngày 31 tháng 5 năm 2021 và phê duyệt điều chỉnh theo Quyết định số 86/TCT-HĐQT ngày 08 tháng 5 năm 2023, Quyết định 151/TCT-HĐQT ngày 12 tháng 12 năm 2023 của Hội đồng Quản trị Tổng Công ty.",False,False,raw_division|unknown_var:rank_long_term_debt,,(rank_long_term_debt/(equity+long_term_debt)),3,3,False,False,False
qwen35-0.8b,2,F2-012,F2,P12-VGC24-cip,False,1,recovered,Công thức xếp hạng lợi suất theo tỷ suất vốn hóa,rank_long_term_debt / (long_term_debt + equity),"Tỷ suất vốn hóa cao (tăng tỷ suất) sẽ làm tăng tỷ suất vốn hóa cổ phiếu, dẫn đến xu hướng tăng giá cổ phiếu.",note,"Dự án Khu công nghiệp Thuận Thành I được thực hiện theo Quyết định số 187/TCT-HĐQT ngày 31 tháng 5 năm 2021 và phê duyệt điều chỉnh theo Quyết định số 86/TCT-HĐQT ngày 08 tháng 5 năm 2023, Quyết định 151/TCT-HĐQT ngày 12 tháng 12 năm 2023 của Hội đồng Quản trị Tổng Công ty.",False,False,raw_division|unknown_var:rank_long_term_debt|duplicate,,(rank_long_term_debt/(equity+long_term_debt)),3,3,False,False,False
qwen35-0.8b,2,F3-009,F3,P12-VGC24-cip,False,0,strict,accruals_to_assets,"safe_div(net_income - cfo, total_assets)","Phần lợi nhuận không đi kèm dòng tiền càng lớn thì chất lượng lợi nhuận càng thấp, lợi suất tương lai thường kém hơn (Sloan 1996).",line_item,"net_income, cfo, total_assets",False,False,copied_fewshot,,"safe_div((net_income-cfo),total_assets)",3,3,False,False,False
qwen35-0.8b,2,F3-009,F3,P12-VGC24-cip,False,1,strict,depreciation_to_assets,"safe_div(depreciation, total_assets)","Chi khấu hao tài sản cố định cho thấy doanh nghiệp đang mở rộng năng lực, lợi suất ngắn hạn thường thấp hơn (Titman, Wei, Xie 2004).",line_item,"depreciation, total_assets",False,True,,,"safe_div(depreciation,total_assets)",2,2,True,False,False
qwen35-0.8b,2,F3-009,F3,P12-VGC24-cip,False,2,strict,capex_to_depreciation,"safe_div(abs(capex), depreciation)","Chi đầu tư vượt xa khấu hao cho thấy doanh nghiệp đang mở rộng năng lực, lợi suất ngắn hạn thường thấp hơn (Titman, Wei, Xie 2004).",line_item,"capex, depreciation",False,False,copied_fewshot,,"safe_div(abs(capex),depreciation)",3,2,False,False,False
qwen35-0.8b,2,F4-008,F4,P12-VGC24-cip,False,0,strict,tác động lợi suất qua tài sản hữu hình,"growth(tangible_fixed_assets, 4)",Tăng trưởng tài sản hữu hình trực tiếp ảnh hưởng lớn đến tỷ suất vốn hóa và khả năng tái cấu trúc vốn.,line_item,tangible_fixed_assets,False,True,,,"growth(tangible_fixed_assets,4)",2,1,True,True,False
qwen35-0.8b,2,F4-008,F4,P12-VGC24-cip,False,1,strict,tăng trưởng tổng vốn hóa,"growth(total_assets, 4)",Tăng trưởng tổng tài sản và vốn hóa cho thấy khả năng tăng trưởng tổng thể của doanh nghiệp.,line_item,total_assets,False,False,duplicate,,"growth(total_assets,4)",2,1,False,True,False
qwen35-0.8b,2,F4-008,F4,P12-VGC24-cip,False,2,strict,tăng trưởng lợi nhuận,"growth(net_income, 4)",Tăng trưởng lợi nhuận cho thấy khả năng tăng trưởng lợi nhuận của doanh nghiệp.,line_item,net_income,False,True,,,"growth(net_income,4)",2,1,True,True,False
qwen35-0.8b,2,F2-013,F2,P13-NLG24-customer_advances,False,0,strict,Công thức xếp hạng lợi suất dựa trên biến customer_advances,"rank(customer_advances, k=4) + zscore(customer_advances, k=4)","Bằng cách so sánh số lượng người mua trả tiền trước với tổng số tiền nhận được từ dịch vụ, công thức này cho thấy mức độ rủi ro và khả năng thanh toán của doanh nghiệp, giúp xác định xu hướng tăng trưởng hoặc giảm rủi ro.",note,Khoản số tiền nhận trước từ khách hàng cho toàn bộ giai đoạn thuê được phân bổ định kỳ,False,False,syntax_error:keyword,,,,,False,False,False
qwen35-0.8b,2,F2-013,F2,P13-NLG24-customer_advances,False,1,strict,Công thức xếp hạng lợi suất dựa trên biến revenue,"rank(revenue, k=4) + zscore(revenue, k=4)",So sánh tổng doanh thu thuần phát sinh trong kỳ với tổng số tiền nhận được từ dịch vụ để đánh giá hiệu quả kinh doanh và khả năng thực hiện các mục tiêu tài chính.,line_item,Khoản số tiền nhận trước từ khách hàng cho toàn bộ giai đoạn thuê,False,False,syntax_error:keyword,,,,,False,False,False
qwen35-0.8b,2,F2-013,F2,P13-NLG24-customer_advances,False,2,strict,Công thức xếp hạng lợi suất dựa trên biến net_income,"rank(net_income, k=4) + zscore(net_income, k=4)",So sánh lợi nhuận sau thuế thu nhập doanh nghiệp với doanh thu thuần phát sinh trong kỳ để đánh giá hiệu quả kinh doanh và khả năng thực hiện các mục tiêu tài chính.,note,Khoản số tiền nhận trước từ khách hàng cho toàn bộ giai đoạn thuê,False,False,syntax_error:keyword,,,,,False,False,False
qwen35-0.8b,2,F3-010,F3,P13-NLG24-customer_advances,False,0,strict,cash_to_current_liabilities,"safe_div(cash_and_equivalents, current_liabilities)",Tiền mặt so với nợ ngắn hạn đo khả năng thanh toán; thấp làm tăng rủi ro khi dòng tiền bán hàng chậm lại.,line_item,"cash_and_equivalents, current_liabilities",False,False,copied_fewshot,,"safe_div(cash_and_equivalents,current_liabilities)",2,2,False,False,False
qwen35-0.8b,2,F3-010,F3,P13-NLG24-customer_advances,False,1,strict,accruals_to_assets,"safe_div(net_income - cfo, total_assets)","Phần lợi nhuận không đi kèm dòng tiền càng lớn thì chất lượng lợi nhuận càng thấp, lợi suất tương lai thường kém hơn (Sloan 1996).",line_item,"net_income, cfo, total_assets",False,False,copied_fewshot,,"safe_div((net_income-cfo),total_assets)",3,3,False,False,False
qwen35-0.8b,2,F3-010,F3,P13-NLG24-customer_advances,False,2,strict,earnings_yield,"safe_div(net_income, market_cap)",Lợi nhuận trên mỗi đồng vốn hoá cao cho thấy cổ phiếu đang rẻ so với khả năng sinh lời.,line_item,"net_income, market_cap",False,False,copied_fewshot,,"safe_div(net_income,market_cap)",2,2,False,False,False
qwen35-0.8b,2,F1-009,F1,P14-IDC24-customer_advances,False,0,strict,Công thức xếp hạng lợi suất dựa trên cash_and_equivalents và short_term_receivables,"rank(cash_and_equivalents, short_term_receivables, total_assets, current_liabilities)","Lập thuật toán xếp hạng dựa trên tỷ trọng của các dòng tiền và tài sản, giúp xác định mức độ rủi ro và khả năng thanh toán của doanh nghiệp.",note,"Tạo từ danh sách biến được phép dùng: cash_and_equivalents, short_term_receivables, total_assets, current_liabilities",False,False,bad_arity:rank,,"rank(cash_and_equivalents,short_term_receivables,total_assets,current_liabilities)",2,4,False,False,False
qwen35-0.8b,2,F1-009,F1,P14-IDC24-customer_advances,False,1,strict,Công thức xếp hạng lợi suất dựa trên revenue và gross_profit,"rank(revenue, gross_profit, net_income, cfo)","Lập thuật toán xếp hạng dựa trên dòng tiền thuần và lợi nhuận, giúp đánh giá khả năng sinh lời và hiệu quả hoạt động kinh doanh.",line_item,"Tạo từ danh sách biến được phép dùng: revenue, gross_profit, net_income, cfo",False,False,bad_arity:rank,,"rank(revenue,gross_profit,net_income,cfo)",2,4,False,False,False
qwen35-0.8b,2,F1-009,F1,P14-IDC24-customer_advances,False,2,strict,Công thức xếp hạng lợi suất dựa trên customer_advances và equity,"rank(customer_advances, equity, market_cap)","Lập thuật toán xếp hạng dựa trên dòng tiền từ người mua và vốn chủ sở hữu, giúp đánh giá khả năng thanh toán và khả năng hỗ trợ vốn.",line_item,"Tạo từ danh sách biến được phép dùng: customer_advances, equity, market_cap",False,False,bad_arity:rank,,"rank(customer_advances,equity,market_cap)",2,3,False,False,False
qwen35-0.8b,2,F2-014,F2,P14-IDC24-customer_advances,False,0,recovered,Công thức xếp hạng lợi suất dựa trên dòng tiền ngắn hạn,"rank(cash_and_equivalents, k=1) + delta(cash_and_equivalents, k=1) - zscore(cash_and_equivalents, k=1)","Lợi suất tăng trưởng dựa trên dòng tiền ngắn hạn (cash_and_equivalents) giúp xác định khả năng thanh toán trước các khoản phải thu ngắn hạn, phản ánh sức mạnh tài chính của doanh nghiệp trong giai đoạn đầu năm.",note,Dòng 26. DOANH THU CHU'A THỰC HIỆN: Doanh thu nhận trước ngắn hạn khác | 66.911.740 | 3.384.428,False,False,syntax_error:keyword,,,,,False,True,False
qwen35-0.8b,2,F2-014,F2,P14-IDC24-customer_advances,False,1,recovered,Công thức xếp hạng lợi suất dựa trên dòng tiền dài hạn,"rank(cash_and_equivalents, k=1) + delta(cash_and_equivalents, k=1) - zscore(cash_and_equivalents, k=1)","Lợi suất tăng trưởng dựa trên dòng tiền dài hạn (cash_and_equivalents) cho thấy khả năng thanh toán toàn bộ các khoản phải thu dài hạn, phản ánh khả năng thanh toán tổng thể của doanh nghiệp trong giai đoạn cuối năm.",note,Dòng 26. DOANH THU CHU'A THỰC HIỆN: Doanh thu nhận trước dài hạn khác | 204.580.323 | 212.126.665,False,False,syntax_error:keyword,,,,,False,True,False
qwen35-0.8b,2,F3-011,F3,P14-IDC24-customer_advances,False,0,recovered,lợi suất tương lai (Growth Yield),"safe_div(growth(x, 4), market_cap)","Lợi suất tăng trưởng của doanh thu tương lai so với doanh thu thực hiện ngắn hạn là chỉ số mạnh mẽ để đánh giá chất lượng lợi suất và khả năng sinh lời của cổ phiếu, giúp xác định mức độ rủi ro khi doanh thu thực hiện chậm lại.",note,"Danh sách biến được phép dùng: - revenue: Doanh thu thuần [VND, phát sinh trong kỳ] - gross_profit: Lợi nhuận gộp [VND, phát sinh trong kỳ] - net_income: Lợi nhuận sau thuế thu nhập doanh nghiệp [VND, phát sinh trong kỳ] - cfo: Lưu chuyển tiền thuần từ hoạt động kinh doanh [VND, phát sinh trong kỳ] - market_cap: Vốn hoá thị trường [dữ liệu thị trường]",False,False,unknown_var:x,,"safe_div(growth(x,4),market_cap)",3,2,False,True,False
qwen35-0.8b,2,F3-011,F3,P14-IDC24-customer_advances,False,1,recovered,lợi suất tương lai (Gross Profit Yield),"safe_div(gross_profit, market_cap)","Lợi nhuận gộp trên mỗi đồng vốn hóa cao cho thấy cổ phiếu đang rẻ so với khả năng sinh lời, giúp xác định mức độ rủi ro khi doanh thu thực hiện chậm lại.",line_item,"gross_profit, market_cap",False,True,,,"safe_div(gross_profit,market_cap)",2,2,True,False,False
qwen35-0.8b,2,F3-011,F3,P14-IDC24-customer_advances,False,2,recovered,lợi suất tương lai (Net Income Yield),"safe_div(net_income, market_cap)","Lợi nhuận sau thuế thu nhập doanh nghiệp trên mỗi đồng vốn hóa cao cho thấy cổ phiếu đang rẻ so với khả năng sinh lời, giúp xác định mức độ rủi ro khi doanh thu thực hiện chậm lại.",line_item,"net_income, market_cap",False,False,copied_fewshot,,"safe_div(net_income,market_cap)",2,2,False,False,False
qwen35-0.8b,2,F4-009,F4,P14-IDC24-customer_advances,False,0,strict,customer_advances_rank,"rank(customer_advances, 4)",Tăng tỷ trọng của khoản phải thu trước giúp xác định khả năng trả nợ ngắn hạn của doanh nghiệp.,line_item,customer_advances,False,False,bad_arity:rank,,"rank(customer_advances,4)",2,1,False,False,False
qwen35-0.8b,2,F4-009,F4,P14-IDC24-customer_advances,False,1,strict,customer_advances_zscore,"zscore(customer_advances, 4)",Tăng tỷ trọng của khoản phải thu trước giúp xác định khả năng trả nợ ngắn hạn của doanh nghiệp.,line_item,customer_advances,False,False,bad_arity:zscore,,"zscore(customer_advances,4)",2,1,False,False,False
qwen35-0.8b,2,F4-009,F4,P14-IDC24-customer_advances,False,2,strict,customer_advances_growth,"growth(customer_advances, 4)",Tăng tỷ trọng của khoản phải thu trước giúp xác định khả năng trả nợ ngắn hạn của doanh nghiệp.,line_item,customer_advances,False,True,,,"growth(customer_advances,4)",2,1,True,True,False
qwen35-0.8b,2,F1-010,F1,P15-CTD17-associates,False,0,strict,Công thức xếp hạng lợi suất theo lát cắt ngang dựa trên lợi nhuận từ công ty liên kết,rank_share_of_associates = (share_of_associates / equity) * 100,Lực lượng cạnh tranh cao từ các công ty liên kết giúp tăng trưởng lợi suất nhanh hơn so với các công ty độc lập. Tỷ lệ phần trăm lợi nhuận từ công ty này so với vốn chủ sở hữu sẽ làm tăng tỷ suất lợi nhuận tổng thể.,note,Bằng chứng từ báo cáo tài chính về doanh thu và lợi nhuận của các công ty liên kết,False,False,syntax_error,,,,,False,False,False
qwen35-0.8b,2,F1-010,F1,P15-CTD17-associates,False,1,strict,Công thức xếp hạng lợi suất dựa trên tỷ trọng của các công ty liên kết,rank_associates = (share_of_associates / total_assets) * 100,Tỷ lệ phần trăm lợi nhuận từ các công ty liên kết so với tổng tài sản sẽ làm tăng tỷ suất lợi nhuận tổng thể. Các công ty liên kết thường có lợi thế cạnh tranh cao hơn so với các công ty độc lập.,line_item,Tổng tài sản của các công ty liên kết,False,False,syntax_error,,,,,False,False,False
qwen35-0.8b,2,F1-010,F1,P15-CTD17-associates,False,2,strict,Công thức xếp hạng lợi suất dựa trên tỷ trọng của các công ty độc lập,rank_independent = (share_of_independent / total_assets) * 100,Tỷ lệ phần trăm lợi nhuận từ các công ty độc lập so với tổng tài sản sẽ làm tăng tỷ suất lợi nhuận tổng thể. Các công ty độc lập thường có lợi thế cạnh tranh thấp hơn so với các công ty liên kết.,line_item,Tổng tài sản của các công ty độc lập,False,False,syntax_error,,,,,False,False,False
qwen35-0.8b,2,F2-015,F2,P15-CTD17-associates,False,0,strict,Công thức xếp hạng lợi suất dựa trên tỷ lệ sở hữu công ty liên kết,rank_share_of_associates = (share_of_associates * 100) / total_assets,"Tăng tỷ lệ sở hữu công ty liên kết (share_of_associates) sẽ làm tăng giá trị tổng tài sản (total_assets), từ đó làm giảm tỷ suất lợi suất (rank_share_of_associates) và cải thiện khả năng xếp hạng cổ phiếu.",note,Chi tiết khoản đầu tư của Nhóm Công ty vào các công ty liên kết như sau:,True,False,syntax_error,,,,,False,False,False
qwen35-0.8b,2,F2-015,F2,P15-CTD17-associates,False,1,strict,Công thức xếp hạng lợi suất dựa trên lợi nhuận từ công ty liên kết,rank_share_of_associates = (net_income * 100) / total_assets,"Lợi nhuận từ các công ty liên kết (net_income) là nguồn tăng trưởng trực tiếp của lợi suất cổ phiếu, do đó việc tăng lợi nhuận sẽ làm tăng tỷ suất lợi suất và cải thiện khả năng xếp hạng.",line_item,Phần lợi nhuận từ các công ty liên kết trong năm,False,False,syntax_error,,,,,False,False,False
qwen35-0.8b,2,F2-015,F2,P15-CTD17-associates,False,2,strict,Công thức xếp hạng lợi suất dựa trên lợi nhuận từ công ty liên kết,rank_share_of_associates = (net_income_parent * 100) / total_assets,"Lợi nhuận sau thuế của cổ đông công ty mẹ (net_income_parent) là nguồn lợi nhuận chính từ hoạt động tài chính của công ty mẹ, do đó việc tăng lợi nhuận sẽ làm tăng tỷ suất lợi suất và cải thiện khả năng xếp hạng.",note,Lợi nhuận sau thuế của cổ đông công ty mẹ,False,False,syntax_error,,,,,False,False,False
qwen35-0.8b,2,F3-012,F3,P15-CTD17-associates,False,0,strict,share_of_associates_ratio,"safe_div(share_of_associates, equity)","Lợi ích cổ đông không kiểm soát là yếu tố then chốt trong việc phân bổ vốn cho các công ty liên kết, giúp xác định mức độ rủi ro và khả năng tiếp cận tài chính của cổ đông.",line_item,"share_of_associates, equity",False,True,,,"safe_div(share_of_associates,equity)",2,2,True,False,False
qwen35-0.8b,2,F3-012,F3,P15-CTD17-associates,False,1,strict,market_cap_ratio,market_cap / equity,"Tỷ lệ thị trường trên vốn góp cho thấy mức độ chênh lệch giữa giá trị hiện thị trường và giá trị thực tế của cổ phiếu, phản ánh xu hướng tăng trưởng và biến động thị trường.",line_item,"market_cap, equity",False,False,raw_division,,(market_cap/equity),2,2,False,False,False
qwen35-0.8b,2,F3-012,F3,P15-CTD17-associates,False,2,strict,net_income_parent_ratio,net_income_parent / equity,Lợi nhuận của cổ đông mẹ so với vốn góp cho thấy hiệu quả tài chính của công ty mẹ và khả năng tái sử dụng vốn cho các công ty liên kết.,line_item,"net_income_parent, equity",False,False,raw_division,,(net_income_parent/equity),2,2,False,False,False
qwen35-0.8b,2,F4-010,F4,P15-CTD17-associates,False,0,recovered,asset_growth,"growth(total_assets, 4)",Tăng trưởng tài sản cao thường đi kèm lợi suất thấp hơn.,line_item,total_assets,False,False,duplicate,,"growth(total_assets,4)",2,1,False,True,False
qwen35-0.8b,2,F4-010,F4,P15-CTD17-associates,False,1,recovered,share_of_associates,share_of_associates,Phần lợi nhuận của công ty liên doanh liên kết là yếu tố then chốt trong đầu tư liên kết.,line_item,share_of_associates,False,True,,,share_of_associates,1,1,False,False,False
qwen35-0.8b,2,F4-010,F4,P15-CTD17-associates,False,2,recovered,market_cap,market_cap,Giá trị thị trường của công ty liên kết ảnh hưởng trực tiếp đến khả năng thu hút vốn đầu tư.,line_item,market_cap,False,False,duplicate,,market_cap,1,1,False,False,False
qwen35-0.8b,2,F2-016,F2,P16-PVT17-associates,False,0,strict,Công thức xếp hạng lợi suất dựa trên lợi nhuận phát sinh từ khoản đầu tư,rank_share_of_associates = (share_of_associates / total_assets) * 100,"Lợi suất cổ phiếu được tính bằng tỷ lệ phần trăm của lợi nhuận phát sinh từ khoản đầu tư so với tổng tài sản, cho thấy khả năng phát sinh lợi nhuận từ vốn đầu tư.",note,Tổng công nợ khoản đầu tư vào công ty liên kết được chia thành 193.686.524.453 và 188.948.125.750,False,False,syntax_error,,,,,False,False,False
qwen35-0.8b,2,F2-016,F2,P16-PVT17-associates,False,1,strict,Công thức xếp hạng lợi suất dựa trên lợi nhuận thuần từ khoản đầu tư,net_income_parent = (net_income_parent - share_of_associates) / equity,"Lợi suất được tính bằng tỷ lệ phần trăm của lợi nhuận thuần từ khoản đầu tư so với vốn chủ sở hữu, phản ánh khả năng lợi nhuận từ vốn đầu tư so với vốn chủ yếu.",line_item,Lợi nhuận thuần từ khoản đầu tư vào công ty liên kết được chia thành 27.116.030.203 và 26.785.452.437,False,False,syntax_error,,,,,False,False,False
qwen35-0.8b,2,F2-016,F2,P16-PVT17-associates,False,2,strict,Công thức xếp hạng lợi suất dựa trên lợi nhuận phát sinh từ doanh thu thuần,net_income = revenue - financial_income,"Lợi suất được tính bằng tỷ lệ phần trăm của lợi nhuận phát sinh từ doanh thu thuần so với tổng doanh thu thuần, cho thấy khả năng lợi nhuận từ doanh thu thuần.",line_item,Lợi nhuận phát sinh sau ngày đầu tư trừ cổ tức được chia thành 43.648.804.453 và 38.910.405.750,False,False,syntax_error,,,,,False,False,False
qwen35-0.8b,2,F3-013,F3,P16-PVT17-associates,False,0,recovered,share_of_associates_ratio,"safe_div(share_of_associates, equity)","Lợi ích cổ đông không kiểm soát là yếu tố then chốt trong việc phân bổ vốn cho công ty liên kết, giúp xác định mức độ rủi ro và khả năng hỗ trợ tài chính cho công ty.",line_item,"share_of_associates, equity",False,False,duplicate,,"safe_div(share_of_associates,equity)",2,2,False,False,False
qwen35-0.8b,2,F3-013,F3,P16-PVT17-associates,False,1,recovered,net_income_parent_ratio,"safe_div(net_income_parent, equity)","Lợi nhuận của cổ đông công ty mẹ là chỉ số phản ánh trực tiếp khả năng sinh lời của công ty mẹ, giúp so sánh hiệu quả đầu tư giữa các công ty liên kết khác nhau.",line_item,"net_income_parent, equity",False,True,,,"safe_div(net_income_parent,equity)",2,2,True,False,False
qwen35-0.8b,2,F3-013,F3,P16-PVT17-associates,False,2,recovered,market_cap_ratio,"safe_div(market_cap, equity)",Vốn hoá thị trường là chỉ số cơ bản để so sánh mức độ rủi ro và khả năng sinh lời của công ty liên kết với các công ty khác.,line_item,"market_cap, equity",False,True,,,"safe_div(market_cap,equity)",2,2,True,False,False
qwen35-0.8b,2,F1-012,F1,P17-NTP17-related_party,False,0,recovered,Công thức xếp hạng lợi suất dựa trên biến related_party_disclosed,rank_related_party_disclosed = (related_party_disclosed * 0.25) + (1 - related_party_disclosed * 0.75),"Công thức này sử dụng biến related_party_disclosed để tính tỷ lệ tương tác giữa biến số và biến danh sách. Tỷ lệ này được áp dụng vào hàm rank để xác định mức độ tương tác của biến này với biến số, giúp xếp hạng lợi suất dựa trên mức độ tương tác với bên liên quan.",note,Biến related_party_disclosed được trích dẫn từ danh sách biến được phép dùng trong yêu cầu.,False,False,syntax_error,,,,,False,False,False
qwen35-0.8b,2,F1-012,F1,P17-NTP17-related_party,False,1,recovered,Công thức xếp hạng lợi suất dựa trên biến receivables_customers,rank_receivables_customers = (receivables_customers * 0.25) + (1 - receivables_customers * 0.75),"Công thức này sử dụng biến receivables_customers để tính tỷ lệ tương tác giữa biến số và biến danh sách. Tỷ lệ này được áp dụng vào hàm rank để xác định mức độ tương tác của biến này với biến số, giúp xếp hạng lợi suất dựa trên mức độ tương tác với biến này.",line_item,Biến receivables_customers được trích dẫn từ danh sách biến được phép dùng trong yêu cầu.,False,False,syntax_error,,,,,False,False,False
qwen35-0.8b,2,F2-017,F2,P17-NTP17-related_party,False,0,strict,Công thức xếp hạng lợi suất dựa trên biến related_party_disclosed,rank_related_party = (related_party_disclosed * 0.05) + 0.05,"Biến related_party_disclosed phản ánh mức độ giao dịch trực tiếp với bên liên quan. Khi giá trị cao, nó tác động mạnh lên tỷ suất lợi suất, giúp xác định mức độ rủi ro và khả năng kiểm soát.",note,"Trong năm, Công ty Cổ phần Nhựa Thiếu niên Tiền Phong phía Nam có giao dịch chủ yếu với Công ty TNHH Thương mại Xuất nhập khẩu Minh Hải.",False,False,syntax_error,,,,,False,False,False
qwen35-0.8b,2,F2-017,F2,P17-NTP17-related_party,False,1,strict,Công thức xếp hạng lợi suất dựa trên biến receivables_customers,rank_receivables = (receivables_customers * 0.05) + 0.05,"Biến receivables_customers phản ánh khả năng thu hồi tiền từ khách hàng. Khi giá trị cao, nó tác động mạnh lên tỷ suất lợi suất, giúp xác định mức độ rủi ro và khả năng thanh toán.",line_item,Công ty TNHH Thương mại Xuất nhập khẩu Minh Hải,False,False,syntax_error,,,,,False,False,False
qwen35-0.8b,2,F2-017,F2,P17-NTP17-related_party,False,2,strict,Công thức xếp hạng lợi suất dựa trên biến net_income,rank_net_income = (net_income * 0.05) + 0.05,"Biến net_income phản ánh lợi nhuận sau thuế thu nhập doanh nghiệp. Khi giá trị cao, nó tác động mạnh lên tỷ suất lợi suất, giúp xác định mức độ rủi ro và khả năng kiểm soát.",line_item,Công ty Cổ phần Nhựa Thiếu niên Tiền Phong phía Nam,False,False,syntax_error,,,,,False,False,False
qwen35-0.8b,2,F3-014,F3,P17-NTP17-related_party,False,0,strict,accruals_to_assets,"safe_div(net_income - cfo, total_assets)","Phần lợi nhuận không đi kèm dòng tiền càng lớn thì chất lượng lợi nhuận càng thấp, lợi suất tương lai thường kém hơn (Sloan 1996).",line_item,"net_income, cfo, total_assets",False,False,copied_fewshot,,"safe_div((net_income-cfo),total_assets)",3,3,False,False,False
qwen35-0.8b,2,F3-014,F3,P17-NTP17-related_party,False,1,strict,earnings_yield,"safe_div(net_income, market_cap)",Lợi nhuận trên mỗi đồng vốn hoá cao cho thấy cổ phiếu đang rẻ so với khả năng sinh lời.,line_item,"net_income, market_cap",False,False,copied_fewshot,,"safe_div(net_income,market_cap)",2,2,False,False,False
qwen35-0.8b,2,F3-014,F3,P17-NTP17-related_party,False,2,strict,related_party_disclosed,related_party_disclosed,"Công ty có các giao dịch chủ yếu với các bên liên quan như nhau, nhưng công ty cổ phần Nhựa Thiếu niên Tiền Phong phía Nam có giao dịch với công ty liên kết, công ty TNHH Liên doanh Nhựa Tiền Phong - SMP có giao dịch với công ty liên doanh, công ty TNHH Thương mại Xuất nhập khẩu Minh Hải có giao dịch với công ty liên quan khác. Đây là một biến chỉ tiêu phát sinh trong kỳ được nhắc tới trong thuyết minh.",note,related_party_disclosed,False,True,,,related_party_disclosed,1,1,True,False,True
qwen35-0.8b,2,F2-018,F2,P18-MWG24-related_party,False,0,recovered,Công thức xếp hạng lợi suất dựa trên biến related_party_disclosed,rank_related_party_disclosed = (related_party_disclosed * 0.0001) + 0.0001,"Biến này đo lường mức độ ảnh hưởng trực tiếp của các bên liên quan đến việc ra quyết định tài chính, giúp xác định các rủi ro và lợi ích cụ thể đối với lợi suất cổ phiếu.",note,33. NGHIỆP VỤ VỚI CÁC BÊN LIÊN QUAN: Các giao dịch trọng yếu của Công ty với các bên liên quan trong năm nay bao gồm: Ông Robert Willett | Chi phí tư vấn | 2.351.671.475 | 2.250.010.657,False,False,syntax_error,,,,,False,False,False
qwen35-0.8b,2,F2-018,F2,P18-MWG24-related_party,False,1,recovered,Công thức xếp hạng lợi suất dựa trên biến receivables_customers,rank_receivables_customers = (receivables_customers * 0.0001) + 0.0001,"Biến này phản ánh khả năng thu hồi tài sản từ khách hàng, giúp đánh giá rủi ro về thanh toán và khả năng phục vụ cho lợi suất cổ phiếu.",line_item,"Danh sách biến được phép dùng: - short_term_receivables: Các khoản phải thu ngắn hạn [VND, số dư cuối kỳ]",False,False,syntax_error,,,,,False,False,False
qwen35-0.8b,2,F4-011,F4,P18-MWG24-related_party,False,0,strict,asset_growth,"growth(total_assets, 4)",Tăng trưởng tài sản cao thường đi kèm lợi suất thấp hơn.,line_item,total_assets,False,False,duplicate,,"growth(total_assets,4)",2,1,False,True,False
qwen35-0.8b,2,F4-011,F4,P18-MWG24-related_party,False,1,strict,profit_margin,net_income / equity,Lợi suất lợi nhuận sau thuế so với vốn chủ sở hữu là chỉ tiêu cơ bản cho phân bổ vốn.,line_item,equity,False,False,raw_division,,(net_income/equity),2,2,False,False,False
qwen35-0.8b,2,F4-011,F4,P18-MWG24-related_party,False,2,strict,liquidity_risk,short_term_receivables / receivables_customers,Rủi suất thanh toán ngắn hạn so với khả năng thanh toán dài hạn của khách hàng.,line_item,receivables_customers,False,False,raw_division,,(short_term_receivables/receivables_customers),2,2,False,False,False
qwen35-0.8b,2,F1-013,F1,P19-GAS17-commitments,False,0,strict,Công thức xếp hạng lợi suất theo lát cắt ngang dựa trên nợ tiềm tàng,"rank(cash_and_equivalents, k=1) + zscore(cash_and_equivalents, k=1) + contingent_liabilities_disclosed","Lực lượng nợ tiềm tàng (contingent_liabilities_disclosed) đóng vai trò then chốt trong việc xác định khả năng thanh toán nợ, giúp xếp hạng lợi suất cổ phiếu dựa trên khả năng trả nợ trước khi thanh toán. Nó ảnh hưởng trực tiếp đến tỷ suất sinh lợi suất và khả năng duy trì giá trị cổ phiếu.",note,"Theo chuẩn mực VAS, nợ tiềm tàng được xác định qua các biến như contingent_liabilities_disclosed và các biến liên quan đến khả năng thanh toán nợ.",False,False,syntax_error:keyword,,,,,False,False,False
qwen35-0.8b,2,F1-013,F1,P19-GAS17-commitments,False,1,strict,Công thức xếp hạng lợi suất dựa trên tổng tài sản và nợ,total_assets + total_liabilities + equity,"Tổng tài sản và nợ (bao gồm cả tài sản dở dang và nợ phải trả) là yếu tố then chốt trong việc xác định khả năng thanh toán. Khi tổng tài sản và nợ cao hơn, doanh nghiệp có khả năng thanh toán tốt hơn, dẫn đến lợi suất cao hơn.",line_item,Tổng tài sản và nợ phải trả được xác định qua các biến total_assets và total_liabilities.,False,True,,,(equity+total_assets+total_liabilities),3,3,False,False,False
qwen35-0.8b,2,F1-013,F1,P19-GAS17-commitments,False,2,strict,Công thức xếp hạng lợi suất dựa trên dòng tiền và lợi nhuận,cfo + net_income + equity,"Dòng tiền và lợi nhuận (bao gồm cả dòng tiền thuần từ hoạt động kinh doanh và lợi nhuận sau thuế) là các chỉ số quan trọng phản ánh khả năng sinh lời và khả năng thanh toán. Khi dòng tiền và lợi nhuận cao hơn, doanh nghiệp có khả năng duy trì giá trị cổ phiếu tốt hơn.",line_item,Dòng tiền và lợi nhuận được xác định qua các biến cfo và net_income.,False,True,,,(cfo+equity+net_income),3,3,False,False,False
qwen35-0.8b,2,F2-019,F2,P19-GAS17-commitments,False,0,recovered,Công thức xếp hạng lợi suất dựa trên cam kết vốn,"rank(cash_and_equivalents, k=1) + zscore(cash_and_equivalents, k=1) + log(growth(cash_and_equivalents, k=1), k=1)","Tăng tỷ trọng của biến cash_and_equivalents giúp nâng cao lợi suất, nhưng cần kiểm tra độ lệch chuẩn để tránh skewing. Log growth giúp phân tích động thái tăng trưởng.",note,Cam kết vốn: Tổng Công ty có các khoản cam kết vốn liên quan tối một số dự án đầu tư xây dựng cơ bản lớn đang thực hiện chưa hoàn thành sau: Số cuối năm | Số đầu năm VND | VND Kho cảng nhập khẩu LNG Sơn Mỹ | 33.502.059.832.769 | 33.583.719.522.095,False,False,syntax_error:keyword,,,,,False,True,False
qwen35-0.8b,2,F2-019,F2,P19-GAS17-commitments,False,1,recovered,Công thức xếp hạng lợi suất dựa trên nợ tiềm tàng,"conting_liabilities_disclosed + abs(cash_and_equivalents) + log(growth(cash_and_equivalents, k=1), k=1)","Nợ tiềm tàng (conting_liabilities_disclosed) là yếu tố then chốt trong cam kết, tăng tỷ trọng giúp nâng cao lợi suất. Log growth giúp phân tích động thái tăng trưởng.",note,"Cam kết khác: Cam kết mua khí từ chủ khí Lô 05.3 và 05.2 | Tôi thiếu 1,368 tỷ m3/năm | Đến hết giai đoạn bình ổn của Lô 05-2 và Lô 05-3",False,False,syntax_error:keyword,,,,,False,True,False
qwen35-0.8b,2,F3-015,F3,P19-GAS17-commitments,False,0,strict,accruals_to_assets,"safe_div(net_income - cfo, total_assets)","Phần lợi nhuận không đi kèm dòng tiền càng lớn thì chất lượng lợi nhuận càng thấp, lợi suất tương lai thường kém hơn (Sloan 1996).",line_item,"net_income, cfo, total_assets",False,False,copied_fewshot,,"safe_div((net_income-cfo),total_assets)",3,3,False,False,False
qwen35-0.8b,2,F3-015,F3,P19-GAS17-commitments,False,1,strict,contingent_liabilities_disclosed,contingent_liabilities_disclosed,"Lợi suất cổ phiếu phụ thuộc trực tiếp vào khả năng trả nợ tiềm tàng, cam kết và nợ vay. Khi có cam kết mua hàng hoặc bán hàng, nợ tiềm tàng sẽ tăng lên, làm giảm lợi suất và tăng rủi ro (Gulen 2007).",note,"cam kết vốn, cam kết khác, cam kết mua hàng, cam kết bán hàng",False,True,,,contingent_liabilities_disclosed,1,1,True,False,True
qwen35-0.8b,2,F3-015,F3,P19-GAS17-commitments,False,2,strict,contingent_liabilities_disclosed,contingent_liabilities_disclosed,"Lợi suất cổ phiếu phụ thuộc trực tiếp vào khả năng trả nợ tiềm tàng, cam kết và nợ vay. Khi có cam kết mua hàng hoặc bán hàng, nợ tiềm tàng sẽ tăng lên, làm giảm lợi suất và tăng rủi ro (Gulen 2007).",note,"cam kết vốn, cam kết khác, cam kết mua hàng, cam kết bán hàng",False,False,duplicate,,contingent_liabilities_disclosed,1,1,False,False,True
qwen35-0.8b,2,F4-012,F4,P19-GAS17-commitments,False,0,recovered,cfo_growth,"growth(cfo, 4)",Lợi nhuận từ hoạt động kinh doanh tăng trưởng thường phản ánh sức mạnh tài chính và khả năng phục hồi của doanh nghiệp.,line_item,cfo,False,True,,,"growth(cfo,4)",2,1,True,True,False
qwen35-0.8b,2,F4-012,F4,P19-GAS17-commitments,False,1,recovered,conting_liabilities_growth,"growth(conting_liabilities_disclosed, 4)","Sự tăng trưởng của các khoản nợ tiềm tàng hoặc cam kết thường đi kèm với rủi ro và khả năng thanh toán, ảnh hưởng trực tiếp đến lợi suất.",line_item,conting_liabilities_disclosed,False,False,unknown_var:conting_liabilities_disclosed,,"growth(conting_liabilities_disclosed,4)",2,1,False,True,False
qwen35-0.8b,2,F4-012,F4,P19-GAS17-commitments,False,2,recovered,total_assets_growth,"growth(total_assets, 4)","Tăng trưởng tổng tài sản thường đi kèm với tăng trưởng tổng lợi nhuận, cho thấy khả năng tăng trưởng của doanh nghiệp.",line_item,total_assets,False,False,duplicate,,"growth(total_assets,4)",2,1,False,True,False
qwen35-0.8b,2,F1-014,F1,P20-VNM24-segment,False,0,recovered,Công thức xếp hạng lợi suất theo lợi nhuận thuần,"rank(gross_profit, k=4, mean=gross_profit, std=gross_profit)","Lợi nhuận thuần là chỉ tiêu cơ bản cho việc phân bổ lợi nhuận. Việc xếp hạng dựa trên mean và std giúp xác định mức độ biến động của lợi nhuận thuần trong quý, từ đó đưa ra mức độ rủi ro và khả năng phục hồi.",note,Lợi nhuận thuần (operating_profit) được sử dụng để xác định mức độ biến động của lợi nhuận trong quý.,False,False,syntax_error:keyword,,,,,False,False,False
qwen35-0.8b,2,F1-014,F1,P20-VNM24-segment,False,1,recovered,Công thức xếp hạng lợi suất theo lợi nhuận gộp,"rank(gross_profit, k=4, mean=gross_profit, std=gross_profit)","Lợi nhuận gộp là chỉ tiêu trực tiếp phản ánh hiệu quả kinh doanh của doanh nghiệp. Việc xếp hạng dựa trên mean và std giúp xác định mức độ biến động của lợi nhuận gộp, từ đó đưa ra mức độ rủi ro và khả năng phục hồi.",line_item,Lợi nhuận gộp (gross_profit) được sử dụng để xác định mức độ biến động của lợi nhuận gộp trong quý.,False,False,syntax_error:keyword,,,,,False,False,False
qwen35-0.8b,2,F1-014,F1,P20-VNM24-segment,False,2,recovered,Công thức xếp hạng lợi suất theo lợi nhuận sau thuế,"rank(net_income, k=4, mean=net_income, std=net_income)","Lợi nhuận sau thuế là chỉ tiêu cuối cùng và cơ bản cho việc phân bổ lợi nhuận. Việc xếp hạng dựa trên mean và std giúp xác định mức độ biến động của lợi nhuận sau thuế, từ đó đưa ra mức độ rủi ro và khả năng phục hồi.",line_item,Lợi nhuận sau thuế (net_income) được sử dụng để xác định mức độ biến động của lợi nhuận sau thuế trong quý.,False,False,syntax_error:keyword,,,,,False,False,False
qwen35-0.8b,2,F2-020,F2,P20-VNM24-segment,False,0,strict,Công thức xếp hạng lợi suất theo khu vực địa lý,rank_segment = (gross_profit - selling_expense) / gross_profit,Công thức này xác định tỷ suất lợi nhuận thuần từ hoạt động kinh doanh cho từng bộ phận dựa trên giá vốn và chi phí bán hàng. Tỷ suất này phản ánh hiệu quả kinh doanh và khả năng cạnh tranh của từng khu vực địa lý.,note,Thông tin bộ phận được trình bày theo bộ phận chính yếu của Tập đoàn là dựa theo bộ phận chia theo khu vực địa lý.,False,False,syntax_error,,,,,False,False,False
qwen35-0.8b,2,F2-020,F2,P20-VNM24-segment,False,1,strict,Công thức xếp hạng lợi suất theo lợi nhuận gộp,profit_margin = gross_profit / gross_profit,Công thức này xác định tỷ suất lợi nhuận gộp cho từng bộ phận. Tỷ suất này phản ánh hiệu quả kinh doanh của từng bộ phận dựa trên giá vốn và lợi nhuận gộp.,line_item,Lợi nhuận gộp theo bộ phận được trình bày dựa vào vị trí địa lý của khách hàng tại Việt Nam.,False,False,syntax_error,,,,,False,False,False
qwen35-0.8b,2,F2-020,F2,P20-VNM24-segment,False,2,strict,Công thức xếp hạng lợi suất theo lợi nhuận sau thuế,net_profit_margin = net_income / gross_profit,Công thức này xác định tỷ suất lợi nhuận sau thuế cho từng bộ phận. Tỷ suất này phản ánh hiệu quả kinh doanh của từng bộ phận dựa trên lợi nhuận sau thuế và giá vốn.,note,Bộ phận chia theo khu vực địa lý là một hợp phần có thể xác định riêng biệt của Tập đoàn tham gia vào việc cung cấp các sản phẩm hoặc dịch vụ liên quan.,False,False,syntax_error,,,,,False,False,False
qwen35-0.8b,2,F3-016,F3,P20-VNM24-segment,False,0,strict,sga_intensity,"safe_div(selling_expense + admin_expense, gross_revenue)",Chi phí bán hàng và quản lý trên doanh thu cao làm biên lợi nhuận nhạy với biến động doanh số.,line_item,"selling_expense, admin_expense, gross_revenue",False,False,copied_fewshot,,"safe_div((admin_expense+selling_expense),gross_revenue)",3,3,False,False,False
qwen35-0.8b,2,F3-016,F3,P20-VNM24-segment,False,1,strict,earnings_yield,"safe_div(net_income, market_cap)",Lợi nhuận trên mỗi đồng vốn hoá cao cho thấy cổ phiếu đang rẻ so với khả năng sinh lời.,line_item,"net_income, market_cap",False,False,copied_fewshot,,"safe_div(net_income,market_cap)",2,2,False,False,False
qwen35-0.8b,2,F3-016,F3,P20-VNM24-segment,False,2,strict,asset_growth,"growth(total_assets, 4)","Doanh nghiệp mở rộng tài sản quá nhanh thường có lợi suất sau đó thấp hơn (Cooper, Gulen, Schill 2008).",line_item,total_assets,False,False,copied_fewshot,,"growth(total_assets,4)",2,1,False,True,False
qwen35-0.8b,2,F2-021,F2,P21-PC124-segment,False,0,recovered,Công thức xếp hạng lợi suất theo lợi nhuận gộp,"rank(gross_profit, k=4, source={""type"": ""note"", ""ref"": ""(78.532.757.514)""})",Lợi nhuận gộp là chỉ tiêu cơ bản phản ánh khả năng chuyển đổi giá trị từ sản phẩm sang giá trị trị giá. Việc xếp hạng dựa trên lợi nhuận gộp giúp doanh nghiệp xác định được mức độ hiệu quả của từng bộ phận trong việc khai thác giá trị nội bộ.,note,(78.532.757.514),True,False,"syntax_error:Dict,keyword",,,,,False,False,False
qwen35-0.8b,2,F2-021,F2,P21-PC124-segment,False,1,recovered,Công thức xếp hạng lợi suất theo lợi nhuận thuần,"rank(net_income, k=4, source={""type"": ""note"", ""ref"": ""(45.543.494.947)""})",Lợi nhuận thuần sau thuế thu nhập doanh nghiệp là chỉ tiêu phản ánh khả năng sinh tồn và phát triển của doanh nghiệp. Việc so sánh lợi nhuận thuần giúp doanh nghiệp xác định được mức độ hiệu quả của từng bộ phận trong việc khai thác lợi nhuận thuần.,note,(45.543.494.947),True,False,"syntax_error:Dict,keyword",,,,,False,False,False
qwen35-0.8b,2,F4-013,F4,P21-PC124-segment,False,0,recovered,gross_profit_growth,"greatest_diff(gross_profit, 4)",Lợi nhuận gộp tăng trưởng thường là dấu hiệu của hiệu quả quản trị và khả năng cạnh tranh.,line_item,gross_profit,False,False,unknown_func:greatest_diff,,"greatest_diff(gross_profit,4)",2,1,False,False,False
qwen35-0.8b,2,F4-013,F4,P21-PC124-segment,False,1,recovered,segment_performance,"greatest_diff(segment_disclosed, 4)","Lợi suất của từng bộ phận (ví dụ: bán hàng, chi phí) tăng trưởng thường phản ánh hiệu quả hoạt động của từng mảng.",line_item,segment_disclosed,False,False,unknown_func:greatest_diff,,"greatest_diff(segment_disclosed,4)",2,1,False,False,True
qwen35-0.8b,2,F4-013,F4,P21-PC124-segment,False,2,recovered,profit_margin_growth,"greatest_diff(gross_profit, 4)",Lợi suất lợi nhuận (lợi nhuận gộp / doanh thu) tăng trưởng thường là chỉ số đánh giá hiệu quả kinh doanh và khả năng cạnh tranh.,line_item,gross_profit,False,False,unknown_func:greatest_diff|duplicate,,"greatest_diff(gross_profit,4)",2,1,False,False,False
qwen35-0.8b,2,F2-022,F2,P22-PNJ17-tax,False,0,strict,Công thức xếp hạng lợi suất dựa trên chi phí thuế TNDN hiện hành,"rank(current_tax_expense, k=4) + zscore(current_tax_expense, k=4)",Chi phí thuế TNDN hiện hành là yếu tố then chốt ảnh hưởng trực tiếp đến lợi suất. Việc xếp hạng dựa trên chi phí này giúp doanh nghiệp có thể điều chỉnh chiến lược thu nhập và cải thiện hiệu quả tài chính.,note,Chi phí thuế thu nhập doanh nghiệp tính trên thu nhập tính thuế năm hiện hành,True,False,syntax_error:keyword,,,,,False,False,False
qwen35-0.8b,2,F2-022,F2,P22-PNJ17-tax,False,1,strict,Công thức xếp hạng lợi suất dựa trên lợi nhuận sau thuế,retained_earnings + other_income - current_tax_expense,Lợi nhuận sau thuế là thước đo hiệu quả kinh doanh chính. Việc tích hợp các dòng lợi nhuận khác (như thu nhập khác) và chi phí thuế TNDN để tính lợi nhuận sau thuế giúp doanh nghiệp có thể so sánh hiệu quả giữa các hoạt động kinh doanh.,line_item,Lợi nhuận sau thuế thu nhập doanh nghiệp,False,True,,,((other_income+retained_earnings)-current_tax_expense),3,3,False,False,False
qwen35-0.8b,2,F2-022,F2,P22-PNJ17-tax,False,2,strict,Công thức xếp hạng lợi suất dựa trên lợi nhuận từ hoạt động kinh doanh,operating_profit + pretax_profit - current_tax_expense,Lợi nhuận từ hoạt động kinh doanh là kết quả thực tế của doanh nghiệp. Việc tích hợp các dòng lợi nhuận khác (như lợi nhuận trước thuế) và chi phí thuế TNDN để tính lợi nhuận từ hoạt động kinh doanh giúp doanh nghiệp có thể phân tích hiệu quả chi phí và tăng trưởng.,line_item,Lợi nhuận từ hoạt động kinh doanh,False,True,,,((operating_profit+pretax_profit)-current_tax_expense),3,3,False,False,False
qwen35-0.8b,2,F3-017,F3,P22-PNJ17-tax,False,0,strict,accruals_to_assets,"safe_div(net_income - cfo, total_assets)","Phần lợi nhuận không đi kèm dòng tiền càng lớn thì chất lượng lợi nhuận càng thấp, lợi suất tương lai thường kém hơn (Sloan 1996).",line_item,"net_income, cfo, total_assets",False,False,copied_fewshot,,"safe_div((net_income-cfo),total_assets)",3,3,False,False,False
qwen35-0.8b,2,F3-017,F3,P22-PNJ17-tax,False,1,strict,tax_expense_ratio,"safe_div(current_tax_expense, revenue)","Tỷ trọng chi phí thuế TNDN trên doanh thu cho thấy mức độ chi phí thực hiện so với doanh thu, ảnh hưởng trực tiếp đến lợi suất và khả năng tái sử dụng vốn (Sloan 1996).",line_item,current_tax_expense,False,True,,,"safe_div(current_tax_expense,revenue)",2,2,True,False,False
qwen35-0.8b,2,F3-017,F3,P22-PNJ17-tax,False,2,strict,profit_margin,"safe_div(retained_earnings, equity)","Lợi nhuận sau thuế chưa phân phối trên vốn chủ sở hữu cho thấy tỷ suất lợi nhuận thực tế, ảnh hưởng đến khả năng tái sử dụng vốn và giá trị cổ phiếu (Sloan 1996).",line_item,"retained_earnings, equity",False,True,,,"safe_div(retained_earnings,equity)",2,2,True,False,False
qwen35-0.8b,2,F1-015,F1,P23-VCB24-bank_loans,True,0,recovered,Công thức xếp hạng lợi suất cổ phiếu dựa trên chất lượng danh mục cho vay,"rank(cfo, k=4), zscore(cfo, k=4), rank(adv20, k=4), zscore(adv20, k=4)","Lập công thức dựa trên các chỉ số dòng tiền thuần (cfo, cfi, cff) và giá trị giao dịch bình quân 20 phiên (adv20) để đánh giá khả năng phục hồi tài sản và khả năng thanh toán, giúp xác định mức độ rủi ro tín dụng và khả năng phục hồi của ngân hàng.",note,"Dựa trên mô hình VAS chuẩn mực, công thức này tập trung vào dòng tiền thuần và khả năng thanh toán để xác định chất lượng danh mục cho vay.",False,False,"syntax_error:Tuple,keyword",,,,,False,False,False
qwen35-0.8b,2,F1-015,F1,P23-VCB24-bank_loans,True,1,recovered,Công thức xếp hạng lợi suất cổ phiếu dựa trên khả năng phục hồi tài sản,"rank(adv20, k=4), zscore(adv20, k=4), zscore(cfo, k=4), zscore(cfi, k=4)","Lập công thức dựa trên khả năng phục hồi tài sản thông qua các chỉ số dòng tiền thuần (cfo, cfi) và giá trị giao dịch bình quân 20 phiên (adv20) để đánh giá mức độ rủi ro tín dụng và khả năng thanh toán.",line_item,"Dựa trên mô hình VAS chuẩn mực, công thức này tập trung vào khả năng phục hồi tài sản và khả năng thanh toán để xác định mức độ rủi ro tín dụng.",False,False,"syntax_error:Tuple,keyword",,,,,False,False,False
qwen35-0.8b,2,F2-023,F2,P23-VCB24-bank_loans,True,0,strict,Công thức xếp hạng lợi suất dựa trên dư nợ ngắn hạn,rank_short_term_ratio = (short_term_nợ / total_assets) / (short_term_nợ / total_assets),"Công thức này xác định tỷ trọng của nợ ngắn hạn so với tổng tài sản, phản ánh mức độ rủi ro tín dụng trực tiếp và khả năng thanh toán của doanh nghiệp.",note,Nợ ngắn hạn được ghi nhận là 915.576.792 triệu VND so với tổng tài sản 1.449.198.899 triệu VND.,False,False,syntax_error,,,,,False,False,False
qwen35-0.8b,2,F2-023,F2,P23-VCB24-bank_loans,True,1,strict,Công thức xếp hạng lợi suất dựa trên dư nợ dài hạn,rank_long_term_ratio = (long_term_nợ / total_assets) / (long_term_nợ / total_assets),"Công thức này so sánh tỷ trọng của nợ dài hạn với tổng tài sản, giúp đánh giá mức độ rủi ro dài hạn và khả năng thanh toán của doanh nghiệp.",note,Nợ dài hạn được ghi nhận là 474.168.398 triệu VND so với tổng tài sản 1.449.198.899 triệu VND.,False,False,syntax_error,,,,,False,False,False
qwen35-0.8b,2,F2-023,F2,P23-VCB24-bank_loans,True,2,strict,Công thức xếp hạng lợi suất dựa trên tổng dư nợ,total_nợ_ratio = (total_nợ / total_assets) / (total_nợ / total_assets),"Công thức này tổng hợp tất cả các khoản nợ (nợ ngắn hạn, trung hạn, dài hạn, nợ khác) để đánh giá tổng rủi ro tín dụng của doanh nghiệp.",note,"Tổng dư nợ bao gồm cả các khoản nợ ngắn hạn, trung hạn, dài hạn và các khoản nợ khác như nợ nghi ngờ, có khả năng mất vốn, nợ dưới tiêu chuẩn, nợ cần chú ý và nợ có khả năng mất vốn.",False,False,syntax_error,,,,,False,False,False
qwen35-0.8b,2,F3-018,F3,P23-VCB24-bank_loans,True,0,strict,rho_change,"delta(safe_div(net_income, mean(equity, 4)), 4)",Cải thiện tỷ suất sinh lời trên vốn chủ so với cùng kỳ năm trước báo hiệu chất lượng hoạt động đi lên.,line_item,"net_income, equity",False,False,copied_fewshot,,"delta(safe_div(net_income,mean(equity,4)),4)",4,2,False,True,False
qwen35-0.8b,2,F3-018,F3,P23-VCB24-bank_loans,True,1,strict,book_to_market,"safe_div(equity, market_cap)",Giá trị sổ sách cao so với vốn hoá là nhân tố giá trị kinh điển (Fama & French 1992).,line_item,"equity, market_cap",False,False,copied_fewshot,,"safe_div(equity,market_cap)",2,2,False,False,False
qwen35-0.8b,2,F3-018,F3,P23-VCB24-bank_loans,True,2,strict,accruals_to_assets,"safe_div(net_income - cfo, total_assets)","Phần lợi nhuận không đi kèm dòng tiền càng lớn thì chất lượng lợi nhuận càng thấp, lợi suất tương lai thường kém hơn (Sloan 1996).",line_item,"net_income, cfo, total_assets",False,False,copied_fewshot,,"safe_div((net_income-cfo),total_assets)",3,3,False,False,False
qwen35-0.8b,2,F4-014,F4,P23-VCB24-bank_loans,True,0,recovered,risk_weighted_asset_growth,"growth(total_assets, 4)","Tăng trưởng tài sản nhanh thường đi kèm rủi ro tín dụng cao, giúp xác định mức độ rủi ro tài sản.",line_item,total_assets,False,False,duplicate,,"growth(total_assets,4)",2,1,False,True,False
qwen35-0.8b,2,F4-014,F4,P23-VCB24-bank_loans,True,1,recovered,risk_weighted_equity_growth,"growth(equity, 4)","Tăng trưởng vốn chủ sở hữu nhanh thường đi kèm lợi suất cổ phiếu cao, giúp xác định mức độ rủi ro vốn.",line_item,equity,False,True,,,"growth(equity,4)",2,1,True,True,False
qwen35-0.8b,2,F4-014,F4,P23-VCB24-bank_loans,True,2,recovered,profit_margin_growth,"growth(pretax_profit, 4)","Tăng trưởng lợi nhuận trước thuế thường đi kèm lợi suất cổ phiếu cao, giúp xác định mức độ rủi ro lợi nhuận.",line_item,pretax_profit,False,True,,,"growth(pretax_profit,4)",2,1,True,True,False
qwen35-0.8b,2,F1-016,F1,P24-SHB17-bank_loans,True,0,strict,Công thức xếp hạng lợi suất cổ phiếu dựa trên chất lượng danh mục cho vay,"rank_zscore = zscore(net_income, k) / (std(net_income, k) + 1)","Lực lượng danh mục cho vay được xác định bằng tỷ số zscore của lợi nhuận sau thuế so với biến số dư, cho thấy mức độ rủi ro tín dụng thấp hơn khi zscore lớn hơn 1.0",note,"Chi tiết: Công thức zscore được tính bằng lợi nhuận sau thuế chia cho biến số dư, đảm bảo tỷ số zscore >= 1.0 cho lợi suất cao",False,False,syntax_error,,,,,False,True,False
qwen35-0.8b,2,F1-016,F1,P24-SHB17-bank_loans,True,1,strict,Công thức xếp hạng lợi suất cổ phiếu dựa trên chất lượng danh mục cho vay và rủi ro,"rank_zscore = zscore(net_income, k) / (std(net_income, k) + 1)","Lực lượng danh mục cho vay được xác định bằng tỷ số zscore của lợi nhuận sau thuế so với biến số dư, cho thấy mức độ rủi ro tín dụng thấp hơn khi zscore lớn hơn 1.0",line_item,"Chi tiết: Công thức zscore được tính bằng lợi nhuận sau thuế chia cho biến số dư, đảm bảo tỷ số zscore >= 1.0 cho lợi suất cao",False,False,syntax_error,,,,,False,True,False
qwen35-0.8b,2,F1-016,F1,P24-SHB17-bank_loans,True,2,strict,Công thức xếp hạng lợi suất cổ phiếu dựa trên chất lượng danh mục cho vay và rủi ro,"rank_zscore = zscore(net_income, k) / (std(net_income, k) + 1)","Lực lượng danh mục cho vay được xác định bằng tỷ số zscore của lợi nhuận sau thuế so với biến số dư, cho thấy mức độ rủi ro tín dụng thấp hơn khi zscore lớn hơn 1.0",line_item,"Chi tiết: Công thức zscore được tính bằng lợi nhuận sau thuế chia cho biến số dư, đảm bảo tỷ số zscore >= 1.0 cho lợi suất cao",False,False,syntax_error,,,,,False,True,False
qwen35-0.8b,2,F2-024,F2,P24-SHB17-bank_loans,True,0,recovered,Công thức xếp hạng lợi suất cổ phiếu dựa trên tỷ trọng nợ ngắn hạn,rank_short_term_ratio = (short_term_ratio / total_assets) * 100,"Tỷ trọng nợ ngắn hạn cao phản ánh khả năng thanh toán nhanh của doanh nghiệp, giúp xác định mức độ rủi ro tín dụng và xếp hạng lợi suất.",note,11.2 Phân tích dư nợ theo thời gian cho vay ban đầu: Nợ ngắn hạn = 83.106.717 / 198.290.566 = 41.94%,False,False,syntax_error,,,,,False,False,False
qwen35-0.8b,2,F2-024,F2,P24-SHB17-bank_loans,True,1,recovered,Công thức xếp hạng lợi suất cổ phiếu dựa trên tỷ trọng nợ dài hạn,rank_long_term_ratio = (long_term_ratio / total_assets) * 100,"Tỷ trọng nợ dài hạn cao cho thấy doanh nghiệp có khả năng thanh toán lâu dài, giảm thiểu rủi ro vỡ nợ và nâng cao khả năng phục hồi.",line_item,11.2 Phân tích dư nợ theo thời gian cho vay ban đầu: Nợ dài hạn = 61.749.892 / 198.290.566 = 31.02%,False,False,syntax_error,,,,,False,False,False
qwen35-0.8b,2,F3-019,F3,P24-SHB17-bank_loans,True,0,strict,tỷ suất lợi nhuận từ dòng tiền thuần,"safe_div(cfo, net_income)","Lợi nhuận từ dòng tiền thuần (cfo) là chỉ tiêu cơ bản cho chất lượng lợi nhuận, giúp xác định mức độ hiệu quả của hoạt động kinh doanh và khả năng phục hồi của doanh nghiệp.",line_item,"cfo, net_income",False,True,,,"safe_div(cfo,net_income)",2,2,True,False,False
qwen35-0.8b,2,F3-019,F3,P24-SHB17-bank_loans,True,1,strict,tỷ suất lợi nhuận từ dòng tiền thuần,"safe_div(cfo, total_assets)",Lợi nhuận từ dòng tiền thuần (cfo) cao hơn so với tổng tài sản (total_assets) cho thấy doanh nghiệp có khả năng phục hồi tốt hơn và chất lượng lợi nhuận cao hơn.,line_item,"cfo, total_assets",False,True,,,"safe_div(cfo,total_assets)",2,2,True,False,False
qwen35-0.8b,2,F3-019,F3,P24-SHB17-bank_loans,True,2,strict,tỷ suất lợi nhuận từ dòng tiền thuần,"safe_div(cfo, equity)",Lợi nhuận từ dòng tiền thuần (cfo) cao hơn so với vốn chủ sở hữu (equity) cho thấy doanh nghiệp có khả năng phục hồi tốt hơn và chất lượng lợi nhuận cao hơn.,line_item,"cfo, equity",False,True,,,"safe_div(cfo,equity)",2,2,True,False,False
qwen35-0.8b,2,F1-017,F1,P25-BVS24-fin_assets,True,0,recovered,Công thức xếp hạng lợi suất cổ phiếu dựa trên tỷ suất sinh (ROE),rank_roe = (mean(ROE) - mean(ROE)) / std(ROE),"Tăng độ chính xác bằng trung bình và biến thiên của tỷ suất sinh, giúp xác định mức độ biến động rủi ro của lợi suất cổ phiếu trong quý.",note,"Tăng độ chính xác bằng trung bình và biến thiên của tỷ suất sinh, giúp xác định mức độ biến động rủi ro của lợi suất cổ phiếu trong quý.",False,False,syntax_error,,,,,False,True,False
qwen35-0.8b,2,F1-017,F1,P25-BVS24-fin_assets,True,1,recovered,Công thức xếp hạng lợi suất cổ phiếu dựa trên tỷ suất sinh (ROE) và tỷ số nợ,rank_roe = (mean(ROE) - mean(ROE)) / std(ROE) + (mean(ROE) - mean(ROE)) / std(ROE) * (1 - abs(related_party_disclosed / audit_opinion_qualified / contingent_liabilities_disclosed)),"Tăng độ chính xác bằng trung bình và biến thiên của tỷ suất sinh, đồng thời điều chỉnh độ chính xác dựa trên mức độ rủi ro từ các yếu tố liên quan và kiểm toán.",line_item,"Tăng độ chính xác bằng trung bình và biến thiên của tỷ suất sinh, đồng thời điều chỉnh độ chính xác dựa trên mức độ rủi ro từ các yếu tố liên quan và kiểm toán.",False,False,syntax_error,,,,,False,True,False
qwen35-0.8b,2,F2-025,F2,P25-BVS24-fin_assets,True,0,recovered,Công thức xếp hạng lợi suất dựa trên tổng tài sản ghi nhận theo giá gốc,rank_factor = (total_assets - equity) / total_assets,"Công thức này xác định tỷ trọng tương đối giữa tài sản ghi nhận và vốn chủ sở hữu, phản ánh mức độ thanh toán tài chính và khả năng thanh toán tài chính của công ty.",note,TỔNG CỘNG | 100.055.254.729 | 164.918.492.047 | 114.168.071.392 | 100.554.759.749 | 149.585.337.067 | 96.530.493.472,True,False,syntax_error,,,,,False,False,False
qwen35-0.8b,2,F2-025,F2,P25-BVS24-fin_assets,True,1,recovered,Công thức xếp hạng lợi suất dựa trên tổng lợi nhuận kế toán trước thuế,rank_factor = pretax_profit / equity,"Công thức này so sánh lợi nhuận kế toán trước thuế với vốn chủ sở hữu, cho thấy mức độ hiệu quả của hoạt động kinh doanh và khả năng trả nợ.",note,Tổng lợi nhuận kế toán trước thuế | 107.150.483.000 | 171.558.966.109 | 168.617.582.109 | 122.436.240.806 | 176.369.900.314 | 173.428.516.314,False,False,syntax_error,,,,,False,False,False
qwen35-0.8b,2,F4-015,F4,P25-BVS24-fin_assets,True,0,strict,rank_zscore,"rank(zscore(net_income, 4), equity, 4)","Xếp hạng lợi suất dựa trên mức độ biến động của lợi nhuận so với vốn chủ sở hữu, giúp xác định doanh nghiệp có khả năng phục hồi tốt hơn.",line_item,"net_income, equity",False,False,bad_arity:rank|bad_arity:zscore,,"rank(zscore(net_income,4),equity,4)",3,2,False,False,False
qwen35-0.8b,2,F4-015,F4,P25-BVS24-fin_assets,True,1,strict,growth_total_assets,"growth(total_assets, 4)","Tăng trưởng tài sản cao thường đi kèm với tăng trưởng lợi suất, cho thấy khả năng tăng trưởng bền vững của công ty.",line_item,total_assets,False,False,duplicate,,"growth(total_assets,4)",2,1,False,True,False
qwen35-0.8b,2,F4-015,F4,P25-BVS24-fin_assets,True,2,strict,profit_margin,"log(growth(net_income, 4), equity, 4)","Lợi suất tăng trưởng cao thường đi kèm với tăng trưởng lợi nhuận, cho thấy khả năng tăng trưởng bền vững của công ty.",line_item,"net_income, equity",False,False,bad_arity:log,,"log(growth(net_income,4),equity,4)",3,2,False,True,False
qwen35-2b,0,F1-001,F1,P01-ANV17-inventory,False,0,strict,Inventory_Delta_Equity_Ratio,(current_assets - inventory) / (current_assets - inventory_writedown),"Đánh giá tốc độ thanh khoản tài sản ngắn hạn so với mức tồn kho, điều chỉnh bằng cách trừ dự phòng giảm giá để phản ánh giá trị thực có thể chuyển đổi thành dòng tiền.",note,Tài sản ngắn hạn = Tài sản ngắn hạn - Hàng tồn kho; Vốn chủ sở hữu = Vốn chủ sở hữu + Doanh thu thuần - Giá vốn hàng bán + Lợi nhuận gộp - Lợi nhuận sau thuế.,False,False,raw_division,,((current_assets-inventory)/(current_assets-inventory_writedown)),3,3,False,False,False
qwen35-2b,0,F2-001,F2,P01-ANV17-inventory,False,0,strict,inventory_writedown_ratio,"safe_div(inventory_writedown, inventory)","Chỉ tiêu này đo lường mức độ suy giảm giá trị tài sản ngắn hạn do dự phòng giảm giá, phản ánh hiệu quả quản lý tồn kho và khả năng thanh toán rủi ro. Giá trị càng dương (hoặc âm khi có giảm giá lớn) thì lợi suất cổ phiếu thường càng cao do giảm thiểu rủi ro và tăng dòng tiền.",note,"Dự phòng giảm giá hàng tồn kho được lập cho từng mặt hàng tồn kho có giá gốc lớn hơn giá trị thuần có thể thực hiện được. Tăng, giảm số dư dự phòng giảm giá hàng tồn kho cần phải trích lập tại ngày kết thúc năm tài chính được ghi nhận vào giá vốn hàng bán.",True,True,,,"safe_div(inventory_writedown,inventory)",2,2,True,False,False
qwen35-2b,0,F3-001,F3,P01-ANV17-inventory,False,0,recovered,inventory_writedown_ratio,"safe_div(inventory_writedown, inventory_gross)","Tỷ lệ trích lập dự phòng giảm giá so với giá vốn hàng bán cho thấy mức độ suy giảm giá trị thực tế của hàng tồn kho, tác động trực tiếp đến dòng tiền và khả năng sinh lời.",note,Dự phòng giảm giá hàng tồn kho được lập cho từng mặt hàng tồn kho có giá gốc lớn hơn giá trị thuần có thể thực hiện được.,True,True,,,"safe_div(inventory_writedown,inventory_gross)",2,2,True,False,False
qwen35-2b,0,F3-001,F3,P01-ANV17-inventory,False,1,recovered,inventory_turnover_quality,"safe_div(revenue, inventory)","Chỉ số quay vòng hàng tồn kho cao cho thấy doanh nghiệp bán hàng hiệu quả, giảm áp lực lưu kho và tăng lợi suất.",line_item,"Giá trị thuần có thể thực hiện được là giá bán ước tính của hàng tồn kho trong kỳ sản xuất, kinh doanh bình thường trừ chi phí ước tính để hoàn thành và chi phí ước tính cần thiết cho việc tiêu thụ chúng.",False,True,,,"safe_div(revenue,inventory)",2,2,True,False,False
qwen35-2b,0,F3-001,F3,P01-ANV17-inventory,False,2,recovered,write_off_impact,"safe_div(inventory_writedown, safe_div(current_assets, inventory))",So sánh số dư dự phòng giảm giá với giá trị tài sản ngắn hạn có thể thực hiện được để đánh giá mức độ suy giảm giá trị thực tế của dòng tiền.,line_item,Hàng tồn kho được ghi nhận theo giá thấp hơn giữa giá gốc và giá trị thuần có thể thực hiện được.,False,True,,,"safe_div(inventory_writedown,safe_div(current_assets,inventory))",3,3,True,False,False
qwen35-2b,0,F4-001,F4,P01-ANV17-inventory,False,0,strict,inventory_write_off_ratio,"safe_div(gross_profit, safe_div(current_assets, safe_div(current_liabilities, inventory_writedown)))","Tỷ lệ giảm giá so với lợi nhuận gộp phản ánh mức độ suy giảm giá trị tài sản ngắn hạn, ảnh hưởng trực tiếp đến dòng tiền và khả năng thanh toán.",line_item,"gross_profit, current_assets, current_liabilities, inventory_writedown",False,True,,,"safe_div(gross_profit,safe_div(current_assets,safe_div(current_liabilities,inventory_writedown)))",4,4,True,False,False
qwen35-2b,0,F1-002,F1,P02-HPG24-inventory,False,0,recovered,Inventory_Shock_Index,(inventory - current_assets) / inventory,"Đo lường mức độ sụt giảm đột ngột của hàng tồn kho so với tài sản ngắn hạn, phản ánh tác động trực tiếp của việc giảm giá hàng tồn kho lên dòng tiền và khả năng thanh toán.",line_item,Tài sản ngắn hạn (current_assets) và Hàng tồn kho thuần (inventory),False,False,raw_division,,((inventory-current_assets)/inventory),3,2,False,False,False
qwen35-2b,0,F1-002,F1,P02-HPG24-inventory,False,1,recovered,Write_Off_Effectiveness,inventory_writedown / inventory,"Xác định tỷ lệ giảm giá thực tế so với giá gốc, đo lường mức độ suy giảm giá trị tài sản và tác động đến lợi nhuận gộp.",line_item,"Dự phòng giảm giá hàng tồn kho (inventory_writedown) và Hàng tồn kho (gốc, trước dự phòng) (inventory_gross)",False,False,raw_division,,(inventory_writedown/inventory),2,2,False,False,False
qwen35-2b,0,F1-002,F1,P02-HPG24-inventory,False,2,recovered,Cash_Flow_Elasticity,cfo / current_assets,"Phân tích mối tương quan giữa dòng tiền thuần từ hoạt động kinh doanh và tài sản ngắn hạn, đánh giá khả năng chuyển đổi tài sản thành dòng tiền thực tế.",line_item,Lưu chuyển tiền thuần từ hoạt động kinh doanh (cfo) và Tài sản ngắn hạn (current_assets),False,False,raw_division,,(cfo/current_assets),2,2,False,False,False
qwen35-2b,0,F1-002,F1,P02-HPG24-inventory,False,3,recovered,Inventory_Risk_Ratio,(inventory_gross - inventory) / total_assets,"Đo lường mức độ rủi ro về giá trị tài sản bị suy giảm so với tổng tài sản, phản ánh tác động của giảm giá lên cấu trúc tài sản tổng thể.",line_item,"Hàng tồn kho (gốc, trước dự phòng) (inventory_gross) và Tổng cộng tài sản (total_assets)",False,False,raw_division,,((inventory_gross-inventory)/total_assets),3,3,False,False,False
qwen35-2b,0,F1-002,F1,P02-HPG24-inventory,False,4,recovered,Net_Income_Shock,net_income / inventory,"Xác định mức tăng trưởng lợi nhuận sau thuế trên mỗi đơn vị hàng tồn kho, phản ánh hiệu quả kinh doanh trong việc quản lý tồn kho.",line_item,Lợi nhuận sau thuế thu nhập doanh nghiệp (net_income) và Hàng tồn kho (inventory),False,False,raw_division,,(net_income/inventory),2,2,False,False,False
qwen35-2b,0,F2-002,F2,P02-HPG24-inventory,False,0,strict,Inventory_Gross_Equity_Ratio,(inventory_gross - inventory_writedown) / current_assets,"Xác định tỷ lệ vốn hóa hàng tồn kho thuần so với tài sản ngắn hạn, phản ánh khả năng thanh khoản và chất lượng tài sản lưu chuyển của doanh nghiệp.",line_item,"Hàng tồn kho (gốc, trước dự phòng) / TÀI SẢN NGẮN HẠN",False,False,raw_division,,((inventory_gross-inventory_writedown)/current_assets),3,3,False,False,False
qwen35-2b,0,F3-002,F3,P02-HPG24-inventory,False,0,strict,inventory_writedown_ratio,"safe_div(inventory_writedown, inventory_gross)","Tỷ lệ giảm giá hàng tồn kho so với giá gốc cho thấy mức độ suy giảm giá trị tài sản và rủi ro thanh khoản, ảnh hưởng trực tiếp đến dòng tiền và lợi nhuận.",line_item,"10.2 Dài hạn... Thiết bị, vật tư, phụ tùng thay thế dài hạn | 429.422.385.383 | - | - | -",False,False,duplicate,,"safe_div(inventory_writedown,inventory_gross)",2,2,False,False,False
qwen35-2b,0,F1-003,F1,P03-PNJ24-inventory,False,0,strict,Inventory_Shock_Index,(inventory - current_assets) / inventory,"Đo lường mức độ sụt giảm đột ngột của hàng tồn kho so với tài sản ngắn hạn, phản ánh tác động trực tiếp của việc giảm giá hàng tồn kho lên dòng tiền và khả năng thanh toán.",line_item,Tài sản ngắn hạn (current_assets) và Hàng tồn kho thuần (inventory) là các chỉ tiêu tài chính cơ bản.,False,False,raw_division|duplicate,,((inventory-current_assets)/inventory),3,2,False,False,False
qwen35-2b,0,F2-003,F2,P03-PNJ24-inventory,False,0,strict,Inventory_Writedown_Periodic_Amount,"safe_div(inventory_writedown, safe_div(current_assets, safe_div(current_liabilities, 0)))","Công thức này đo lường mức độ suy giảm giá trị tài sản ngắn hạn do dự phòng giảm giá hàng tồn kho, tương tự như việc giảm giá vốn hàng bán. Sự gia tăng hoặc giảm của chỉ tiêu này thường phản ánh các thay đổi về chất lượng hàng hóa, rủi ro tồn kho hoặc các khoản giảm giá thực tế, từ đó tác động trực tiếp đến lợi nhuận gộp và lợi nhuận sau thuế.",note,Biến động về dự phòng giảm giá hàng tồn kho trong năm tài chính như sau: | 2024VND | 2023VND | Số dư đầu năm | 3.811.047.508 | 2.010.094.632 | Tăng dự phòng (Thuyết minh 29) | 55.605.403.095 | 1.800.952.876 | Số dư cuối năm | 59.416.450.603 | 3.811.047.508,False,True,,,"safe_div(inventory_writedown,safe_div(current_assets,safe_div(current_liabilities,0)))",4,3,True,False,False
qwen35-2b,0,F4-002,F4,P03-PNJ24-inventory,False,0,strict,inventory_write_off_ratio,"safe_div(gross_profit, safe_div(current_assets, safe_div(current_liabilities, inventory_writedown)))","Tỷ lệ giảm giá so với lợi nhuận gộp phản ánh mức độ suy giảm giá trị tài sản ngắn hạn so với doanh thu, giúp xếp hạng cổ phiếu có rủi ro giảm giá cao.",line_item,"gross_profit, current_assets, current_liabilities, inventory_writedown",False,False,duplicate,,"safe_div(gross_profit,safe_div(current_assets,safe_div(current_liabilities,inventory_writedown)))",4,4,False,False,False
qwen35-2b,0,F4-002,F4,P03-PNJ24-inventory,False,1,strict,inventory_turnover_quality,"safe_div(growth(inventory, 4), safe_div(current_assets, safe_div(current_liabilities, inventory_writedown)))","Tỷ lệ quay vòng hàng tồn kho so với tài sản và nợ ngắn hạn cho thấy khả năng quản lý kho hiệu quả, giảm giá thấp hơn.",line_item,"growth(inventory, 4), current_assets, current_liabilities, inventory_writedown",False,True,,,"safe_div(growth(inventory,4),safe_div(current_assets,safe_div(current_liabilities,inventory_writedown)))",4,4,True,True,False
qwen35-2b,0,F4-002,F4,P03-PNJ24-inventory,False,2,strict,write_off_impact_on_profit,"safe_div(inventory_writedown, safe_div(gross_profit, safe_div(current_assets, safe_div(current_liabilities))))",Tỷ lệ giảm giá trên lợi nhuận gộp đo lường mức độ ảnh hưởng trực tiếp của dự phòng giảm giá đến lợi nhuận doanh nghiệp.,line_item,"inventory_writedown, gross_profit, current_assets, current_liabilities",False,False,bad_arity:safe_div,,"safe_div(inventory_writedown,safe_div(gross_profit,safe_div(current_assets,safe_div(current_liabilities))))",5,4,False,False,False
qwen35-2b,0,F1-004,F1,P04-GAS24-receivables,False,0,strict,Growth_Receivables_Customers,"(revenue - provision_doubtful_debt) * safe_div(receivables_customers, current_assets)","Công thức này đo lường tốc độ tăng trưởng của khoản phải thu ngắn hạn của khách hàng so với doanh thu thuần, điều chỉnh bằng việc trừ dự phòng khó đòi. Sự tăng trưởng này phản ánh khả năng doanh nghiệp thu hồi nợ từ khách hàng, từ đó tác động trực tiếp đến dòng tiền và lợi nhuận sau thuế.",note,"Tăng trưởng của khoản phải thu ngắn hạn của khách hàng so với doanh thu thuần, điều chỉnh bằng việc trừ dự phòng khó đòi.",False,True,,,"((revenue-provision_doubtful_debt)*safe_div(receivables_customers,current_assets))",3,4,True,False,False
qwen35-2b,0,F2-004,F2,P04-GAS24-receivables,False,0,strict,receivables_customers_growth_rate,(receivables_customers - current_assets) / current_assets,"Công thức này đo lường tốc độ tăng trưởng của các khoản phải thu ngắn hạn so với tài sản ngắn hạn, phản ánh khả năng chuyển đổi tài sản thành dòng tiền từ khách hàng khó đòi. Tăng trưởng dương có thể dẫn đến lợi nhuận tăng nếu khách hàng không trả nợ.",note,"Tại ngày 31 tháng 12 năm 2024, số dư các khoản phải thu ngắn hạn của khách hàng khó có khả năng thu hồi lần lượt là 5.441.791.177.829 Đồng...",False,False,raw_division,,((receivables_customers-current_assets)/current_assets),3,2,False,False,False
qwen35-2b,0,F2-004,F2,P04-GAS24-receivables,False,1,strict,receivables_customers_to_revenue_ratio,receivables_customers / revenue,Chỉ số tỷ lệ phải thu ngắn hạn trên doanh thu thuần cho thấy mức độ rủi ro tín dụng của khách hàng đối với doanh nghiệp. Tỷ lệ cao có thể báo hiệu rủi ro mất thu hoặc doanh thu không đủ để bù đắp khoản phải thu.,line_item,Bên thứ ba (*) | 11.637.281.488.165 | 8.262.139.798.385,False,False,raw_division,,(receivables_customers/revenue),2,2,False,False,False
qwen35-2b,0,F2-004,F2,P04-GAS24-receivables,False,2,strict,receivables_customers_to_equity_ratio,receivables_customers / equity,Chỉ số này đo lường mức độ phụ thuộc vào các khoản phải thu ngắn hạn của khách hàng so với vốn chủ sở hữu. Tỷ lệ cao có thể làm giảm khả năng thanh toán và tăng rủi ro biến động giá trị tài sản.,line_item,Bên thứ ba (*) | 11.637.281.488.165 | 8.262.139.798.385,False,False,raw_division,,(receivables_customers/equity),2,2,False,False,False
qwen35-2b,0,F3-003,F3,P04-GAS24-receivables,False,0,recovered,receivables_customers_to_revenue_ratio,"safe_div(receivables_customers, revenue)",Tỷ lệ phải thu ngắn hạn của khách hàng so với doanh thu cho thấy mức độ rủi ro tín dụng; tỷ lệ cao có thể báo hiệu cổ phiếu đang bị ép giá do khó thu hồi.,note,Bên thứ ba (*) Chi tiết khách hàng bên thu ba có số dư chiếm từ 10% trở lên trong tổng số dư phải thu ngắn hạn của khách hàng như sau:,False,True,,,"safe_div(receivables_customers,revenue)",2,2,True,False,False
qwen35-2b,0,F3-003,F3,P04-GAS24-receivables,False,1,recovered,receivables_customers_growth,"safe_div(delta(receivables_customers, 4), delta(receivables_customers, 3))","Tăng trưởng của các khoản phải thu ngắn hạn so với kỳ trước phản ánh tốc độ tăng trưởng của doanh thu và chất lượng thu hồi nợ, là yếu tố then chốt cho lợi suất.",line_item,Bên thứ ba (*) Chi tiết khách hàng bên thu ba có số dư chiếm từ 10% trở lên trong tổng số dư phải thu ngắn hạn của khách hàng như sau:,False,False,bad_lag:delta,,"safe_div(delta(receivables_customers,4),delta(receivables_customers,3))",3,1,False,True,False
qwen35-2b,0,F3-003,F3,P04-GAS24-receivables,False,2,recovered,receivables_customers_to_total_revenue,"safe_div(receivables_customers, total_assets)",So sánh số dư phải thu ngắn hạn với tổng tài sản giúp đánh giá cấu trúc tài sản và khả năng thanh toán; tỷ lệ cao có thể chỉ thị cổ phiếu đang có dòng tiền đi vào chậm.,line_item,Bên thứ ba (*) Chi tiết khách hàng bên thu ba có số dư chiếm từ 10% trở lên trong tổng số dư phải thu ngắn hạn của khách hàng như sau:,False,True,,,"safe_div(receivables_customers,total_assets)",2,2,True,False,False
qwen35-2b,0,F4-003,F4,P04-GAS24-receivables,False,0,strict,receivables_customers_margin,"growth(receivables_customers, 4) - safe_div(current_assets, 4)","Tăng trưởng của khoản phải thu ngắn hạn so với tài sản ngắn hạn phản ánh khả năng thu hồi nợ và tạo ra dòng tiền từ khách hàng, là yếu tố then chốt cho lợi suất.",line_item,"receivables_customers, current_assets",False,True,,,"(growth(receivables_customers,4)-safe_div(current_assets,4))",3,2,True,True,False
qwen35-2b,0,F2-005,F2,P05-HUT24-receivables,False,0,strict,receivables_customers_recovery_rate,(receivables_customers - provision_doubtful_debt) / current_assets,"Công thức này đo lường tỷ lệ thu hồi nợ phải thu ngắn hạn so với tổng tài sản ngắn hạn, phản ánh hiệu quả quản lý dòng tiền và khả năng thanh toán của doanh nghiệp trong việc giữ lại tiền gửi khách hàng.",note,"Số dư cuối năm 161.406.750.846 (tăng do hợp nhất) so với 158.727.455.108 (số dư cuối năm năm trước), cho thấy sự gia tăng mạnh mẽ về tài sản ngắn hạn trong năm 2024.",False,False,raw_division,,((receivables_customers-provision_doubtful_debt)/current_assets),3,3,False,False,False
qwen35-2b,0,F3-004,F3,P05-HUT24-receivables,False,0,recovered,receivables_customers_recovery_rate,"safe_div(receivables_customers, current_assets)","Tỷ lệ thu hồi nợ phải thu ngắn hạn so với tài sản ngắn hạn phản ánh khả năng chuyển đổi nợ thành tiền, ảnh hưởng trực tiếp đến dòng tiền thực tế và lợi suất cổ phiếu.",note,Công ty sẽ tiếp tục thực hiện các biện pháp để đảm bảo thu hồi được số nợ quá hạn.,True,True,,,"safe_div(receivables_customers,current_assets)",2,2,True,False,False
qwen35-2b,0,F3-004,F3,P05-HUT24-receivables,False,1,recovered,provision_doubtful_debt_growth,"safe_div(provision_doubtful_debt, revenue)","Tăng trưởng dự phòng nợ xấu so với doanh thu cho thấy mức độ thận trọng trong quản lý rủi ro và khả năng bù đắp các khoản nợ khó đòi, tác động đến dòng tiền thuần.",line_item,"Số dư cuối năm 161.406.750.846 so với 158.727.455.108, tăng do hợp nhất 11.251.035.973, trích lập dự phòng bổ sung 2.690.238.352.",False,True,,,"safe_div(provision_doubtful_debt,revenue)",2,2,True,False,False
qwen35-2b,0,F3-004,F3,P05-HUT24-receivables,False,2,recovered,net_income_to_receivables_ratio,"safe_div(net_income, receivables_customers)","Tỷ lệ lợi nhuận sau thuế trên mỗi đồng nợ phải thu ngắn hạn cho thấy hiệu quả sử dụng vốn để tạo ra dòng tiền từ các khoản nợ khó đòi, là chỉ số chất lượng tài sản ngắn hạn.",line_item,"Số dư cuối năm 161.406.750.846 so với 158.727.455.108, tăng do hợp nhất 11.251.035.973, trích lập dự phòng bổ sung 2.690.238.352.",False,True,,,"safe_div(net_income,receivables_customers)",2,2,True,False,False
qwen35-2b,0,F1-005,F1,P06-TNG24-debt,False,0,strict,Interest_Shock_Equity_Ratio,(interest_expense + financial_expense) / (cash_and_equivalents + total_assets),"Đánh giá mức độ rủi ro vay nợ và chi phí lãi vay tương đối so với khả năng thanh toán ngắn hạn của doanh nghiệp, giúp xác định sự biến động lợi nhuận do thay đổi cấu trúc nợ.",line_item,"Vay và nợ thuê tài chính ngắn hạn, Vay và nợ thuê tài chính dài hạn, Tiền và các khoản tương đương tiền, Doanh thu thuần, Chi phí tài chính, Chi phí lãi vay.",False,False,raw_division,,((financial_expense+interest_expense)/(cash_and_equivalents+total_assets)),3,4,False,False,False
qwen35-2b,0,F2-006,F2,P06-TNG24-debt,False,0,strict,interest_rate_ratio,(interest_expense + (cash_and_equivalents - total_liabilities)) / (total_assets - cash_and_equivalents),"Xác định tỷ lệ chi phí lãi vay so với tài sản chủ yếu, phản ánh mức độ rủi ro vay nợ và chi phí tài chính trong kỳ, ảnh hưởng trực tiếp đến lợi nhuận sau thuế.",note,Ngân hàng Thương mại Cổ phần Công thương Việt Nam - Chi nhánh Thái Nguyên (i) | 01/2022-HĐCVDADT/NHCT220-TNG | 123.100.000.000 VND | Thanh toán chi phí đầu tư hợp pháp của Dự án: Mở rộng nhà máy TNG Phú Bình | Thời hạn vay 7 năm kể từ ngày tiếp theo ngày Ngân hàng giải ngân khoản vay đầu tiên cho Công ty. Lãi suất áp dụng hiện tại là 12%/năm đối với các khoản vay bằng VND.,False,False,raw_division,,(((cash_and_equivalents-total_liabilities)+interest_expense)/(total_assets-cash_and_equivalents)),4,4,False,False,False
qwen35-2b,0,F4-004,F4,P06-TNG24-debt,False,0,recovered,interest_to_equity_ratio,"safe_div(interest_expense, safe_div(cash_and_equivalents, safe_div(total_assets, 4)))","Tỷ lệ chi phí lãi vay so với vốn chủ sở hữu giúp đo lường mức độ rủi ro tài chính và khả năng thanh toán, ảnh hưởng trực tiếp đến lợi suất cổ phiếu.",line_item,"interest_expense, cash_and_equivalents, total_assets",False,True,,,"safe_div(interest_expense,safe_div(cash_and_equivalents,safe_div(total_assets,4)))",4,3,True,False,False
qwen35-2b,0,F4-004,F4,P06-TNG24-debt,False,1,recovered,debt_service_coverage_ratio,"safe_div(interest_expense, safe_div(current_liabilities, 4))","Chỉ tiêu này phản ánh khả năng trả nợ ngắn hạn của doanh nghiệp, giảm thiểu rủi ro vỡ nợ và tác động tích cực đến lợi nhuận.",line_item,"interest_expense, current_liabilities",False,True,,,"safe_div(interest_expense,safe_div(current_liabilities,4))",3,2,True,False,False
qwen35-2b,0,F4-004,F4,P06-TNG24-debt,False,2,recovered,interest_expense_to_revenue_ratio,"safe_div(interest_expense, revenue)","Tỷ lệ chi phí lãi vay so với doanh thu cho thấy mức độ phụ thuộc vào hoạt động kinh doanh, giúp xếp hạng doanh nghiệp có chi phí vay cao hay thấp.",line_item,"interest_expense, revenue",False,True,,,"safe_div(interest_expense,revenue)",2,2,True,False,False
qwen35-2b,0,F1-006,F1,P07-NLG17-debt,False,0,strict,Interest_Shock_Equity_Ratio,(interest_expense + financial_expense) / (cash_and_equivalents + total_assets),"Đo lường mức độ rủi ro vay nợ và chi phí lãi vay tương đối so với khả năng tài chính tổng thể của doanh nghiệp. Khi chi phí lãi tăng hoặc tài sản tăng, tỷ lệ này giảm, phản ánh rủi ro vay nợ cao hơn.",note,"Tỷ lệ rủi ro vay nợ so với tài sản tổng thể, dựa trên định nghĩa về nợ phải trả và chi phí tài chính.",False,False,raw_division|duplicate,,((financial_expense+interest_expense)/(cash_and_equivalents+total_assets)),3,4,False,False,False
qwen35-2b,0,F2-007,F2,P07-NLG17-debt,False,0,strict,interest_rate_ratio,(interest_expense + (cash_and_equivalents - total_assets)) / (total_assets - current_liabilities),"Đánh giá tỷ lệ chi phí lãi vay so với tài sản và nợ phải trả để xác định mức độ rủi ro vay nợ và chi phí tài chính, ảnh hưởng trực tiếp đến lợi nhuận sau thuế.",note,"Chi tiết các khoản vay ngắn hạn và dài hạn từ ngân hàng, mục 22.2 Vay dài hạn từ ngân hàng",False,False,raw_division,,(((cash_and_equivalents-total_assets)+interest_expense)/(total_assets-current_liabilities)),4,4,False,False,False
qwen35-2b,0,F3-005,F3,P07-NLG17-debt,False,0,strict,interest_rate_to_debt_ratio,"safe_div(short_term_debt + long_term_debt, interest_expense)",Tỷ lệ nợ vay so với chi phí lãi vay đo lường mức độ phụ thuộc vào chi phí tài chính; tỷ lệ cao làm tăng rủi ro khi lãi suất tăng.,note,"Vay ngắn hạn từ ngân hàng, Vay dài hạn đến hạn trả, Lãi suất%/năm, Chi phí phát hành trái phiếu",False,True,,,"safe_div((long_term_debt+short_term_debt),interest_expense)",3,3,True,False,False
qwen35-2b,0,F3-005,F3,P07-NLG17-debt,False,1,strict,debt_service_coverage_ratio,"safe_div(interest_expense, current_liabilities)",Tỷ lệ chi phí lãi vay so với nợ ngắn hạn đo khả năng thanh toán nợ vay; thấp làm tăng rủi ro khi dòng tiền bán hàng chậm lại.,line_item,"Vay ngắn hạn từ ngân hàng, Vay dài hạn đến hạn trả, Lãi suất%/năm, Chi phí phát hành trái phiếu, Số cuối năm, Tiền thu từ đi vay, Tiền chi trả nợ gốc",False,True,,,"safe_div(interest_expense,current_liabilities)",2,2,True,False,False
qwen35-2b,0,F3-005,F3,P07-NLG17-debt,False,2,strict,debt_to_interest_expense_ratio,"safe_div(total_assets, interest_expense)",Tỷ lệ tài sản so với chi phí lãi vay đo lường quy mô tài sản so với chi phí tài chính; thấp làm tăng rủi ro khi dòng tiền bán hàng chậm lại.,line_item,"Vay ngắn hạn từ ngân hàng, Vay dài hạn đến hạn trả, Lãi suất%/năm, Số cuối năm, Tiền thu từ đi vay, Tiền chi trả nợ gốc",False,True,,,"safe_div(total_assets,interest_expense)",2,2,True,False,False
qwen35-2b,0,F4-005,F4,P07-NLG17-debt,False,0,strict,interest_expense_to_equity_ratio,"safe_div(interest_expense, safe_div(equity, safe_div(total_assets, 4)))","Tỷ lệ chi phí lãi vay trên vốn chủ sở hữu phản ánh mức độ rủi ro tài chính và áp lực thanh khoản, là yếu tố then chốt ảnh hưởng đến lợi suất cổ phiếu trong bối cảnh vay nợ.",line_item,"interest_expense, equity, total_assets, current_liabilities, short_term_debt, long_term_debt",False,True,,,"safe_div(interest_expense,safe_div(equity,safe_div(total_assets,4)))",4,3,True,False,False
qwen35-2b,0,F2-008,F2,P08-POW17-debt,False,0,strict,Interest_Shield_Ratio_Q1,(interest_expense + current_liabilities) / total_liabilities,"Xếp hạng dựa trên tỷ lệ chi phí lãi vay so với tổng nợ phải trả, phản ánh mức độ rủi ro thanh toán và khả năng thanh toán của doanh nghiệp.",note,Chi tiết các khoản vay dài hạn như sau: Các khoản vay dài hạn | 30.421.681.064.106 | 30.421.681.064.106 | 391.243.270.499 | 6.075.282.118.144 | 24.737.642.216.461 | 24.737.642.216.461,False,False,raw_division,,((current_liabilities+interest_expense)/total_liabilities),3,3,False,False,False
qwen35-2b,0,F3-006,F3,P08-POW17-debt,False,0,strict,interest_rate_risk_factor,"safe_div(interest_expense, total_assets)",Tỷ lệ chi phí lãi vay trên tổng tài sản phản ánh mức độ rủi ro thanh khoản và khả năng chịu đựng biến động lãi suất; mức tăng cao làm giảm lợi suất cổ phiếu trong bối cảnh lạm phát và rủi ro vay nợ.,note,Chi phí lãi vay,False,True,,,"safe_div(interest_expense,total_assets)",2,2,True,False,False
qwen35-2b,0,F3-006,F3,P08-POW17-debt,False,1,strict,debt_service_coverage_ratio,"safe_div(current_liabilities, short_term_debt)",Tỷ lệ thanh toán nợ ngắn hạn so với nợ phải trả ngắn hạn đo khả năng trả nợ trong vòng 12 tháng; tỷ lệ thấp làm tăng rủi ro vỡ nợ và giảm lợi suất.,line_item,"Số phải trả trong vòng 12 tháng, Số phải trả sau 12 tháng, Vay dài hạn, Số có khả năng trả nợ",False,True,,,"safe_div(current_liabilities,short_term_debt)",2,2,True,False,False
qwen35-2b,0,F3-006,F3,P08-POW17-debt,False,2,strict,equity_multiplier_growth,"safe_div(total_assets, equity)",Hệ số đòn bẩy tài sản tăng trưởng phản ánh tốc độ tăng trưởng tài sản so với vốn chủ sở hữu; tăng trưởng nhanh làm tăng rủi ro và biến động lợi nhuận.,line_item,"TỔNG CỘNG TÀI SẢN, VỐN CHỦ SỞ HỮU",False,True,,,"safe_div(total_assets,equity)",2,2,True,False,False
qwen35-2b,0,F1-007,F1,P09-HAH24-fixed_assets,False,0,strict,Capital_Intensity_Equity_Ratio,(long_term_assets - accumulated_depreciation) / (total_assets - long_term_assets),"Đánh giá tỷ lệ sử dụng tài sản dài hạn để xác định mức độ đầu tư mới và hiệu quả của việc xây dựng cơ sở hạ tầng so với tổng tài sản, phản ánh khả năng tạo ra giá trị từ các khoản đầu tư dài hạn.",note,Tỷ lệ này thường được sử dụng trong phân tích tài chính để đo lường mức độ đầu tư mới và hiệu quả sử dụng tài sản cố định.,False,False,raw_division,,((long_term_assets-accumulated_depreciation)/(total_assets-long_term_assets)),3,3,False,False,False
qwen35-2b,0,F2-009,F2,P09-HAH24-fixed_assets,False,0,strict,Capital_Expenditure_Growth_Ratio,"(growth(capex, 1) - safe_div(capex, 0)) / safe_div(capex, 0)","Đánh giá tốc độ đầu tư mới so với mức đầu tư ban đầu, phản ánh khả năng mở rộng quy mô và tăng trưởng tài sản cố định.",note,"Tài sản cố định hữu hình được khấu hao theo phương pháp đường thẳng dựa trên thời gian hữu dụng ước tính. Số năm khấu hao của các loại tài sản cố định hữu hình như sau: Máy móc, thiết bị | 03-10; Phương tiện vận tải truyền dẫn | 06-15; Thiết bị, dụng cụ quản lý | 03-08.",False,False,raw_division,,"((growth(capex,1)-safe_div(capex,0))/safe_div(capex,0))",4,1,False,True,False
qwen35-2b,0,F3-007,F3,P09-HAH24-fixed_assets,False,0,strict,capex_growth_to_fixed_assets,"safe_div(cfo - capex, fixed_assets)","Tăng trưởng dòng tiền thuần so với chi phí mua sắm cho thấy hiệu quả sử dụng vốn đầu tư, giảm rủi ro tài sản cố định không có dòng tiền.",line_item,"Tài sản cố định hữu hình được khấu hao theo phương pháp đường thẳng dựa trên thời gian hữu dụng ước tính. Số năm khấu hao của các loại tài sản cố định hữu hình như sau: Máy móc, thiết bị | 03-10... Phương tiện vận tải truyền dẫn | 06-15...",False,True,,,"safe_div((cfo-capex),fixed_assets)",3,3,True,False,False
qwen35-2b,0,F3-007,F3,P09-HAH24-fixed_assets,False,1,strict,tangible_fixed_assets_to_revenue,"safe_div(tangible_fixed_assets, revenue)",Tỷ trọng tài sản cố định hữu hình so với doanh thu cho thấy mức độ đầu tư dài hạn và khả năng sinh lời bền vững của doanh nghiệp.,line_item,Tài sản cố định hữu hình được thể hiện theo nguyên giá trừ hao mòn lũy kế. Nguyên giá tài sản cố định hữu hình bao gồm toàn bộ các chi phí mà Tập đoàn phải bỏ ra để có được tài sản cố định tính đến thời điểm đưa tài sản đó vào trạng thái sẵn sàng sử dụng.,False,True,,,"safe_div(tangible_fixed_assets,revenue)",2,2,True,False,False
qwen35-2b,0,F4-006,F4,P09-HAH24-fixed_assets,False,0,strict,capex_to_equity_ratio,"growth((safe_div(capex, long_term_assets), 4) / safe_div(capex, total_assets), 4)",Tỷ lệ chi phí đầu tư mới so với tài sản cố định tăng cao thường dẫn đến lợi suất cổ phiếu thấp hơn do tăng trưởng tài sản chậm.,line_item,"capex, long_term_assets, total_assets",False,False,syntax_error:Tuple,,,,,False,True,False
qwen35-2b,0,F2-010,F2,P10-TNG17-fixed_assets,False,0,strict,TSGD_Capex_Growth,"(delta(capex, 1) + delta(capex, 2) + delta(capex, 4) + delta(capex, 8)) / mean(capex, 1)","Công thức này đo lường tốc độ tăng trưởng của khoản đầu tư mới (Capex) trên cơ sở trung bình của các quý trước đó. Tăng trưởng Capex thường tương quan dương với lợi nhuận sau thuế (net_income) trong ngắn hạn, do đó giúp dự báo lợi suất cổ phiếu tăng trưởng.",note,Tăng do mua sắm mới trong năm (VND) 2.589.385.999; Tăng do mua lại TSCĐ thuê tài chính (VND) 4.963.082.409,False,False,raw_division,,"((delta(capex,1)+delta(capex,2)+delta(capex,4)+delta(capex,8))/mean(capex,1))",6,1,False,True,False
qwen35-2b,0,F3-008,F3,P10-TNG17-fixed_assets,False,0,strict,capex_growth_to_fixed_assets,"safe_div((capex - safe_div(construction_in_progress, fixed_assets)), fixed_assets)","Tăng trưởng chi phí mua sắm xây dựng so với vốn cố định hữu hình cho thấy tốc độ đầu tư mới, đặc biệt là các khoản đầu tư lớn chưa hoàn thành.",line_item,"Tăng do mua lại TSCĐ thuê tài chính, Thanh lý, nhượng bán, Nguyên giá của tài sản cố định bao gồm các thiết bị đã khấu hao hết tại ngày 31 tháng 12 năm 2017 nhưng vẫn còn sử dụng với giá trị là 120.982.629.067 VND (tại ngày 31 tháng 12 năm 2016: 112.218.072.753 VND).",False,True,,,"safe_div((capex-safe_div(construction_in_progress,fixed_assets)),fixed_assets)",4,3,True,False,False
qwen35-2b,0,F2-011,F2,P11-HPG17-cip,False,0,strict,Construction_InProgress_Leverage_Ratio,(construction_in_progress / total_assets) * 100,Đánh giá tỷ lệ vốn đang đầu tư xây dựng cơ bản so với tổng tài sản để xác định mức độ mở rộng sản xuất và nhu cầu vốn dài hạn của doanh nghiệp.,note,"Xây dựng cơ bản dở dang phần ánh (i) các khoản chi phí xây dựng và máy móc chưa được hoàn thành hoặc chưa lắp đặt xong và (ii) các khoản chi phí liên quan trực tiếp đến việc chăn nuôi lợn giống đang lớn và chưa sẵn sàng tạo ra sản phẩm. Không tính khấu hao cho xây dựng cơ bản dở dang trong quá trình xây dựng, lắp đặt và trong giai đoạn lợn giống chưa sẵn sàng tạo ra sản phẩm.",True,False,raw_division,,((construction_in_progress/total_assets)*100),3,2,False,False,False
qwen35-2b,0,F4-007,F4,P11-HPG17-cip,False,0,strict,construction_in_progress_ratio,"growth(construction_in_progress, 4) / growth(total_assets, 4)",Tỉ lệ tăng trưởng đầu tư xây dựng so với tổng tài sản cho thấy tốc độ mở rộng quy mô và khả năng tạo ra giá trị dài hạn.,line_item,"construction_in_progress, total_assets",False,False,raw_division,,"(growth(construction_in_progress,4)/growth(total_assets,4))",3,2,False,True,False
qwen35-2b,0,F1-008,F1,P12-VGC24-cip,False,0,recovered,Construction_InProgress_Equity_Ratio,(construction_in_progress + long_term_assets) / equity,"Đánh giá tỷ lệ vốn đầu tư vào cơ sở vật chất và cơ sở hạ tầng so với vốn chủ sở hữu, phản ánh tốc độ đầu tư dài hạn và khả năng tạo tài sản dài hạn.",line_item,Tài sản dài hạn và Vốn chủ sở hữu là các chỉ tiêu cơ bản để phân tích cấu trúc tài sản và nguồn vốn cho doanh nghiệp sản xuất.,False,False,raw_division,,((construction_in_progress+long_term_assets)/equity),3,3,False,False,False
qwen35-2b,0,F1-008,F1,P12-VGC24-cip,False,1,recovered,Construction_InProgress_Revenue_Growth,"growth(construction_in_progress, 1) / (revenue / safe_div(1, 1000000000))","Phân tích tốc độ tăng trưởng của khoản đầu tư xây dựng so với doanh thu thuần, đo lường mức độ đầu tư mở rộng sản xuất và tăng trưởng kinh doanh.",line_item,Tỷ lệ tăng trưởng của khoản đầu tư xây dựng so với doanh thu là chỉ tiêu quan trọng để đánh giá hiệu quả đầu tư và khả năng mở rộng quy mô.,False,False,raw_division,,"(growth(construction_in_progress,1)/(revenue/safe_div(1,1000000000)))",4,2,False,True,False
qwen35-2b,0,F1-008,F1,P12-VGC24-cip,False,2,recovered,Construction_InProgress_Leverage,"safe_div(construction_in_progress, long_term_debt) / safe_div(total_assets, 1000000000)","Đánh giá mức độ sử dụng tài sản dài hạn để đầu tư xây dựng trong tổng tài sản, phản ánh mức độ tài chính hóa và rủi ro thanh khoản liên quan đến đầu tư.",line_item,Tài sản dài hạn và nợ vay dài hạn là các biến quan trọng để phân tích cấu trúc tài chính và mức độ tài chính hóa của doanh nghiệp.,False,False,raw_division,,"(safe_div(construction_in_progress,long_term_debt)/safe_div(total_assets,1000000000))",3,3,False,False,False
qwen35-2b,0,F2-012,F2,P12-VGC24-cip,False,0,strict,Construction_InProgress_Growth,"growth(construction_in_progress, 1)","Công thức này đo lường tốc độ tăng trưởng của vốn đang đầu tư, phản ánh trực tiếp tốc độ triển khai dự án mới và khả năng tạo ra dòng tiền từ các khoản đầu tư dài hạn, là yếu tố then chốt trong việc xác định lợi suất cổ phiếu khi doanh nghiệp đang mở rộng quy mô.",note,"Dự án Khu công nghiệp Thuận Thành giai đoạn I... Tính đến thời điểm lập báo cáo, dự án đang trong giai đoạn thực hiện sản lắp mặt bằng, xây dựng hạ tầng xung quanh và bàn giao.",False,True,,,"growth(construction_in_progress,1)",2,1,True,True,False
qwen35-2b,0,F3-009,F3,P12-VGC24-cip,False,0,strict,construction_in_progress_to_depreciation_ratio,"safe_div(construction_in_progress, depreciation)","Tỷ lệ đầu tư xây dựng so với khấu hao cho thấy tốc độ mở rộng cơ sở hạ tầng, tác động tích cực đến dòng tiền và lợi nhuận trong ngắn hạn.",note,"Tài sản dở dang dài hạn, Khấu hao tài sản cố định",False,True,,,"safe_div(construction_in_progress,depreciation)",2,2,True,False,False
qwen35-2b,0,F3-009,F3,P12-VGC24-cip,False,1,strict,construction_in_progress_to_depreciation_growth,"safe_div(growth(construction_in_progress), growth(depreciation))","Tăng trưởng đầu tư xây dựng so với tăng trưởng khấu hao phản ánh tốc độ đầu tư mới so với tốc độ giảm giá trị tài sản cố định, dự báo lợi suất tăng trưởng.",line_item,"Tài sản dở dang dài hạn, Khấu hao tài sản cố định",False,False,bad_arity:growth,,"safe_div(growth(construction_in_progress),growth(depreciation))",3,2,False,True,False
qwen35-2b,0,F3-009,F3,P12-VGC24-cip,False,2,strict,construction_in_progress_to_depreciation_ratio,"safe_div(construction_in_progress, total_assets)","Tỷ lệ đầu tư xây dựng so với tổng tài sản cho thấy mức độ đầu tư vào cơ sở hạ tầng so với tổng tài sản, có thể dự báo tăng trưởng doanh thu và lợi nhuận.",line_item,"Tài sản dở dang dài hạn, Tài sản cố định hữu hình, Tài sản dài hạn",False,True,,,"safe_div(construction_in_progress,total_assets)",2,2,True,False,False
qwen35-2b,0,F4-008,F4,P12-VGC24-cip,False,0,recovered,construction_in_progress_ratio,"growth(construction_in_progress, 4) / growth(total_assets, 4)",Tỉ lệ tăng trưởng đầu tư xây dựng so với tổng tài sản cho thấy tốc độ mở rộng cơ sở hạ tầng và triển khai dự án mới.,line_item,"construction_in_progress, total_assets, growth",False,False,raw_division|duplicate,,"(growth(construction_in_progress,4)/growth(total_assets,4))",3,2,False,True,False
qwen35-2b,0,F4-008,F4,P12-VGC24-cip,False,1,recovered,construction_in_progress_to_equity_ratio,"growth(construction_in_progress, 4) / growth(equity, 4)",So sánh tốc độ đầu tư xây dựng dài hạn với tốc độ tăng trưởng vốn chủ sở hữu để đánh giá hiệu quả sử dụng vốn trong giai đoạn đầu tư.,line_item,"construction_in_progress, equity, growth",False,False,raw_division,,"(growth(construction_in_progress,4)/growth(equity,4))",3,2,False,True,False
qwen35-2b,0,F4-008,F4,P12-VGC24-cip,False,2,recovered,construction_in_progress_to_revenue_ratio,"growth(construction_in_progress, 4) / growth(revenue, 4)",Tỉ lệ đầu tư xây dựng dài hạn so với doanh thu thuần cho thấy mức độ đầu tư vào cơ sở hạ tầng so với doanh thu thực tế.,line_item,"construction_in_progress, revenue, growth",False,False,raw_division,,"(growth(construction_in_progress,4)/growth(revenue,4))",3,2,False,True,False
qwen35-2b,0,F2-013,F2,P13-NLG24-customer_advances,False,0,strict,customer_advance_impact_on_revenue,(cash_and_equivalents + customer_advances) / total_assets,"Công thức này đo lường mức độ tăng trưởng của dòng tiền từ người mua trả tiền trước so với tổng tài sản, phản ánh khả năng chuyển đổi nguồn lực thành doanh thu mới.",note,Tiền cho thuê nhận trước từ khách hàng cho toàn bộ giai đoạn thuê và được phân bổ định kỳ.,False,False,raw_division,,((cash_and_equivalents+customer_advances)/total_assets),3,3,False,False,False
qwen35-2b,0,F3-010,F3,P13-NLG24-customer_advances,False,0,strict,customer_advances_to_revenue_ratio,"safe_div(customer_advances, revenue)","Tỷ lệ người mua trả tiền trước so với doanh thu thuần phản ánh mức độ tín dụng của khách hàng, cao hơn có nghĩa là doanh thu chưa thực hiện sẽ chuyển thành doanh thu thực tế sớm hơn, tăng lợi suất cổ phiếu.",note,Tiền cho thuê nhận trước từ khách hàng cho toàn bộ giai đoạn thuê và được phân bổ định kỳ.,False,True,,,"safe_div(customer_advances,revenue)",2,2,True,False,False
qwen35-2b,0,F3-010,F3,P13-NLG24-customer_advances,False,1,strict,accruals_to_revenue_growth,"safe_div(growth(revenue, 1), revenue)","Tỷ lệ tăng trưởng doanh thu so với doanh thu kỳ trước đo lường tốc độ tăng trưởng doanh thu chưa thực hiện, cao hơn dự báo tăng trưởng doanh thu thực tế sẽ xảy ra.",line_item,"Doanh thu chưa thực hiện tại ngày 31 tháng 12 năm 2024 bao gồm: Giá trị của khoản lợi nhuận mà Nhóm Công ty nhận được từ việc chuyển nhượng một phần dự án Mizuki cho NNH Mizuki, theo tỷ lệ sở hữu của Nhóm Công ty trong các liên doanh này và khoản lợi nhuận phát sinh từ việc cung cấp dịch vụ cho các công ty này.",False,True,,,"safe_div(growth(revenue,1),revenue)",3,1,True,True,False
qwen35-2b,0,F3-010,F3,P13-NLG24-customer_advances,False,2,strict,customer_advances_to_current_liabilities,"safe_div(customer_advances, current_liabilities)",Tỷ lệ người mua trả tiền trước so với nợ ngắn hạn đo lường khả năng thanh toán của khách hàng; tỷ lệ cao cho thấy dòng tiền bán hàng từ khoản phải thu ngắn hạn sẽ chuyển thành doanh thu nhanh hơn.,line_item,Ngắn hạn | | Tiền cho thuê nhận trước | 25.495.948.477 | 7.589.982.574,False,True,,,"safe_div(customer_advances,current_liabilities)",2,2,True,False,False
qwen35-2b,0,F1-009,F1,P14-IDC24-customer_advances,False,0,strict,customer_advances_to_revenue_ratio,(cash_and_equivalents - customer_advances) / revenue,"Xác định tỷ lệ chuyển đổi tiền gửi của khách hàng thành doanh thu thuần, phản ánh khả năng thực hiện hợp đồng và tốc độ hoàn tiền, từ đó dự báo tăng trưởng doanh thu trong kỳ tới.",line_item,customer_advances: Người mua trả tiền trước ngắn hạn; revenue: Doanh thu thuần,False,False,raw_division,,((cash_and_equivalents-customer_advances)/revenue),3,3,False,False,False
qwen35-2b,0,F2-014,F2,P14-IDC24-customer_advances,False,0,strict,customer_advances_growth_factor,"safe_div(growth(customer_advances, 1), safe_div(growth(revenue, 1), 1))","Công thức này đo lường tốc độ tăng trưởng của khoản tiền người mua trả trước so với tốc độ tăng trưởng doanh thu thuần. Do doanh thu chưa thực hiện và doanh thu tương lai thường có tính chất thanh khoản cao hơn, việc so sánh với customer_advances (tiền nhận trước) giúp đánh giá hiệu quả của dòng tiền này trong việc tạo ra doanh thu thực tế, từ đó dự báo lợi suất cổ phiếu.",note,Doanh thu nhận trước ngắn hạn khác và Doanh thu nhận trước dài hạn khác,False,True,,,"safe_div(growth(customer_advances,1),safe_div(growth(revenue,1),1))",4,2,True,True,False
qwen35-2b,0,F3-011,F3,P14-IDC24-customer_advances,False,0,recovered,customer_advances_to_revenue_ratio,"safe_div(customer_advances, revenue)","Tỷ lệ người mua trả tiền trước so với doanh thu thuần phản ánh mức độ tín dụng của khách hàng, đặc biệt quan trọng trong ngành bất động sản khi doanh thu chưa thực hiện và tương lai chiếm tỷ trọng lớn.",note,"Doanh thu nhận trước ngắn hạn khác, Doanh thu nhận trước dài hạn khác, Doanh thu thuần",False,False,duplicate,,"safe_div(customer_advances,revenue)",2,2,False,False,False
qwen35-2b,0,F3-011,F3,P14-IDC24-customer_advances,False,1,recovered,revenue_to_current_assets_ratio,"safe_div(revenue, total_assets)","Tỷ lệ doanh thu so với tổng tài sản đo lường mức độ tài sản cố định và tài sản lưu chuyển hàng hóa, ảnh hưởng trực tiếp đến khả năng thanh toán và dòng tiền doanh thu.",line_item,"Doanh thu thuần, TỔNG CỘNG TÀI SẢN",False,True,,,"safe_div(revenue,total_assets)",2,2,True,False,False
qwen35-2b,0,F3-011,F3,P14-IDC24-customer_advances,False,2,recovered,customer_advances_to_revenue_growth,"safe_div(growth(customer_advances, 1), growth(revenue, 1))","So sánh tốc độ tăng trưởng của khoản phải thu ngắn hạn so với tốc độ tăng trưởng doanh thu thuần, giúp đánh giá mức độ tăng trưởng tín dụng của khách hàng so với tốc độ tăng trưởng doanh nghiệp.",line_item,"Doanh thu nhận trước ngắn hạn khác, Doanh thu nhận trước dài hạn khác, Doanh thu thuần",False,True,,,"safe_div(growth(customer_advances,1),growth(revenue,1))",3,2,True,True,False
qwen35-2b,0,F4-009,F4,P14-IDC24-customer_advances,False,0,recovered,customer_advances_to_revenue_ratio,"safe_div(customer_advances, revenue)","Tỷ lệ người mua trả tiền trước so với doanh thu phản ánh mức độ tín dụng của khách hàng, ảnh hưởng trực tiếp đến dòng tiền và lợi nhuận.",line_item,"customer_advances, revenue",False,False,duplicate,,"safe_div(customer_advances,revenue)",2,2,False,False,False
qwen35-2b,0,F4-009,F4,P14-IDC24-customer_advances,False,1,recovered,cash_flow_to_revenue_growth,"growth(cfo, 4)",Lợi suất dựa trên tăng trưởng lưu chuyển tiền thuần từ hoạt động kinh doanh cho thấy khả năng sinh lời bền vững của doanh nghiệp.,line_item,cfo,False,True,,,"growth(cfo,4)",2,1,True,True,False
qwen35-2b,0,F4-009,F4,P14-IDC24-customer_advances,False,2,recovered,customer_advances_to_inventory_ratio,"safe_div(customer_advances, inventory)",Tỷ lệ người mua trả tiền trước so với hàng tồn kho cho biết mức độ tồn kho của khách hàng và áp lực thanh toán.,line_item,"customer_advances, inventory",False,True,,,"safe_div(customer_advances,inventory)",2,2,True,False,False
qwen35-2b,0,F1-010,F1,P15-CTD17-associates,False,0,strict,Share_of_Associates_Equity_Growth,(share_of_associates / equity) * 100 + (1 - (share_of_associates / equity)),"Đo lường tỷ lệ phần trăm vốn đầu tư liên doanh so với vốn chủ sở hữu để đánh giá mức độ tăng trưởng lợi nhuận từ các liên kết, đồng thời kiểm soát rủi ro bằng cách trừ đi phần vốn không kiểm soát.",note,Việc sử dụng chỉ tiêu phát sinh trong kỳ (share_of_associates) kết hợp với chỉ tiêu số dư cuối kỳ (equity) theo định nghĩa VAS cho phép tính toán tỷ lệ tăng trưởng và mức độ sở hữu.,False,False,raw_division,,(((share_of_associates/equity)*100)+(1-(share_of_associates/equity))),4,2,False,False,False
qwen35-2b,0,F2-015,F2,P15-CTD17-associates,False,0,recovered,share_of_associates_growth_rate,"safe_div((share_of_associates - lag(share_of_associates, 1)) / lag(revenue, 1))","Đánh giá tốc độ tăng trưởng phần lãi lỗ từ các công ty liên kết so với doanh thu thuần, phản ánh hiệu quả đầu tư vào liên kết trong kỳ.",note,Phần lợi nhuận từ các công ty liên kết trong năm,True,False,bad_arity:safe_div|raw_division,,"safe_div(((share_of_associates-lag(share_of_associates,1))/lag(revenue,1)))",5,2,False,True,False
qwen35-2b,0,F2-015,F2,P15-CTD17-associates,False,1,recovered,total_assets_to_equity_ratio,"safe_div(total_assets, equity)","Xếp hạng dựa trên tỷ lệ tài sản trên vốn chủ sở hữu, phản ánh mức độ tài chính hóa và đòn bẩy tài chính của công ty.",note,TỔNG CỘNG TÀI SẢN,False,False,duplicate,,"safe_div(total_assets,equity)",2,2,False,False,False
qwen35-2b,0,F2-015,F2,P15-CTD17-associates,False,2,recovered,liability_to_equity_ratio,"safe_div(lag(long_term_investments, 1), equity)","Đánh giá mức độ tài sản dài hạn (bao gồm cả đầu tư) so với vốn chủ sở hữu, cho thấy khả năng tài chính hóa và rủi ro tài chính.",note,Chi tiết khoản đầu tư của Nhóm Công ty vào các công ty liên kết như sau: Công ty Cổ phần Đầu tư Xây dựng Ricons... Công ty Cổ phần Đầu tư Hạ Tầng FCC... Công ty Cổ phần Thương mại Quảng Trọng...,False,True,,,"safe_div(lag(long_term_investments,1),equity)",3,2,True,True,False
qwen35-2b,0,F3-012,F3,P15-CTD17-associates,False,0,recovered,share_of_associates_growth,"growth(safe_div(investments_associates, share_of_associates), 4)","Công thức này đo lường tốc độ tăng trưởng của khoản đầu tư vào công ty liên kết so với phần lãi lỗ thực tế, phản ánh hiệu quả đầu tư của cổ phiếu trong việc nắm giữ các công ty có lợi nhuận cao.",line_item,Phần lợi nhuận từ các công ty liên kết trong năm | 31.676.978.729,False,True,,,"growth(safe_div(investments_associates,share_of_associates),4)",3,2,True,True,False
qwen35-2b,0,F3-012,F3,P15-CTD17-associates,False,1,recovered,total_assets_to_equity_ratio,"safe_div(total_assets, equity)","Tỷ lệ tài sản trên vốn chủ sở hữu cao cho thấy doanh nghiệp đang mở rộng tài sản nhanh, thường đi kèm với rủi ro tăng trưởng cao và lợi suất ngắn hạn thấp hơn.",line_item,TỔNG CỘNG TÀI SẢN | 227.204.788.931,False,False,duplicate,,"safe_div(total_assets,equity)",2,2,False,False,False
qwen35-2b,0,F3-012,F3,P15-CTD17-associates,False,2,recovered,share_of_associates_to_revenue_ratio,"safe_div(safe_div(investments_associates, revenue), 4)","Tỷ lệ này đo lường mức độ đầu tư vào liên kết so với doanh thu thuần, cho thấy mức độ tập trung vào các khoản đầu tư dài hạn và ổn định.",note,"Chi tiết khoản đầu tư của Nhóm Công ty vào các công ty liên kết như sau: Công ty Cổ phần Đầu tư Xây dựng Ricons (&quot;Ricons&quot;) | 18,58 | 142.451.914.317 | 19,20 | 96.563.534.057",False,True,,,"safe_div(safe_div(investments_associates,revenue),4)",3,2,True,False,False
qwen35-2b,0,F4-010,F4,P15-CTD17-associates,False,0,recovered,share_of_associates_to_net_income_ratio,"safe_div(share_of_associates, pretax_profit)",Tỷ lệ phần lãi lỗ trong liên doanh so với lợi nhuận kế toán phản ánh hiệu quả đầu tư liên kết và khả năng sinh lời từ các khoản đầu tư dài hạn.,line_item,"share_of_associates, pretax_profit, long_term_investments",False,True,,,"safe_div(share_of_associates,pretax_profit)",2,2,True,False,False
qwen35-2b,0,F4-010,F4,P15-CTD17-associates,False,1,recovered,total_assets_to_equity_ratio,"safe_div(total_assets, equity)",Tỷ lệ tài sản trên vốn chủ sở hữu cho thấy mức độ rủi ro tài chính và khả năng tài trợ cho các khoản đầu tư dài hạn.,line_item,"total_assets, equity, minority_interest",False,False,duplicate,,"safe_div(total_assets,equity)",2,2,False,False,False
qwen35-2b,0,F4-010,F4,P15-CTD17-associates,False,2,recovered,share_of_associates_to_revenue_ratio,"safe_div(share_of_associates, revenue)",Tỷ lệ phần lãi lỗ trong liên doanh so với doanh thu thuần cho thấy mức độ phụ thuộc vào hoạt động kinh doanh liên kết và hiệu quả sử dụng vốn.,line_item,"share_of_associates, revenue, financial_income",False,True,,,"safe_div(share_of_associates,revenue)",2,2,True,False,False
qwen35-2b,0,F1-011,F1,P16-PVT17-associates,False,0,strict,Share_of_Associates_Equity_Margin,(share_of_associates / equity) * 100,"Đo lường tỷ lệ phần trăm lợi nhuận từ các công ty liên doanh so với vốn chủ sở hữu, phản ánh hiệu quả đầu tư vào liên kết.",line_item,"share_of_associates: Phần lãi lỗ trong công ty liên doanh, liên kết; equity: VỐN CHỦ SỞ HỮU",False,False,raw_division,,((share_of_associates/equity)*100),3,2,False,False,False
qwen35-2b,0,F2-016,F2,P16-PVT17-associates,False,0,strict,share_of_associates_growth_rate,(share_of_associates_current_year - share_of_associates_last_year) / share_of_associates_last_year,"Công thức tính tỷ lệ tăng trưởng phần lãi lỗ trong công ty liên doanh, liên kết so với kỳ trước, phản ánh tốc độ phát triển của dòng tiền từ các khoản đầu tư liên kết và tác động trực tiếp đến lợi suất cổ phiếu.",note,"Phần lãi lỗ trong công ty liên doanh, liên kết",False,False,raw_division|unknown_var:share_of_associates_current_year|unknown_var:share_of_associates_last_year,,((share_of_associates_current_year-share_of_associates_last_year)/share_of_associates_last_year),3,2,False,False,False
qwen35-2b,0,F2-016,F2,P16-PVT17-associates,False,1,strict,share_of_associates_to_total_assets_ratio,share_of_associates / total_assets,"Công thức tính tỷ lệ phần vốn đầu tư vào công ty liên doanh, liên kết so với tổng tài sản, cho thấy mức độ tập trung tài sản và rủi ro tài chính của cổ phiếu trong bối cảnh đầu tư liên kết.",note,Phần tài sản thuần khoản đầu tư vào công ty liên kết,True,False,raw_division,,(share_of_associates/total_assets),2,2,False,False,False
qwen35-2b,0,F2-016,F2,P16-PVT17-associates,False,2,strict,share_of_associates_to_net_income_parent,share_of_associates / net_income_parent,"Công thức tính tỷ lệ phần vốn đầu tư vào công ty liên doanh, liên kết so với lợi nhuận sau thuế của cổ đông công ty mẹ, đánh giá hiệu quả sử dụng vốn và khả năng sinh lời từ các khoản đầu tư liên kết.",note,Lợi nhuận sau thuế của cổ đông công ty mẹ,False,False,raw_division,,(share_of_associates/net_income_parent),2,2,False,False,False
qwen35-2b,0,F3-013,F3,P16-PVT17-associates,False,0,strict,share_of_associates_growth,"growth(safe_div(investments_associates, share_of_associates), 4)","Công thức này đo lường tốc độ tăng trưởng phần lợi nhuận từ các khoản đầu tư liên doanh so với lợi nhuận thuần từ khoản đầu tư, phản ánh khả năng sinh lời từ các khoản đầu tư dài hạn.",line_item,"Lợi nhuận sau thuế | 55.938.261.902 | 55.944.341.581
Lợi nhuận thuần từ khoản đầu tư vào công ty liên kết | 27.116.030.203 | 26.785.452.437",False,False,duplicate,,"growth(safe_div(investments_associates,share_of_associates),4)",3,2,False,True,False
qwen35-2b,0,F1-012,F1,P17-NTP17-related_party,False,0,recovered,Profit_Margin_Elasticity,(revenue - cogs) / total_assets,"Đo lường tỷ lệ biên lợi nhuận trên tổng tài sản, phản ánh khả năng tạo ra lợi nhuận thực tế so với quy mô tài sản, giúp xác định cổ phiếu có biên lợi nhuận cao hơn trong bối cảnh tăng trưởng doanh thu.",line_item,"Vốn chủ sở hữu, Doanh thu thuần, Giá vốn hàng bán, Tài sản",False,False,raw_division,,((revenue-cogs)/total_assets),3,3,False,False,False
qwen35-2b,0,F1-012,F1,P17-NTP17-related_party,False,1,recovered,Cash_Flow_Elasticity,cfo / total_assets,"Xác định mức độ sinh lời dòng tiền thuần từ hoạt động kinh doanh trên tổng tài sản, đánh giá khả năng duy trì dòng tiền dương và thanh khoản thực sự của cổ phiếu.",line_item,"Lưu chuyển tiền thuần từ hoạt động kinh doanh, Tài sản",False,False,raw_division,,(cfo/total_assets),2,2,False,False,False
qwen35-2b,0,F1-012,F1,P17-NTP17-related_party,False,2,recovered,Related_Risk_Score,related_party_disclosed / (revenue - cogs),"Đo lường mức độ rủi ro liên quan đến giao dịch với bên liên quan so với tổng doanh thu thuần, giúp xếp hạng các doanh nghiệp có ít hoặc nhiều rủi ro giao dịch phức tạp.",line_item,"Giao dịch với bên liên quan, Doanh thu thuần, Giá vốn hàng bán",False,False,raw_division,,(related_party_disclosed/(revenue-cogs)),3,3,False,False,True
qwen35-2b,0,F3-014,F3,P17-NTP17-related_party,False,0,recovered,related_party_profit_margin,"safe_div(revenue - cogs, related_party_disclosed)",Tỷ lệ lợi nhuận sau khi trừ giá vốn hàng bán so với tổng doanh thu cho thấy mức độ lợi nhuận thực sự mà doanh nghiệp có thể duy trì sau khi giao dịch với các bên liên quan; tỷ lệ này cao cho thấy khả năng sinh lời bền vững.,note,Công ty Cổ phần Nhựa Thiểu niên Tiền Phong phía Nam | 301.063.347.138 | 195.914.529.480,True,True,,,"safe_div((revenue-cogs),related_party_disclosed)",3,3,True,False,True
qwen35-2b,0,F3-014,F3,P17-NTP17-related_party,False,1,recovered,cash_flow_to_equity_ratio,"safe_div(cfo, equity)","Tỷ lệ dòng tiền thuần từ hoạt động kinh doanh so với vốn chủ sở hữu phản ánh khả năng chuyển đổi dòng tiền thành tài sản hoặc trả nợ, là yếu tố then chốt cho lợi suất cổ phiếu trong dài hạn.",line_item,Công ty TNHH Thương mại Xuất nhập khẩu Minh Hải | 960.703.110.883 | 905.345.844.335,False,True,,,"safe_div(cfo,equity)",2,2,True,False,False
qwen35-2b,0,F3-014,F3,P17-NTP17-related_party,False,2,recovered,receivables_turnover_quality,"safe_div(receivables_customers, short_term_receivables)",Tỷ lệ quay vòng vốn phải thu ngắn hạn cho thấy tốc độ doanh nghiệp nhận tiền từ khách hàng và khả năng giữ tiền; doanh nghiệp có tỷ lệ cao thường có dòng tiền thực tế tốt hơn.,line_item,Công ty Cổ phần Nhựa Thiếu niên Tiền Phong phía Nam | 301.063.347.138 | 195.914.529.480,False,True,,,"safe_div(receivables_customers,short_term_receivables)",2,2,True,False,False
qwen35-2b,0,F2-018,F2,P18-MWG24-related_party,False,0,strict,related_party_impact_ratio,"safe_div(revenue, safe_div(cfo, safe_div(receivables_customers, safe_div(prepaid_to_suppliers, safe_div(short_term_receivables, 0))))))","Đo lường mức độ rủi ro và lợi nhuận từ các giao dịch với các bên liên quan so với dòng tiền thuần từ hoạt động kinh doanh, phản ánh tác động trực tiếp đến lợi suất cổ phiếu.",note,Thu nhập của các thành viên của Hội đồng Quản trị và Tổng Giám đốc: Đăng Minh Lương (*) 870.808.333 VND Năm nay,False,False,syntax_error,,,,,False,False,False
qwen35-2b,0,F4-011,F4,P18-MWG24-related_party,False,0,recovered,profit_margin_ratio,"safe_div((net_income - cogs) / safe_div(revenue, 4))","Tỷ lệ lợi nhuận sau thuế trên giá vốn hàng bán phản ánh hiệu quả hoạt động kinh doanh, có tác động trực tiếp đến lợi suất cổ phiếu.",line_item,"net_income, cogs, revenue",False,False,bad_arity:safe_div|raw_division,,"safe_div(((net_income-cogs)/safe_div(revenue,4)))",4,3,False,False,False
qwen35-2b,0,F4-011,F4,P18-MWG24-related_party,False,1,recovered,receivables_turnover,"safe_div(receivables_customers, safe_div(short_term_receivables, 4))","Chỉ số quay vòng tiền hàng cho thấy khả năng thu hồi vốn ngắn hạn, ảnh hưởng đến dòng tiền và lợi nhuận.",line_item,"receivables_customers, short_term_receivables",False,True,,,"safe_div(receivables_customers,safe_div(short_term_receivables,4))",3,2,True,False,False
qwen35-2b,0,F4-011,F4,P18-MWG24-related_party,False,2,recovered,market_capitalization_ratio,"safe_div(market_cap, safe_div(total_assets, 4))",Tỷ lệ vốn thị trường trên tài sản cho thấy mức độ rủi ro và tiềm năng tăng trưởng của doanh nghiệp.,line_item,"market_cap, total_assets",False,True,,,"safe_div(market_cap,safe_div(total_assets,4))",3,2,True,False,False
qwen35-2b,0,F1-013,F1,P19-GAS17-commitments,False,0,recovered,Growth_of_Capital_Equity_Ratio,(cash_and_equivalents + equity) / total_assets,"Đo lường tỷ lệ vốn chủ sở hữu so với tổng tài sản, phản ánh khả năng tài chính và đòn bẩy của doanh nghiệp, giúp dự báo sự tăng trưởng vốn hóa thị trường.",note,"Tỷ lệ vốn chủ sở hữu thường có mối tương quan dương với lợi nhuận và tăng trưởng tài sản, đồng thời có thể tác động đến giá cổ phiếu thông qua rủi ro và đòn bẩy.",False,False,raw_division,,((cash_and_equivalents+equity)/total_assets),3,3,False,False,False
qwen35-2b,0,F1-013,F1,P19-GAS17-commitments,False,1,recovered,Contingent_Liability_Margin,contingent_liabilities_disclosed / total_liabilities,"Đánh giá mức độ rủi ro cam kết và nợ tiềm tàng so với tổng nợ phải trả, giúp xác định các khoản mục ngoài bảng có thể ảnh hưởng đến dòng tiền và lợi nhuận.",line_item,"Chỉ tiêu này đo lường trực tiếp các cam kết và nợ tiềm tàng, có thể tác động đến lợi nhuận nếu được thực hiện hoặc giải quyết.",False,False,raw_division,,(contingent_liabilities_disclosed/total_liabilities),2,2,False,False,True
qwen35-2b,0,F1-013,F1,P19-GAS17-commitments,False,2,recovered,Debt_Equity_Spread_Growth,(long_term_debt / equity) - (long_term_debt / total_assets),"Phân tích tỷ lệ nợ trên vốn chủ sở hữu và nợ trên tổng tài sản, đo lường sự thay đổi trong cấu trúc nợ dài hạn so với tổng tài sản để dự báo rủi ro vỡ nợ và biến động lợi nhuận.",line_item,"Tỷ lệ nợ trên vốn chủ sở hữu và nợ trên tổng tài sản là các chỉ tiêu chuẩn mực, phản ánh cấu trúc tài chính và rủi ro nợ của doanh nghiệp.",False,False,raw_division,,((long_term_debt/equity)-(long_term_debt/total_assets)),3,3,False,False,False
qwen35-2b,0,F2-019,F2,P19-GAS17-commitments,False,0,strict,contingent_risk_score,"safe_div(contingent_liabilities_disclosed, total_assets)",Đánh giá rủi ro biến động tài sản để xác định mức độ rủi ro liên quan đến các khoản cam kết dài hạn và nợ tiềm tàng.,note,Các khoản cam kết vốn liên quan tối một số dự án đầu tư xây dựng cơ bản lớn đang thực hiện chưa hoàn thành sau: Số cuối năm | Số đầu năm...,False,True,,,"safe_div(contingent_liabilities_disclosed,total_assets)",2,2,True,False,True
qwen35-2b,0,F2-019,F2,P19-GAS17-commitments,False,1,strict,cash_flow_volatility,"safe_div(cash_and_equivalents, cfo)",Phân tích sự biến động giữa dòng tiền thuần và tiền gửi để đo lường tính ổn định của dòng tiền thực tế.,note,"Cam kết mua hàng | Tôi thiếu là 2,7 tỷ m3/năm | Đến hết giai đoạn bình ổn của Lô 06.1...",False,True,,,"safe_div(cash_and_equivalents,cfo)",2,2,True,False,False
qwen35-2b,0,F2-019,F2,P19-GAS17-commitments,False,2,strict,equity_pressure_index,"safe_div(equity, construction_in_progress)",Đo lường áp lực vốn chủ sở hữu khi so sánh với tài sản đang đầu tư xây dựng để đánh giá khả năng thanh toán các khoản cam kết dài hạn.,note,Số cuối năm | Số đầu năm... Nhà máy xử lý khí Cà Mau | 5.068.782.115.916 | 7.339.317.320.149,False,True,,,"safe_div(equity,construction_in_progress)",2,2,True,False,False
qwen35-2b,0,F3-015,F3,P19-GAS17-commitments,False,0,recovered,contingent_risk_score,"safe_div(contingent_liabilities_disclosed, total_assets)",Tỷ lệ giữa các khoản cam kết và nợ tiềm tàng so với tổng tài sản phản ánh mức độ rủi ro tài chính; tỷ lệ cao hơn thường dẫn đến lợi suất thấp hơn do khả năng thanh toán rủi ro kém.,note,"Cam kết vốn, Cam kết khác, Các khoản cam kết liên quan đến hoạt động kinh doanh và vận chuyển khí",False,False,duplicate,,"safe_div(contingent_liabilities_disclosed,total_assets)",2,2,False,False,True
qwen35-2b,0,F3-015,F3,P19-GAS17-commitments,False,1,recovered,cash_flow_to_debt_ratio,"safe_div(cfo, long_term_debt)",Tỷ lệ dòng tiền thuần từ hoạt động kinh doanh so với nợ vay dài hạn đo lường khả năng trả nợ và duy trì hoạt động; tỷ lệ thấp hơn cho thấy rủi ro vỡ nợ cao hơn.,line_item,"Cam kết mua hàng, Cam kết bán hàng, Thời gian cam kết, Sản lượng cam kết, Thời điểm thanh toán",False,True,,,"safe_div(cfo,long_term_debt)",2,2,True,False,False
qwen35-2b,0,F3-015,F3,P19-GAS17-commitments,False,2,recovered,equity_to_debt_ratio,"safe_div(equity, long_term_debt)",Tỷ lệ vốn chủ sở hữu so với nợ dài hạn phản ánh mức độ độc lập tài chính của doanh nghiệp; tỷ lệ thấp hơn cho thấy sự phụ thuộc lớn vào vay nợ dài hạn.,line_item,"Vay và nợ thuê tài chính dài hạn, Cam kết mua hàng, Cam kết bán hàng, Thời gian cam kết",False,True,,,"safe_div(equity,long_term_debt)",2,2,True,False,False
qwen35-2b,0,F4-012,F4,P19-GAS17-commitments,False,0,strict,contingent_risk_adjusted_return,"safe_div((net_income + growth(revenue, 4) - growth(cfo, 4)) * (1 + safe_div(contingent_liabilities_disclosed, 1)) / safe_div(total_assets, 4))","Công thức này điều chỉnh lợi suất dựa trên sự chênh lệch giữa lợi nhuận và dòng tiền, nhân với yếu tố rủi ro cam kết tiềm tàng.",line_item,"net_income, revenue, cfo, contingent_liabilities_disclosed, total_assets",False,False,bad_arity:safe_div|raw_division|too_complex,,"safe_div(((((growth(revenue,4)+net_income)-growth(cfo,4))*(1+safe_div(contingent_liabilities_disclosed,1)))/safe_div(total_assets,4)))",7,5,False,True,True
qwen35-2b,0,F1-014,F1,P20-VNM24-segment,False,0,strict,profit_margin_growth,(gross_profit / revenue) - (gross_profit / revenue)_{k-1},"Đo lường tốc độ tăng trưởng của biên lợi nhuận trên mỗi đơn vị doanh thu, phản ánh khả năng chuyển đổi doanh thu thành lợi nhuận thuần túy, đặc biệt quan trọng khi doanh thu tăng nhưng lợi nhuận không tăng.",note,"Việc phân tích biên lợi nhuận giúp xác định hiệu quả hoạt động kinh doanh, trong khi growth hàm số đo lường sự thay đổi của chỉ tiêu này qua các kỳ.",False,False,syntax_error,,,,,False,False,False
qwen35-2b,0,F2-020,F2,P20-VNM24-segment,False,0,recovered,profit_margin_by_segment_growth,"safe_div(gross_profit, safe_div(gross_profit, lag(gross_profit, 1)))",Đánh giá tỷ lệ lợi nhuận gộp tăng trưởng so với kỳ trước để phản ánh sức khỏe và khả năng mở rộng quy mô của bộ phận theo quý.,note,Lợi nhuận gộp theo bộ phận,False,True,,,"safe_div(gross_profit,safe_div(gross_profit,lag(gross_profit,1)))",4,1,True,True,False
qwen35-2b,0,F2-020,F2,P20-VNM24-segment,False,1,recovered,segment_profit_ratio_change,"safe_div(gross_profit, safe_div(gross_profit, lag(gross_profit, 1)))",Tính toán tỷ lệ lợi nhuận gộp trên tổng tài sản để đo lường hiệu quả sử dụng tài sản của từng bộ phận trong bối cảnh tăng trưởng doanh thu.,note,Tài sản bộ phận và chi tiêu vốn không được trình bày do vị trí của tài sản và cơ sở sản xuất chủ yếu là ở Việt Nam.,True,False,duplicate,,"safe_div(gross_profit,safe_div(gross_profit,lag(gross_profit,1)))",4,1,False,True,False
qwen35-2b,0,F2-020,F2,P20-VNM24-segment,False,2,recovered,gross_profit_segment_rank,rank(gross_profit),Xếp hạng lợi nhuận gộp theo quý để xác định vị trí tuyệt đối của bộ phận trong danh sách doanh thu và lợi nhuận của tập đoàn.,note,Bộ phận theo khu vực địa lý,True,True,,,rank(gross_profit),2,1,True,False,False
qwen35-2b,0,F3-016,F3,P20-VNM24-segment,False,0,strict,gross_profit_margin,"safe_div(gross_profit, gross_revenue)","Tỷ lệ lợi nhuận gộp trên doanh thu phản ánh hiệu quả kinh doanh cốt lõi, nơi các doanh nghiệp có biên lợi nhuận cao thường có lợi suất tăng trưởng mạnh hơn khi doanh số tăng.",note,"Doanh thu của bộ phận được trình bày dựa vào vị trí địa lý của khách hàng tại Việt Nam (""Trong nước"") hay ở các nước khác Việt Nam (""Nước ngoài""). Tài sản bộ phận và chi tiêu vốn không được trình bày do vị trí của tài sản và cơ sở sản xuất chủ yếu là ở Việt Nam.",False,True,,,"safe_div(gross_profit,gross_revenue)",2,2,True,False,False
qwen35-2b,0,F2-021,F2,P21-PC124-segment,False,0,recovered,profit_margin_by_segment,(gross_profit / revenue) * 100,"Đánh giá tỷ lệ lợi nhuận gộp trên doanh thu thuần của từng bộ phận, phản ánh hiệu quả kinh doanh cốt lõi và khả năng tạo ra giá trị từ các hoạt động kinh doanh chính.",note,"Doanh thu, chi phí và kết quả kinh doanh của các bộ phận bao gồm các giao dịch giữa các bộ phận, các giao dịch giữa các bộ phận này được loại trừ khi lập báo cáo tài chính hợp nhất.",True,False,raw_division,,((gross_profit/revenue)*100),3,2,False,False,False
qwen35-2b,0,F2-021,F2,P21-PC124-segment,False,1,recovered,segment_profit_growth_rate,(segment_disclosed - gross_profit) / revenue,"Xác định tốc độ tăng trưởng lợi nhuận của từng bộ phận so với doanh thu, giúp phân biệt các bộ phận có khả năng sinh lời bền vững và các bộ phận đang gặp khó khăn trong việc chuyển đổi hoặc mở rộng.",note,"Doanh thu, chi phí và kết quả kinh doanh của các bộ phận bao gồm các giao dịch giữa các bộ phận, các giao dịch giữa các bộ phận này được loại trừ khi lập báo cáo tài chính hợp nhất.",True,False,raw_division,,((segment_disclosed-gross_profit)/revenue),3,3,False,False,True
qwen35-2b,0,F2-021,F2,P21-PC124-segment,False,2,recovered,profit_margin_trend_analysis,(gross_profit / revenue) - (gross_profit / revenue)_{lag_2},"Phân tích sự thay đổi của tỷ lệ lợi nhuận gộp qua các kỳ trước, đo lường xu hướng tăng trưởng hoặc suy giảm của hiệu quả kinh doanh theo thời gian.",note,"Doanh thu, chi phí và kết quả kinh doanh của các bộ phận bao gồm các giao dịch giữa các bộ phận, các giao dịch giữa các bộ phận này được loại trừ khi lập báo cáo tài chính hợp nhất.",True,False,syntax_error,,,,,False,False,False
qwen35-2b,0,F4-013,F4,P21-PC124-segment,False,0,recovered,segment_profit_margin,"safe_div(gross_profit, safe_div(revenue, safe_div(gross_profit, lag(revenue, 4))))","Đánh giá tỷ lệ lợi nhuận gộp trên doanh thu thuần theo bộ phận, phản ánh hiệu quả chuyển đổi doanh thu thành lợi nhuận trong từng lĩnh vực.",line_item,"gross_profit, revenue, lag(revenue, 4)",False,True,,,"safe_div(gross_profit,safe_div(revenue,safe_div(gross_profit,lag(revenue,4))))",5,2,True,True,False
qwen35-2b,0,F4-013,F4,P21-PC124-segment,False,1,recovered,segment_asset_intensity,"safe_div(long_term_assets, safe_div(total_assets, lag(total_assets, 4)))","Chỉ số tỷ lệ tài sản dài hạn trên tổng tài sản, đo lường mức độ tài chính hóa và độ rủi ro của bộ phận.",line_item,"long_term_assets, total_assets, lag(total_assets, 4)",False,True,,,"safe_div(long_term_assets,safe_div(total_assets,lag(total_assets,4)))",4,2,True,True,False
qwen35-2b,0,F4-013,F4,P21-PC124-segment,False,2,recovered,segment_revenue_quality,"safe_div(gross_profit, safe_div(gross_revenue, lag(gross_revenue, 4)))","Tỷ lệ lợi nhuận gộp trên doanh thu bán hàng, phản ánh chất lượng sản phẩm và giá trị bán hàng của bộ phận.",line_item,"gross_profit, gross_revenue, lag(gross_revenue, 4)",False,True,,,"safe_div(gross_profit,safe_div(gross_revenue,lag(gross_revenue,4)))",4,2,True,True,False
qwen35-2b,0,F2-022,F2,P22-PNJ17-tax,False,0,recovered,Tax_Shock_Effect,"safe_div(current_tax_expense, total_assets)","Công thức này đo lường mức độ tăng giảm đột ngột của chi phí thuế so với tài sản, phản ánh tác động trực tiếp của việc thay đổi thuế thu nhập doanh nghiệp lên lợi nhuận sau thuế và giá trị thị trường cổ phiếu.",note,Chi phí thuế thu nhập doanh nghiệp tính trên thu nhập tính thuế năm hiện hành,True,True,,,"safe_div(current_tax_expense,total_assets)",2,2,True,False,False
qwen35-2b,0,F2-022,F2,P22-PNJ17-tax,False,1,recovered,Tax_Shock_With_Revenue,"safe_div(current_tax_expense, revenue)","Công thức này xác định mức độ tăng giảm của chi phí thuế so với doanh thu thuần, cho thấy tác động của thuế thu nhập doanh nghiệp lên dòng tiền và khả năng sinh lời thực tế của doanh nghiệp.",note,Chi phí thuế thu nhập doanh nghiệp tính trên thu nhập tính thuế năm hiện hành,True,True,,,"safe_div(current_tax_expense,revenue)",2,2,True,False,False
qwen35-2b,0,F2-022,F2,P22-PNJ17-tax,False,2,recovered,Tax_Shock_With_Equity,"safe_div(current_tax_expense, equity)","Công thức này đo lường mức độ tăng giảm của chi phí thuế so với vốn chủ sở hữu, phản ánh tác động của thuế thu nhập doanh nghiệp lên khả năng tái đầu tư và tăng trưởng vốn của doanh nghiệp.",note,Chi phí thuế thu nhập doanh nghiệp tính trên thu nhập tính thuế năm hiện hành,True,True,,,"safe_div(current_tax_expense,equity)",2,2,True,False,False
qwen35-2b,0,F3-017,F3,P22-PNJ17-tax,False,0,recovered,current_tax_ratio,"safe_div(current_tax_expense, pretax_profit)","Tỷ lệ chi phí thuế thu nhập doanh nghiệp trên lợi nhuận kế toán cao cho thấy áp lực thuế lớn, dẫn đến lợi nhuận sau thuế thấp hơn và lợi suất tương lai có thể bị giảm.",line_item,"chi phí thuế thu nhập doanh nghiệp tính trên thu nhập tính thuế năm hiện hành, Điều chỉnh chi phí thuế thu nhập doanh nghiệp của các năm trước vào chi phí thuế thu nhập hiện hành năm nay, Chi phí thuế thu nhập doanh nghiệp hoãn lại phát sinh từ các khoản chênh lệch tạm thời phải tính thuế",False,True,,,"safe_div(current_tax_expense,pretax_profit)",2,2,True,False,False
qwen35-2b,0,F3-017,F3,P22-PNJ17-tax,False,1,recovered,tax_burden_factor,"safe_div(current_tax_expense, retained_earnings)","Tỷ lệ chi phí thuế thu nhập doanh nghiệp trên lợi nhuận sau thuế cao cho thấy phần lợi nhuận bị trừ đi để nộp thuế lớn, làm giảm lợi nhuận sau thuế và lợi suất cổ phiếu.",note,"Chi phí thuế thu nhập doanh nghiệp tính trên thu nhập tính thuế năm hiện hành, Điều chỉnh chi phí thuế thu nhập doanh nghiệp của các năm trước vào chi phí thuế thu nhập hiện hành năm nay, Chi phí thuế thu nhập doanh nghiệp hoãn lại phát sinh từ các khoản chênh lệch tạm thời phải tính thuế",False,True,,,"safe_div(current_tax_expense,retained_earnings)",2,2,True,False,False
qwen35-2b,0,F3-017,F3,P22-PNJ17-tax,False,2,recovered,tax_expense_growth,"safe_div(current_tax_expense, cfo)","Sự tăng trưởng của chi phí thuế thu nhập doanh nghiệp so với lưu chuyển tiền thuần từ hoạt động kinh doanh cho thấy mức độ thuế thu nhập doanh nghiệp tăng cao, có thể dẫn đến giảm lợi nhuận sau thuế.",line_item,"Chi phí thuế thu nhập doanh nghiệp tính trên thu nhập tính thuế năm hiện hành, Điều chỉnh chi phí thuế thu nhập doanh nghiệp của các năm trước vào chi phí thuế thu nhập hiện hành năm nay, Chi phí thuế thu nhập doanh nghiệp hoãn lại phát sinh từ các khoản chênh lệch tạm thời phải tính thuế",False,True,,,"safe_div(current_tax_expense,cfo)",2,2,True,False,False
qwen35-2b,0,F1-015,F1,P23-VCB24-bank_loans,True,0,strict,Credit_Risk_Allocation_Equity,"(safe_div(equity, total_assets) * 0.4) + (safe_div(cfo, cfi) * 0.3) + (safe_div(cff, cfi) * 0.3) + (safe_div(pretax_profit, cfi) * 0.2) + (safe_div(net_income, cfi) * 0.1)","Công thức này cân bằng tỷ trọng giữa vốn chủ sở hữu và dòng tiền thuần từ hoạt động kinh doanh, đầu tư và tài chính. Tỷ trọng cao hơn cho các chỉ tiêu dòng tiền (cfo, cfi, cff) phản ánh khả năng sinh lời và khả năng thanh toán nợ, trong khi tỷ trọng thấp hơn cho lợi nhuận sau thuế (net_income) để tránh bị chi phối bởi các khoản lợi nhuận không liên quan đến dòng tiền thực tế.",line_item,"Cân bằng giữa Vốn chủ sở hữu và dòng tiền thuần từ 3 hoạt động kinh tế chính (kinh doanh, đầu tư, tài chính) để đánh giá chất lượng danh mục cho vay và dự phòng rủi ro.",False,False,too_complex,,"((0.1*safe_div(net_income,cfi))+(0.2*safe_div(pretax_profit,cfi))+(0.3*safe_div(cff,cfi))+(0.3*safe_div(cfo,cfi))+(0.4*safe_div(equity,total_assets)))",7,7,False,False,False
qwen35-2b,0,F2-023,F2,P23-VCB24-bank_loans,True,0,recovered,credit_quality_score,"safe_div((total_assets - related_party_disclosed) / total_assets, 0.1)","Đánh giá chất lượng danh mục cho vay bằng cách so sánh tổng tài sản với các khoản nợ liên quan đến khách hàng, phản ánh tỷ lệ nợ xấu và khả năng thanh toán.",note,"Cho vay các tổ chức kinh tế, cá nhân trong nước | 1.436.710.181 | 1.258.418.586",True,False,raw_division,,"safe_div(((total_assets-related_party_disclosed)/total_assets),0.1)",4,2,False,False,True
qwen35-2b,0,F2-023,F2,P23-VCB24-bank_loans,True,1,recovered,risk_adjusted_return,"safe_div((net_income - cfo) / net_income, 0.1)","Xác định mức lợi suất thực tế so với dòng tiền thuần từ hoạt động kinh doanh, loại bỏ hiệu quả tài chính để tập trung vào chất lượng đầu tư.",note,Nợ đủ tiêu chuẩn | 1.431.299.668 | 1.252.320.285,True,False,raw_division,,"safe_div(((net_income-cfo)/net_income),0.1)",4,2,False,False,False
qwen35-2b,0,F2-023,F2,P23-VCB24-bank_loans,True,2,recovered,capital_structure_ratio,"safe_div((total_assets - equity) / total_assets, 0.1)","Đánh giá cấu trúc tài chính bằng cách so sánh tổng tài sản với vốn chủ sở hữu, phản ánh mức độ đòn bẩy và rủi ro tài chính.",note,Nợ có khả năng mất vốn | 10.292.417 | 7.975.836,True,False,raw_division,,"safe_div(((total_assets-equity)/total_assets),0.1)",4,2,False,False,False
qwen35-2b,0,F4-014,F4,P23-VCB24-bank_loans,True,0,strict,credit_risk_adjusted_return,"safe_div((net_income - (cfo + cfi + cff), 1) / total_assets)","Phân tích chênh lệch lợi nhuận sau thuế so với dòng tiền thuần từ 3 hoạt động chính để đánh giá chất lượng dòng tiền thực tế so với lợi nhuận kế toán, điều chỉnh bằng tỷ lệ vốn để loại bỏ tác động của tài sản lớn.",line_item,"net_income, cfo, cfi, cff, total_assets",False,False,syntax_error:Tuple,,,,,False,False,False
qwen35-2b,0,F1-016,F1,P24-SHB17-bank_loans,True,0,strict,Credit_Risk_Allocation_Equity,"(safe_div(equity, total_assets) * 0.4) + (safe_div(cfo, cff) * 0.3) + (safe_div(pretax_profit, 0) * 0.3)","Đánh giá tỷ trọng vốn chủ sở hữu so với tổng tài sản để đo lường chất lượng vốn đầu tư, kết hợp với tỷ lệ dòng tiền thuần từ hoạt động kinh doanh và đầu tư so với hoạt động tài chính để phản ánh hiệu quả sử dụng vốn và khả năng sinh lời thực tế.",line_item,"Vốn chủ sở hữu và dòng tiền thuần từ hoạt động kinh doanh, đầu tư, tài chính",False,True,,,"((0.3*safe_div(cfo,cff))+(0.3*safe_div(pretax_profit,0))+(0.4*safe_div(equity,total_assets)))",5,5,True,False,False
qwen35-2b,0,F2-024,F2,P24-SHB17-bank_loans,True,0,recovered,credit_quality_score,(total_assets - cfo) / total_assets + (cfo - cff) / cfo + (cfo - cff) / cff,"Công thức này đo lường tỷ lệ tăng trưởng của dòng tiền từ hoạt động kinh doanh (cfo) so với dòng tiền từ hoạt động đầu tư (cff) và so với dòng tiền từ hoạt động tài chính (cff). Một tỷ lệ cao cho thấy doanh nghiệp có khả năng sinh lời bền vững từ các hoạt động kinh doanh chính, giảm thiểu rủi ro mất vốn từ các khoản cho vay và đầu tư, từ đó cải thiện chất lượng danh mục cho vay và dự phòng rủi ro tín dụng.",note,11.2 Phân tích dư nợ theo thời gian cho vay ban đầu,True,False,raw_division,,(((cfo-cff)/cff)+((cfo-cff)/cfo)+((total_assets-cfo)/total_assets)),5,3,False,False,False
qwen35-2b,0,F2-024,F2,P24-SHB17-bank_loans,True,1,recovered,loan_to_deposit_ratio,(cfo - cff) / cfo,"Công thức này tính tỷ lệ chênh lệch giữa dòng tiền từ hoạt động kinh doanh (cfo) và dòng tiền từ hoạt động tài chính (cff) so với dòng tiền từ hoạt động kinh doanh. Tỷ lệ này cao cho thấy doanh nghiệp có dòng tiền từ kinh doanh mạnh hơn dòng tiền từ tài chính, giảm thiểu sự phụ thuộc vào các khoản cho vay và đầu tư, từ đó nâng cao khả năng tự chủ và chất lượng danh mục cho vay.",note,11.2 Phân tích dư nợ theo thời gian cho vay ban đầu,True,False,raw_division,,((cfo-cff)/cfo),3,2,False,False,False
qwen35-2b,0,F1-017,F1,P25-BVS24-fin_assets,True,0,recovered,beta_equity_growth,"safe_div((growth(equity, 4) - growth(equity, 1)) / growth(equity, 1))","Đo lường tốc độ tăng trưởng vốn chủ sở hữu trên nền tảng lợi nhuận, phản ánh khả năng sinh lời và phát triển tài sản của công ty.",line_item,Vốn chủ sở hữu và Lợi nhuận kế toán trước thuế,False,False,bad_arity:safe_div|raw_division,,"safe_div(((growth(equity,4)-growth(equity,1))/growth(equity,1)))",5,1,False,True,False
qwen35-2b,0,F1-017,F1,P25-BVS24-fin_assets,True,1,recovered,market_cap_adjusted_return,safe_div((close_price - market_cap) / market_cap),"Xác định mức giá đóng cửa so với vốn thị trường, phản ánh hiệu quả định giá và sự chênh lệch giữa giá thực tế và giá trị thị trường.",line_item,Giá đóng cửa và Vốn hoá thị trường,False,False,bad_arity:safe_div|raw_division,,safe_div(((close_price-market_cap)/market_cap)),4,2,False,False,False
qwen35-2b,0,F1-017,F1,P25-BVS24-fin_assets,True,2,recovered,cash_flow_quality_score,safe_div((cfi + cff) / (abs(cfo) + 1e-9)),"Đánh giá chất lượng dòng tiền thông qua tổng hợp dòng tiền từ hoạt động đầu tư và tài chính, loại bỏ ảnh hưởng của dòng tiền thuần từ hoạt động kinh doanh.",line_item,Lưu chuyển tiền thuần từ hoạt động đầu tư và tài chính,False,False,bad_arity:safe_div|raw_division,,safe_div(((cff+cfi)/(1e-09+abs(cfo)))),5,3,False,False,False
qwen35-2b,0,F2-025,F2,P25-BVS24-fin_assets,True,0,strict,beta_fvtpl_growth,"growth(delta(total_assets, 1), 1)","Đánh giá tốc độ tăng trưởng của tổng tài sản trong kỳ so với kỳ trước, phản ánh sức khỏe tài chính và khả năng sinh lời của công ty.",note,7.1 Tài sản tài chính ghi nhận thông qua lãi/lỗ: Cổ phiếu niêm yết | 238.099.845.216 | 257.888.984.770 | 195.203.695.970 | 225.213.953.530,False,True,,,"growth(delta(total_assets,1),1)",3,1,True,True,False
qwen35-2b,0,F4-015,F4,P25-BVS24-fin_assets,True,0,strict,market_cap_ratio,"safe_div(market_cap, total_assets)","Tỷ lệ vốn thị trường trên tổng tài sản phản ánh mức độ rủi ro và khả năng thanh khoản của cổ phiếu, ảnh hưởng trực tiếp đến lợi suất trong ngắn hạn.",line_item,"market_cap, total_assets",False,True,,,"safe_div(market_cap,total_assets)",2,2,True,False,False
qwen35-2b,0,F4-015,F4,P25-BVS24-fin_assets,True,1,strict,profit_margin_ratio,"safe_div(pretax_profit, total_assets)","Tỷ lệ lợi nhuận trên tổng tài sản đo lường hiệu quả sử dụng tài sản để tạo ra lợi nhuận, là yếu tố then chốt định giá cổ phiếu.",line_item,"pretax_profit, total_assets",False,True,,,"safe_div(pretax_profit,total_assets)",2,2,True,False,False
qwen35-2b,0,F4-015,F4,P25-BVS24-fin_assets,True,2,strict,cash_flow_to_assets,"safe_div(cfo, total_assets)","Tỷ lệ lưu chuyển tiền thuần trên tài sản cho thấy dòng tiền thực tế sinh ra từ hoạt động kinh doanh, giảm thiểu rủi ro thanh khoản.",line_item,"cfo, total_assets",False,True,,,"safe_div(cfo,total_assets)",2,2,True,False,False
qwen35-2b,1,F1-001,F1,P01-ANV17-inventory,False,0,strict,Inventory_Growth_Momentum,"safe_div(growth(inventory, 1) - safe_div(growth(inventory, 4), 2)","Đánh giá động lực tăng trưởng hàng tồn kho qua 3 kỳ liên tiếp để xác định xu hướng tích lũy hoặc suy giảm vốn lưu động, ảnh hưởng trực tiếp đến dòng tiền và khả năng thanh toán.",note,"Vòng lặp 3 kỳ liên tiếp (k=1,2,4) trên biến inventory để đo lường trend dài hạn thay vì chỉ số dư cuối kỳ.",False,False,syntax_error,,,,,False,True,False
qwen35-2b,1,F2-001,F2,P01-ANV17-inventory,False,0,strict,Inventory_Writedown_Percentage,"safe_div(inventory_writedown, inventory)",Phân tích tỷ lệ trích lập dự phòng giảm giá so với giá vốn hàng bán giúp đánh giá mức độ suy giảm giá trị tài sản và tác động đến dòng tiền thực tế của doanh nghiệp.,note,"Dự phòng giảm giá hàng tồn kho được lập cho từng mặt hàng tồn kho có giá gốc lớn hơn giá trị thuần có thể thực hiện được. Tăng, giảm số dư dự phòng giảm giá hàng tồn kho cần phải trích lập tại ngày kết thúc năm tài chính được ghi nhận vào giá vốn hàng bán.",True,True,,,"safe_div(inventory_writedown,inventory)",2,2,True,False,False
qwen35-2b,1,F3-001,F3,P01-ANV17-inventory,False,0,recovered,inventory_writedown_ratio,"safe_div(inventory_writedown, inventory_gross)","Tỷ lệ trích lập dự phòng giảm giá so với giá vốn hàng bán phản ánh mức độ suy giảm giá trị thực tế của hàng tồn kho, là chỉ số quan trọng để đánh giá rủi ro và khả năng sinh lời bền vững.",note,Dự phòng giảm giá hàng tồn kho được lập cho từng mặt hàng tồn kho có giá gốc lớn hơn giá trị thuần có thể thực hiện được.,True,True,,,"safe_div(inventory_writedown,inventory_gross)",2,2,True,False,False
qwen35-2b,1,F3-001,F3,P01-ANV17-inventory,False,1,recovered,inventory_turnover_quality,"safe_div(current_assets, inventory)","Chỉ số chất lượng dòng tiền từ hàng tồn kho so với tài sản ngắn hạn ngắn hạn, phản ánh hiệu quả quản lý kho và khả năng chuyển đổi hàng tồn kho thành doanh thu.",line_item,Hàng tồn kho được ghi nhận theo giá thấp hơn giữa giá gốc và giá trị thuần có thể thực hiện được.,False,True,,,"safe_div(current_assets,inventory)",2,2,True,False,False
qwen35-2b,1,F3-001,F3,P01-ANV17-inventory,False,2,recovered,inventory_write_off_impact,"safe_div(inventory_writedown, cogs)","Tỷ lệ trích lập dự phòng giảm giá so với giá vốn hàng bán cho thấy mức độ suy giảm giá trị thực tế của hàng tồn kho so với giá ghi nhận, ảnh hưởng trực tiếp đến lợi nhuận sau thuế và dòng tiền thực tế.",line_item,"Giá trị thuần có thể thực hiện được là giá bán ước tính của hàng tồn kho trong kỳ sản xuất, kinh doanh bình thường trừ chi phí ước tính để hoàn thành và chi phí ước tính cần thiết cho việc tiêu thụ chúng.",False,True,,,"safe_div(inventory_writedown,cogs)",2,2,True,False,False
qwen35-2b,1,F4-001,F4,P01-ANV17-inventory,False,0,strict,inventory_write_off_ratio,"safe_div(gross_profit, safe_div(current_assets, safe_div(current_liabilities, inventory_writedown)))","Tỷ lệ giảm giá trên lợi nhuận gộp phản ánh mức độ suy giảm giá trị tài sản ngắn hạn so với khả năng thanh toán ngắn hạn, là chỉ số xếp hạng quan trọng cho cổ phiếu nông sản.",line_item,"gross_profit, current_assets, current_liabilities, inventory_writedown",False,True,,,"safe_div(gross_profit,safe_div(current_assets,safe_div(current_liabilities,inventory_writedown)))",4,4,True,False,False
qwen35-2b,1,F1-002,F1,P02-HPG24-inventory,False,0,strict,Inventory_Writedown_Risk_Index,(current_assets - inventory) / current_assets - inventory_gross / inventory,"Đánh giá tỷ lệ biến động giữa tài sản ngắn hạn và hàng tồn kho thuần so với hàng tồn kho gốc, kết hợp với tỷ lệ dự phòng giảm giá trên tổng tài sản ngắn hạn để đo lường rủi ro biến động giá trị hàng tồn kho.",note,Tài sản ngắn hạn = Tài sản ngắn hạn - Hàng tồn kho thuần; Tỷ lệ dự phòng = Dự phòng giảm giá / Tổng tài sản ngắn hạn.,False,False,raw_division,,(((current_assets-inventory)/current_assets)-(inventory_gross/inventory)),4,3,False,False,False
qwen35-2b,1,F2-002,F2,P02-HPG24-inventory,False,0,strict,Inventory_Gross_to_Writedown_Ratio,(inventory_gross - inventory_writedown) / inventory_gross,"Chỉ số này đo lường tốc độ chuyển đổi hàng tồn kho thuần thành dự phòng giảm giá trong kỳ, phản ánh hiệu quả quản lý tồn kho và áp lực giá trị thực tế. Tăng trưởng tỷ lệ này thường liên quan đến việc tăng giá trị dự phòng hoặc giảm giá tồn kho.",note,Trong hàng tồn kho tại ngày 31 tháng 12 năm 2024 có 671 tỷ VND hàng tồn kho (1/1/2024: 20.212 tỷ VND) được ghi nhận theo giá trị thuần có thể thực hiện được.,True,False,raw_division,,((inventory_gross-inventory_writedown)/inventory_gross),3,2,False,False,False
qwen35-2b,1,F3-002,F3,P02-HPG24-inventory,False,0,strict,inventory_writedown_ratio,"safe_div(inventory_writedown, inventory_gross)","Tỷ lệ giảm giá hàng tồn kho so với giá gốc cho thấy mức độ suy giảm giá trị tài sản, tác động trực tiếp đến dòng tiền và lợi nhuận sau thuế.",line_item,"10.2 Dài hạn... Thiết bị, vật tư, phụ tùng thay thế dài hạn | 429.422.385.383 | - | - | -",False,False,duplicate,,"safe_div(inventory_writedown,inventory_gross)",2,2,False,False,False
qwen35-2b,1,F1-003,F1,P03-PNJ24-inventory,False,0,recovered,Inventory_Shock_Index,"safe_div(current_assets - inventory_writedown, safe_div(current_assets, 1000000))","Đánh giá mức độ sụt giảm tài sản ngắn hạn do dự phòng giảm giá hàng tồn kho, phản ánh áp lực thanh khoản và rủi ro tồn kho trực tiếp.",note,Tài sản ngắn hạn bao gồm hàng tồn kho thuần và dự phòng giảm giá; sự thay đổi trong inventory_writedown ảnh hưởng trực tiếp đến current_assets.,False,True,,,"safe_div((current_assets-inventory_writedown),safe_div(current_assets,1000000))",3,2,True,False,False
qwen35-2b,1,F1-003,F1,P03-PNJ24-inventory,False,1,recovered,Inventory_Growth_Elasticity,"safe_div(growth(inventory, 1), safe_div(current_assets, 1000000))","Xác định tốc độ tăng trưởng hàng tồn kho so với tài sản ngắn hạn, đo lường tác động đến dòng tiền và khả năng thanh toán.",line_item,Hàng tồn kho (thuần) và Doanh thu thuần cùng ảnh hưởng đến giá trị tài sản ngắn hạn và dòng tiền.,False,True,,,"safe_div(growth(inventory,1),safe_div(current_assets,1000000))",3,2,True,True,False
qwen35-2b,1,F1-003,F1,P03-PNJ24-inventory,False,2,recovered,Write_Off_Risk_Margin,"safe_div(growth(inventory_writedown, 1), safe_div(current_assets, 1000000))","Đo lường mức độ rủi ro và tốc độ tăng trưởng của các khoản dự phòng giảm giá, phản ánh hiệu quả quản lý tồn kho và chất lượng hàng hóa.",line_item,"Dự phòng giảm giá hàng tồn kho (ghi số âm) là khoản giảm trừ trong tài sản ngắn hạn, cần phân tích riêng biệt.",False,True,,,"safe_div(growth(inventory_writedown,1),safe_div(current_assets,1000000))",3,2,True,True,False
qwen35-2b,1,F2-003,F2,P03-PNJ24-inventory,False,0,strict,Inventory_Writedown_Growth,"safe_div(inventory_writedown, inventory)","Công thức này đo lường tốc độ tăng trưởng của khoản dự phòng giảm giá hàng tồn kho so với hàng tồn kho thuần, phản ánh hiệu quả quản lý tồn kho và khả năng thanh toán rủi ro giá trị giảm giá.",note,"Dự phòng được lập cho hàng tồn kho bị lỗi thời, chậm lưu chuyển và bị hồng. Chênh lệch giữa khoản dự phòng phải lập ở cuối năm tài chính này và khoản dự phòng đã lập ở cuối năm tài chính trước được ghi nhận tăng hoặc giảm giá vốn hàng bán trong năm tài chính.",True,False,duplicate,,"safe_div(inventory_writedown,inventory)",2,2,False,False,False
qwen35-2b,1,F4-002,F4,P03-PNJ24-inventory,False,0,strict,inventory_write_off_ratio,"safe_div(gross_profit, safe_div(current_assets, safe_div(current_liabilities, inventory_writedown)))",Tỷ lệ giảm giá hàng tồn kho so với lợi nhuận gộp phản ánh hiệu quả quản lý kho và khả năng thanh toán nợ ngắn hạn.,line_item,"gross_profit, current_assets, current_liabilities, inventory_writedown",False,False,duplicate,,"safe_div(gross_profit,safe_div(current_assets,safe_div(current_liabilities,inventory_writedown)))",4,4,False,False,False
qwen35-2b,1,F1-004,F1,P04-GAS24-receivables,False,0,strict,receivables_customers_growth_rate,"safe_div((receivables_customers - lag(receivables_customers, 1)) / lag(receivables_customers, 1))","Đánh giá tốc độ tăng trưởng của khoản phải thu ngắn hạn của khách hàng, phản ánh khả năng thu hồi nợ từ khách hàng và chất lượng khách hàng, là yếu tố then chốt cho doanh nghiệp bán hàng hoặc cung cấp dịch vụ.",line_item,Vốn chủ sở hữu và lợi nhuận sau thuế của doanh nghiệp,False,False,bad_arity:safe_div|raw_division,,"safe_div(((receivables_customers-lag(receivables_customers,1))/lag(receivables_customers,1)))",5,1,False,True,False
qwen35-2b,1,F1-004,F1,P04-GAS24-receivables,False,1,strict,receivables_customers_to_equity_ratio,safe_div(receivables_customers / equity),"Xác định mức độ phụ thuộc vào khoản phải thu ngắn hạn của khách hàng so với vốn chủ sở hữu, đo lường rủi ro nợ xấu tiềm ẩn và khả năng thanh toán nợ ngắn hạn.",line_item,Vốn chủ sở hữu và lợi nhuận sau thuế của doanh nghiệp,False,False,bad_arity:safe_div|raw_division,,safe_div((receivables_customers/equity)),3,2,False,False,False
qwen35-2b,1,F1-004,F1,P04-GAS24-receivables,False,2,strict,receivables_customers_to_revenue_ratio,safe_div(receivables_customers / revenue),"Đánh giá tỷ lệ doanh thu thuần được ghi nhận trên khoản phải thu ngắn hạn của khách hàng, phản ánh hiệu quả bán hàng và chất lượng khách hàng.",line_item,Doanh thu thuần và khoản phải thu ngắn hạn của khách hàng,False,False,bad_arity:safe_div|raw_division,,safe_div((receivables_customers/revenue)),3,2,False,False,False
qwen35-2b,1,F2-004,F2,P04-GAS24-receivables,False,0,strict,receivables_customers_growth_rate,"safe_div(receivables_customers, current_assets - safe_div(receivables_customers, current_assets))","Đo lường tốc độ tăng trưởng của khoản phải thu ngắn hạn so với tài sản ngắn hạn, phản ánh khả năng chuyển đổi thành dòng tiền thực tế của doanh nghiệp.",note,Bên thứ ba (*) Chi tiết khách hàng bên thu ba có số dư chiếm từ 10% trở lên trong tổng số dư phải thu ngắn hạn của khách hàng như sau:,False,True,,,"safe_div(receivables_customers,(current_assets-safe_div(receivables_customers,current_assets)))",4,2,True,False,False
qwen35-2b,1,F3-003,F3,P04-GAS24-receivables,False,0,recovered,receivables_customers_to_revenue_ratio,"safe_div(receivables_customers, revenue)","Tỷ lệ phải thu ngắn hạn của khách hàng so với doanh thu thuần phản ánh mức độ rủi ro tín dụng và khả năng thanh toán của khách hàng đối với doanh nghiệp, ảnh hưởng trực tiếp đến dòng tiền thực tế.",note,Bên thứ ba (*) Chi tiết khách hàng bên thu ba có số dư chiếm từ 10% trở lên trong tổng số dư phải thu ngắn hạn của khách hàng như sau:,False,True,,,"safe_div(receivables_customers,revenue)",2,2,True,False,False
qwen35-2b,1,F3-003,F3,P04-GAS24-receivables,False,1,recovered,receivables_customers_growth_rate,"safe_div(delta(receivables_customers, 4), delta(receivables_customers, 3))",Tốc độ tăng trưởng của khoản phải thu ngắn hạn cho thấy mức độ tăng trưởng của doanh nghiệp trong tương lai và khả năng giữ chân khách hàng.,line_item,Bên thứ ba (*) Chi tiết khách hàng bên thu ba có số dư chiếm từ 10% trở lên trong tổng số dư phải thu ngắn hạn của khách hàng như sau:,False,False,bad_lag:delta,,"safe_div(delta(receivables_customers,4),delta(receivables_customers,3))",3,1,False,True,False
qwen35-2b,1,F3-003,F3,P04-GAS24-receivables,False,2,recovered,receivables_customers_to_revenue_ratio,"safe_div(receivables_customers, revenue)","Tỷ lệ phải thu ngắn hạn của khách hàng so với doanh thu thuần phản ánh mức độ rủi ro tín dụng và khả năng thanh toán của khách hàng đối với doanh nghiệp, ảnh hưởng trực tiếp đến dòng tiền thực tế.",line_item,Bên thứ ba (*) Chi tiết khách hàng bên thu ba có số dư chiếm từ 10% trở lên trong tổng số dư phải thu ngắn hạn của khách hàng như sau:,False,False,duplicate,,"safe_div(receivables_customers,revenue)",2,2,False,False,False
qwen35-2b,1,F4-003,F4,P04-GAS24-receivables,False,0,strict,receivables_customers_to_revenue_ratio,"safe_div(receivables_customers, revenue)",Tỷ lệ tăng trưởng của khoản phải thu ngắn hạn so với doanh thu cho thấy khả năng thu hồi nợ và phát sinh nợ khó đòi.,line_item,"receivables_customers, revenue",False,False,duplicate,,"safe_div(receivables_customers,revenue)",2,2,False,False,False
qwen35-2b,1,F2-005,F2,P05-HUT24-receivables,False,0,strict,revenue_per_unit_of_receivables,"(revenue - provision_doubtful_debt) / safe_div(receivables_customers, current_assets)","Công thức này đo lường hiệu quả kinh doanh trên mỗi đơn vị nợ phải thu, loại bỏ ảnh hưởng của tài sản ngắn hạn để tập trung vào dòng tiền thực tế tạo ra từ các khoản nợ.",note,Giá gốc | Dự phòng | Giá trị có thể thu hồi,True,False,raw_division,,"((revenue-provision_doubtful_debt)/safe_div(receivables_customers,current_assets))",3,4,False,False,False
qwen35-2b,1,F3-004,F3,P05-HUT24-receivables,False,0,recovered,receivables_customers_growth,"safe_div(growth(receivables_customers, 4), mean(receivables_customers, 4))","Tăng trưởng của khoản phải thu ngắn hạn cho thấy tốc độ tăng trưởng doanh thu và khả năng thanh toán khách hàng, là yếu tố then chốt cho lợi suất cổ phiếu trong ngắn hạn.",note,"Chi tiết tình hình tăng, giảm dự phòng nợ phải thu khó đòi | Năm nay | Năm trước | Số dư đầu năm | 158.727.455.108 | 154.109.309.303",False,True,,,"safe_div(growth(receivables_customers,4),mean(receivables_customers,4))",3,1,True,True,False
qwen35-2b,1,F1-005,F1,P06-TNG24-debt,False,0,strict,Interest_Shock_Ratio,"safe_div(interest_expense, safe_div(cash_and_equivalents, safe_div(total_assets, safe_div(current_liabilities, 1))))","Đo lường mức độ tác động của chi phí lãi vay lên khả năng thanh toán và khả năng vay nợ của doanh nghiệp, phản ánh rủi ro thanh khoản và chi phí tài chính.",line_item,"Chi phí lãi vay (interest_expense) và các chỉ tiêu nợ phải trả (current_liabilities, short_term_debt, long_term_debt) được dùng để đánh giá rủi ro thanh khoản và khả năng vay nợ.",False,True,,,"safe_div(interest_expense,safe_div(cash_and_equivalents,safe_div(total_assets,safe_div(current_liabilities,1))))",5,4,True,False,False
qwen35-2b,1,F2-006,F2,P06-TNG24-debt,False,0,strict,interest_rate_ratio,"safe_div(interest_expense, safe_div(current_liabilities, safe_div(total_assets, safe_div(current_liabilities))))","Công thức này đo lường tỷ lệ chi phí lãi vay trên tổng tài sản và nợ phải trả ngắn hạn, phản ánh mức độ rủi ro vay nợ và chi phí tài chính trong kỳ. Tăng của chỉ tiêu này thường dẫn đến giảm lợi nhuận sau thuế và tăng lợi suất cổ phiếu nếu doanh nghiệp có khả năng trả nợ tốt.",note,"Thuyết minh số 22: Vay dài hạn - Số cuối năm: 606.505.249.924; Số cuối năm: 716.279.584.223; Lãi suất trong năm: 12%/năm; Lãi suất cho vay bằng lãi suất cơ sở cộng (+) biên độ 3,5% một năm.",False,False,bad_arity:safe_div,,"safe_div(interest_expense,safe_div(current_liabilities,safe_div(total_assets,safe_div(current_liabilities))))",5,3,False,False,False
qwen35-2b,1,F4-004,F4,P06-TNG24-debt,False,0,strict,interest_to_equity_ratio,"safe_div(interest_expense, safe_div(cash_and_equivalents, safe_div(total_assets, 4)))","Tỷ lệ chi phí lãi vay trên vốn tự có giúp đo lường mức độ rủi ro tài chính và khả năng thanh toán của doanh nghiệp, ảnh hưởng trực tiếp đến lợi suất cổ phiếu.",line_item,"interest_expense, cash_and_equivalents, total_assets",False,True,,,"safe_div(interest_expense,safe_div(cash_and_equivalents,safe_div(total_assets,4)))",4,3,True,False,False
qwen35-2b,1,F1-006,F1,P07-NLG17-debt,False,0,strict,Interest_Shock_Ratio,"safe_div(interest_expense, safe_div(cash_and_equivalents, safe_div(total_assets, safe_div(current_liabilities, 1))))","Đo lường mức độ tăng trưởng của chi phí lãi vay so với khả năng thanh toán ngắn hạn và tài sản, phản ánh rủi ro thanh khoản và áp lực lãi vay đối với dòng tiền.",note,Tương quan giữa chi phí lãi vay và khả năng thanh toán ngắn hạn,False,False,duplicate,,"safe_div(interest_expense,safe_div(cash_and_equivalents,safe_div(total_assets,safe_div(current_liabilities,1))))",5,4,False,False,False
qwen35-2b,1,F2-007,F2,P07-NLG17-debt,False,0,strict,interest_rate_ratio,(interest_expense / revenue) * 100,"Xác định tỷ lệ chi phí lãi vay trên doanh thu thuần, phản ánh mức độ rủi ro và chi phí tài chính của doanh nghiệp vay nợ.",note,Chi phí phát hành trái phiếu | 309.490.741 | 309.490.741 | 309.490.741,False,False,raw_division,,((interest_expense/revenue)*100),3,2,False,False,False
qwen35-2b,1,F3-005,F3,P07-NLG17-debt,False,0,strict,interest_rate_to_debt_ratio,"safe_div(interest_expense, short_term_debt)",Tỷ lệ chi phí lãi vay so với nợ vay ngắn hạn phản ánh mức độ rủi ro tài chính và áp lực lãi suất; tỷ lệ cao làm giảm lợi suất cổ phiếu khi lãi vay tăng.,line_item,"Vay ngắn hạn từ ngân hàng | 113.644.486.982 | 82.126.096.080 | Vay dài hạn đến hạn trả | 99.522.177.000 | 101.943.358.000 | Vay dài hạn từ ngân hàng | 228.548.210.000 | 349.613.387.000 | Lãi suất%/năm | 10,5 | 7,8 | 7,5 | 10,2 | 9,9 | Chi phí phát hành trái phiếu | - | 309.490.741 | 309.490.741",False,True,,,"safe_div(interest_expense,short_term_debt)",2,2,True,False,False
qwen35-2b,1,F4-005,F4,P07-NLG17-debt,False,0,strict,interest_expense_to_equity_ratio,"safe_div(interest_expense, safe_div(equity, safe_div(total_assets, 4)))","Tỷ lệ chi phí lãi vay trên vốn chủ sở hữu phản ánh mức độ rủi ro tài chính và áp lực thanh khoản, là yếu tố then chốt ảnh hưởng đến lợi suất cổ phiếu trong bối cảnh vay nợ.",line_item,"interest_expense, equity, total_assets, current_liabilities, short_term_debt, long_term_debt",False,True,,,"safe_div(interest_expense,safe_div(equity,safe_div(total_assets,4)))",4,3,True,False,False
qwen35-2b,1,F2-008,F2,P08-POW17-debt,False,0,strict,Interest_Shareholder_Value,(interest_expense + (cash_and_equivalents - current_liabilities)) / total_assets,"Công thức này đo lường tỷ lệ chi phí lãi vay và tiền gửi tương đương so với tổng tài sản, phản ánh áp lực thanh khoản và chi phí tài chính ảnh hưởng trực tiếp đến lợi nhuận và giá trị cổ phần của cổ đông.",note,"Theo Nghị quyết số 753/NQ-DKVN ngày 05 tháng 02 năm 2016 của Hội đồng Thành viên Tập đoàn Dầu khí Việt Nam, Tập đoàn chấp thuận bản giao tài sản Nhà máy Nhiệt điện Vũng Áng 1 và Sân phân phối 500kV Trung tâm Điện lực Vũng Áng cho Tổng Công ty từ 24h ngày 31 tháng 12 năm 2015. Theo đó, Tập đoàn chuyển cho Tổng Công ty các hợp đồng vay có gốc USD tài trợ cho Nhà máy Nhiệt điện Vũng Áng có số dự tại ngày 31 tháng 12 năm 2015 là 764.516.576,33 USD (tương đường 16.034.180.412.163 VND). Tại ngày 31 tháng 12 năm 2017, số dư của các khoản vay này là 505.193.664,57 USD (tương đường 11.450.214.577.237 VND, trong đó, lãi chênh lệch tỷ giá phát sinh tại thời điểm cuối năm do đánh giá lại các khoản vay có gốc ngoại tệ này và được ghi nhận vào kết quả hoạt động kinh doanh năm 2017 là 27.785.486.563 VND). Định kỳ đến hạn trả nợ, Tổng Công ty chuyển tiền về Tập đoàn để thực hiện trả nợ gốc, lãi các khoản vay này cho Ngân hàng.",False,False,raw_division,,(((cash_and_equivalents-current_liabilities)+interest_expense)/total_assets),4,4,False,False,False
qwen35-2b,1,F3-006,F3,P08-POW17-debt,False,0,strict,interest_rate_risk_factor,"safe_div(interest_expense, safe_div(total_assets, current_liabilities))","Chi phí lãi vay trên tổng tài sản và nợ phải trả đo lường mức độ rủi ro thanh khoản và chi phí cố định, ảnh hưởng trực tiếp đến lợi nhuận sau thuế và giá cổ phiếu.",note,"Chi phí lãi vay trên tổng tài sản và nợ phải trả đo lường mức độ rủi ro thanh khoản và chi phí cố định, ảnh hưởng trực tiếp đến lợi nhuận sau thuế và giá cổ phiếu.",False,True,,,"safe_div(interest_expense,safe_div(total_assets,current_liabilities))",3,3,True,False,False
qwen35-2b,1,F1-007,F1,P09-HAH24-fixed_assets,False,0,strict,Capital_Intensity_Equity_Ratio,(long_term_assets - construction_in_progress) / (equity + long_term_assets),"Đánh giá tỷ lệ tài sản dài hạn trên vốn chủ sở hữu, phản ánh mức độ đầu tư dài hạn và hiệu quả sử dụng vốn cho các dự án đầu tư mới.",line_item,"long_term_assets, construction_in_progress, equity, tài sản cố định hữu hình",False,False,raw_division,,((long_term_assets-construction_in_progress)/(equity+long_term_assets)),3,3,False,False,False
qwen35-2b,1,F2-009,F2,P09-HAH24-fixed_assets,False,0,strict,growth_per_capital_ratio,"(delta(tangible_fixed_assets, 1) - delta(tangible_fixed_assets, 0)) / safe_div(capex, 0)","Đánh giá tốc độ tăng trưởng của tài sản cố định hữu hình so với kỳ trước trên mỗi đơn vị vốn đầu tư mới, phản ánh hiệu quả đầu tư vào tài sản dài hạn.",note,"Tài sản cố định hữu hình được khấu hao theo phương pháp đường thẳng dựa trên thời gian hữu dụng ước tính. Số năm khấu hao của các loại tài sản cố định hữu hình như sau: Máy móc, thiết bị | 03-10; Phương tiện vận tải truyền dẫn | 06-15.",False,False,raw_division|bad_lag:delta,,"((delta(tangible_fixed_assets,1)-delta(tangible_fixed_assets,0))/safe_div(capex,0))",4,2,False,True,False
qwen35-2b,1,F3-007,F3,P09-HAH24-fixed_assets,False,0,strict,capex_growth_to_fixed_assets,"safe_div(cfo - capex, fixed_assets)","Sự chênh lệch giữa lưu chuyển tiền thuần và chi phí mua sắm cho thấy tốc độ đầu tư mới thực tế, phản ánh khả năng tái đầu tư và mở rộng quy mô.",line_item,"Tài sản cố định hữu hình được khấu hao theo phương pháp đường thẳng dựa trên thời gian hữu dụng ước tính. Số năm khấu hao của các loại tài sản cố định hữu hình như sau: Máy móc, thiết bị | 03-10... Phương tiện vận tải truyền dẫn | 06-15...",False,True,,,"safe_div((cfo-capex),fixed_assets)",3,3,True,False,False
qwen35-2b,1,F3-007,F3,P09-HAH24-fixed_assets,False,1,strict,tangible_fixed_assets_to_equity_ratio,"safe_div(tangible_fixed_assets, equity)",Tỷ lệ tài sản cố định hữu hình so với vốn chủ sở hữu cho thấy mức độ đầu tư dài hạn và chất lượng tài sản cố định so với tài sản ngắn hạn.,line_item,Tài sản cố định hữu hình được thể hiện theo nguyên giá trừ hao mòn lũy kế. Nguyên giá tài sản cố định hữu hình bao gồm toàn bộ các chi phí mà Tập đoàn phải bỏ ra để có được tài sản cố định tính đến thời điểm đưa tài sản đó vào trạng thái sẵn sàng sử dụng.,False,True,,,"safe_div(tangible_fixed_assets,equity)",2,2,True,False,False
qwen35-2b,1,F3-007,F3,P09-HAH24-fixed_assets,False,2,strict,depreciation_rate_to_revenue,"safe_div(depreciation, revenue)","Tỷ lệ khấu hao trên mỗi đơn vị doanh thu cho thấy mức độ đầu tư mới và khả năng tái đầu tư, đồng thời phản ánh hiệu quả sử dụng tài sản cố định.",note,"Tài sản cố định hữu hình được khấu hao theo phương pháp đường thẳng dựa trên thời gian hữu dụng ước tính. Số năm khấu hao của các loại tài sản cố định hữu hình như sau: Máy móc, thiết bị | 03-10... Phương tiện vận tải truyền dẫn | 06-15...",False,True,,,"safe_div(depreciation,revenue)",2,2,True,False,False
qwen35-2b,1,F4-006,F4,P09-HAH24-fixed_assets,False,0,strict,capex_to_equity_ratio,"growth((safe_div(capex, long_term_assets), 4) / safe_div(capex, long_term_assets), 4)","Công thức đo lường tốc độ đầu tư mới so với tài sản dài hạn, phản ánh khả năng tái đầu tư và tăng trưởng tài sản cố định.",line_item,"capex, long_term_assets",False,False,syntax_error:Tuple,,,,,False,True,False
qwen35-2b,1,F2-010,F2,P10-TNG17-fixed_assets,False,0,strict,growth_per_capital_fixed,"(growth(tangible_fixed_assets, 1) - growth(tangible_fixed_assets, 0)) / safe_div(capex, 0)","Công thức này đo lường tốc độ tăng trưởng của tài sản cố định hữu hình trên mỗi đơn vị vốn đầu tư mới. Nó phân tách tác động của việc đầu tư mới (thông qua biến capex) và tác động của việc nâng cấp hoặc thay thế (thông qua tăng trưởng giá trị tài sản cố định hữu hình). Việc tăng trưởng giá trị TSCĐ hữu hình thường phản ánh hiệu quả sử dụng vốn và khả năng mở rộng sản xuất, trong khi biến capex cho biết mức độ đầu tư mới. Sự tương quan giữa hai biến này giúp xác định cổ phiếu có đang được đầu tư mới mạnh mẽ để nâng cao năng suất vốn hay không.",note,Nguyên giá của tài sản cố định bao gồm các thiết bị đã khấu hao hết tại ngày 31 tháng 12 năm 2017 nhưng vẫn còn sử dụng với giá trị là 120.982.629.067 VND (tại ngày 31 tháng 12 năm 2016: 112.218.072.753 VND).,True,False,raw_division|bad_lag:growth,,"((growth(tangible_fixed_assets,1)-growth(tangible_fixed_assets,0))/safe_div(capex,0))",4,2,False,True,False
qwen35-2b,1,F3-008,F3,P10-TNG17-fixed_assets,False,0,recovered,capex_growth_to_fixed_assets,"safe_div(cfo - capex, fixed_assets)","Tăng trưởng dòng tiền thuần so với chi phí mua sắm cho thấy hiệu quả sử dụng vốn đầu tư, cổ phiếu có dòng tiền tăng trưởng cao thường có lợi suất cao hơn.",line_item,"Tăng do mua sắm mới trong năm, Thanh lý, nhượng bán, Số dư cuối năm",False,False,duplicate,,"safe_div((cfo-capex),fixed_assets)",3,3,False,False,False
qwen35-2b,1,F3-008,F3,P10-TNG17-fixed_assets,False,1,recovered,tangible_fixed_assets_to_total_assets,"safe_div(tangible_fixed_assets, total_assets)","Tỷ trọng tài sản cố định hữu hình so với tổng tài sản phản ánh tỷ trọng tài sản vật chất, cổ phiếu có tỷ trọng cao thường có lợi suất ổn định hơn.",note,Nguyên giá của tài sản cố định bao gồm các thiết bị đã khấu hao hết tại ngày 31 tháng 12 năm 2017 nhưng vẫn còn sử dụng với giá trị là 120.982.629.067 VND (tại ngày 31 tháng 12 năm 2016: 112.218.072.753 VND).,True,True,,,"safe_div(tangible_fixed_assets,total_assets)",2,2,True,False,False
qwen35-2b,1,F3-008,F3,P10-TNG17-fixed_assets,False,2,recovered,construction_in_progress_to_fixed_assets,"safe_div(construction_in_progress, fixed_assets)","Tỷ trọng tài sản dở dang so với tài sản cố định cho thấy tiềm năng đầu tư mới, cổ phiếu có tỷ trọng này cao thường có lợi suất tăng trưởng mạnh.",line_item,Số dư đầu năm | 663.579.937.073 | 602.081.775.048 | 9.942.253.146 | 3.551.721.851 | 1.586.314.137 | 1.280.742.001.255,False,False,copied_fewshot,,"safe_div(construction_in_progress,fixed_assets)",2,2,False,False,False
qwen35-2b,1,F2-011,F2,P11-HPG17-cip,False,0,strict,Construction_InProgress_Ratio,(construction_in_progress + long_term_assets) / total_assets,"Công thức này đo lường tỷ lệ tài sản đang xây dựng so với tổng tài sản, phản ánh tốc độ đầu tư mở rộng và khả năng tạo ra tài sản cố định trong tương lai, từ đó dự báo tăng trưởng lợi nhuận sau thuế.",note,"Xây dựng cơ bản dở dang phần ánh (i) các khoản chi phí xây dựng và máy móc chưa được hoàn thành hoặc chưa lắp đặt xong và (ii) các khoản chi phí liên quan trực tiếp đến việc chăn nuôi lợn giống đang lớn và chưa sẵn sàng tạo ra sản phẩm. Không tính khấu hao cho xây dựng cơ bản dở dang trong quá trình xây dựng, lắp đặt và trong giai đoạn lợn giống chưa sẵn sàng tạo ra sản phẩm.",True,False,raw_division,,((construction_in_progress+long_term_assets)/total_assets),3,3,False,False,False
qwen35-2b,1,F4-007,F4,P11-HPG17-cip,False,0,recovered,construction_in_progress_to_equity_ratio,"safe_div(construction_in_progress, equity)","Tỷ lệ đầu tư xây dựng so với vốn chủ sở hữu phản ánh tốc độ đầu tư dài hạn, biến số quan trọng cho xếp hạng cổ phiếu trong giai đoạn xây dựng.",line_item,"construction_in_progress, equity",False,True,,,"safe_div(construction_in_progress,equity)",2,2,True,False,False
qwen35-2b,1,F4-007,F4,P11-HPG17-cip,False,1,recovered,construction_in_progress_to_revenue_ratio,"safe_div(construction_in_progress, revenue)","Tỷ lệ đầu tư xây dựng so với doanh thu cho thấy mức độ đầu tư dự án chưa hoàn thiện so với doanh thu thực tế, ảnh hưởng đến dòng tiền và lợi nhuận.",line_item,"construction_in_progress, revenue",False,True,,,"safe_div(construction_in_progress,revenue)",2,2,True,False,False
qwen35-2b,1,F4-007,F4,P11-HPG17-cip,False,2,recovered,construction_in_progress_to_depreciation_ratio,"safe_div(construction_in_progress, depreciation)","Tỷ lệ đầu tư xây dựng so với khấu hao cho biết mức độ đầu tư dài hạn đang được ghi nhận vào chi phí khấu hao, tác động trực tiếp đến lợi nhuận sau thuế.",line_item,"construction_in_progress, depreciation",False,True,,,"safe_div(construction_in_progress,depreciation)",2,2,True,False,False
qwen35-2b,1,F1-008,F1,P12-VGC24-cip,False,0,strict,Construction_Capex_Ratio,"safe_div(construction_in_progress, safe_div(cfo, safe_div(revenue, 1)))","Đánh giá tốc độ đầu tư xây dựng cơ bản bằng tỷ lệ giữa chi phí đầu tư xây dựng TSCĐ (bao gồm cả các khoản phát sinh trong kỳ) và dòng tiền thuần từ hoạt động kinh doanh, phản ánh hiệu quả sử dụng vốn cho các dự án đang triển khai.",note,"Tỷ lệ này đo lường tỷ lệ chi phí đầu tư xây dựng so với dòng tiền kinh doanh, giúp xác định mức độ đầu tư dài hạn và hiệu quả đầu tư của doanh nghiệp xây dựng.",False,True,,,"safe_div(construction_in_progress,safe_div(cfo,safe_div(revenue,1)))",4,3,True,False,False
qwen35-2b,1,F2-012,F2,P12-VGC24-cip,False,0,strict,Construction_InProgress_Growth,"growth(construction_in_progress, 1)","Công thức này đo lường tốc độ tăng trưởng của khoản đầu tư xây dựng cơ bản dở dang theo quý. Tăng trưởng của khoản đầu tư này thường phản ánh dự trù và tiến độ hoàn thiện dự án, từ đó tác động trực tiếp đến dòng tiền từ hoạt động đầu tư và khả năng sinh lời của doanh nghiệp trong kỳ tới.",note,"Dự án Khu công nghiệp Thuận Thành giai đoạn I... Tính đến thời điểm lập báo cáo, dự án đang trong giai đoạn thực hiện sản lắp mặt bằng, xây dựng hạ tầng xung quanh và bàn giao.",False,True,,,"growth(construction_in_progress,1)",2,1,True,True,False
qwen35-2b,1,F3-009,F3,P12-VGC24-cip,False,0,recovered,construction_in_progress_to_depreciation_ratio,"safe_div(construction_in_progress, depreciation)","Tỷ lệ đầu tư xây dựng so với khấu hao phản ánh tốc độ mở rộng cơ sở hạ tầng và dự án mới, tác động trực tiếp đến dòng tiền trong tương lai và khả năng sinh lời.",note,"Tài sản dở dang dài hạn, Khấu hao tài sản cố định",False,False,duplicate,,"safe_div(construction_in_progress,depreciation)",2,2,False,False,False
qwen35-2b,1,F3-009,F3,P12-VGC24-cip,False,1,recovered,construction_in_progress_to_depreciation_ratio,"safe_div(construction_in_progress, depreciation)","Tỷ lệ đầu tư xây dựng so với khấu hao phản ánh tốc độ mở rộng cơ sở hạ tầng và dự án mới, tác động trực tiếp đến dòng tiền trong tương lai và khả năng sinh lời.",line_item,"Dự án Khu công nghiệp Thuận Thành giai đoạn I, Dự án Khu công nghiệp Phú Hà giai đoạn I, Dự án Khu công nghiệp Tiền Hải - Thái Bình, Dự án khu công nghiệp Yên Mỹ, Dự án Khu công nghiệp Phong Điền - Viglacera, Huế, Dự án Khu công nghiệp Vimariel, Dự án Nhà máy kinh nổi Siêu trắng Phú Mỹ, Dự án Khu công nghiệp Sông Công II giai đoạn 2, Dự án Khu du lịch sinh thái cao cấp Văn Hải, Dự án Khu công nghiệp Hải Yên, Dự án Khu công nghiệp Yên Phong II-C",False,False,duplicate,,"safe_div(construction_in_progress,depreciation)",2,2,False,False,False
qwen35-2b,1,F4-008,F4,P12-VGC24-cip,False,0,recovered,construction_in_progress_to_equity_ratio,"safe_div(construction_in_progress, equity)","Tỷ lệ đầu tư xây dựng so với vốn chủ sở hữu phản ánh tốc độ mở rộng cơ sở hạ tầng, biến số quan trọng cho cổ phiếu sản xuất.",line_item,"construction_in_progress, equity",False,False,duplicate,,"safe_div(construction_in_progress,equity)",2,2,False,False,False
qwen35-2b,1,F4-008,F4,P12-VGC24-cip,False,1,recovered,construction_in_progress_to_revenue_ratio,"safe_div(construction_in_progress, revenue)",So sánh chi phí đầu tư xây dựng với doanh thu thuần để đánh giá hiệu quả đầu tư xây dựng trong kỳ.,line_item,"construction_in_progress, revenue",False,False,duplicate,,"safe_div(construction_in_progress,revenue)",2,2,False,False,False
qwen35-2b,1,F4-008,F4,P12-VGC24-cip,False,2,recovered,construction_in_progress_to_depreciation_ratio,"safe_div(construction_in_progress, depreciation)",Tỷ lệ đầu tư xây dựng so với khấu hao cho thấy mức độ đầu tư vào cơ sở hạ tầng so với tốc độ hao mòn.,line_item,"construction_in_progress, depreciation",False,False,duplicate,,"safe_div(construction_in_progress,depreciation)",2,2,False,False,False
qwen35-2b,1,F2-013,F2,P13-NLG24-customer_advances,False,0,strict,customer_advances_growth_rate,"(delta(customer_advances, 1) - delta(customer_advances, 0)) / safe_div(customer_advances, 0)","Đo lường tốc độ tăng trưởng của khoản tiền người mua trả trước ngắn hạn, phản ánh trực tiếp sự gia tăng của dòng tiền từ khách hàng trong kỳ, từ đó dự báo tăng trưởng doanh thu chưa thực hiện.",note,Tiền cho thuê nhận trước từ khách hàng cho toàn bộ giai đoạn thuê và được phân bổ định kỳ.,False,False,raw_division|bad_lag:delta,,"((delta(customer_advances,1)-delta(customer_advances,0))/safe_div(customer_advances,0))",4,1,False,True,False
qwen35-2b,1,F1-009,F1,P14-IDC24-customer_advances,False,0,strict,Customer_Advance_Ratio,"safe_div(customer_advances, cash_and_equivalents)","Đánh giá mức độ tín dụng của khách hàng đối với doanh nghiệp, phản ánh khả năng thanh toán và chất lượng dòng tiền từ các khoản vay ngắn hạn.",note,Khái niệm về người mua trả tiền trước và mối liên hệ với dòng tiền ngắn hạn,False,True,,,"safe_div(customer_advances,cash_and_equivalents)",2,2,True,False,False
qwen35-2b,1,F2-014,F2,P14-IDC24-customer_advances,False,0,recovered,customer_advances_growth_ratio,"(delta(customer_advances, 1) / customer_advances) * 100","Đánh giá tốc độ gia tăng của khoản tiền người mua trả trước ngắn hạn, phản ánh khả năng thanh toán nhanh và uy tín của khách hàng đối với doanh thu ngắn hạn.",line_item,Doanh thu nhận trước ngắn hạn khác 66.911.740 VND,False,False,raw_division,,"((delta(customer_advances,1)/customer_advances)*100)",4,1,False,True,False
qwen35-2b,1,F2-014,F2,P14-IDC24-customer_advances,False,1,recovered,revenue_revenue_revenue,"(delta(revenue, 1) / revenue) * 100","Xác định mức tăng trưởng của doanh thu thuần, là chỉ tiêu cốt lõi để dự báo lợi suất cổ phiếu dựa trên dòng tiền thực tế từ khách hàng.",note,"Doanh thu thuần [VND, phát sinh trong kỳ]",False,False,raw_division,,"((delta(revenue,1)/revenue)*100)",4,1,False,True,False
qwen35-2b,1,F2-014,F2,P14-IDC24-customer_advances,False,2,recovered,customer_advances_to_revenue_ratio,"safe_div(customer_advances, revenue)","Đánh giá tỷ lệ giữa khoản tiền người mua trả trước ngắn hạn và doanh thu thuần, cho thấy mức độ phụ thuộc vào khách hàng trả tiền trước trong cấu trúc doanh thu.",line_item,Doanh thu nhận trước ngắn hạn khác 66.911.740 VND,False,True,,,"safe_div(customer_advances,revenue)",2,2,True,False,False
qwen35-2b,1,F3-011,F3,P14-IDC24-customer_advances,False,0,recovered,customer_advances_to_revenue_ratio,"safe_div(customer_advances, revenue)","Tỷ lệ người mua trả tiền trước so với doanh thu thuần phản ánh mức độ tín nhiệm của khách hàng và khả năng thanh toán trước của doanh nghiệp, là yếu tố then chốt trong xếp hạng lợi suất cổ phiếu.",line_item,Doanh thu nhận trước ngắn hạn khác | 66.911.740 | 3.384.428,False,False,duplicate,,"safe_div(customer_advances,revenue)",2,2,False,False,False
qwen35-2b,1,F3-011,F3,P14-IDC24-customer_advances,False,1,recovered,revenue_growth_vs_customer_advances,"safe_div(growth(revenue, 1), safe_div(customer_advances, revenue))","So sánh tốc độ tăng trưởng doanh thu với mức người mua trả tiền trước giúp đánh giá sự ổn định của dòng tiền từ khách hàng so với tốc độ tăng trưởng doanh thu, giảm thiểu rủi ro do biến động giá trị hàng hóa.",line_item,Doanh thu nhận trước ngắn hạn khác | 66.911.740 | 3.384.428,False,True,,,"safe_div(growth(revenue,1),safe_div(customer_advances,revenue))",3,2,True,True,False
qwen35-2b,1,F3-011,F3,P14-IDC24-customer_advances,False,2,recovered,customer_advances_to_revenue_growth,"safe_div(customer_advances, growth(revenue, 1))","Tỷ lệ giữa số tiền người mua trả tiền trước và tốc độ tăng trưởng doanh thu cho thấy mức độ ổn định của dòng tiền trước khi doanh số tăng, đặc biệt quan trọng khi doanh thu tăng mạnh nhưng dòng tiền chưa tăng theo.",line_item,Doanh thu nhận trước ngắn hạn khác | 66.911.740 | 3.384.428,False,True,,,"safe_div(customer_advances,growth(revenue,1))",3,2,True,True,False
qwen35-2b,1,F4-009,F4,P14-IDC24-customer_advances,False,0,recovered,customer_advances_to_revenue_ratio,"safe_div(customer_advances, revenue)","Tỷ lệ người mua trả tiền trước so với doanh thu phản ánh mức độ tín dụng của khách hàng, ảnh hưởng trực tiếp đến dòng tiền và lợi nhuận.",line_item,"customer_advances, revenue",False,False,duplicate,,"safe_div(customer_advances,revenue)",2,2,False,False,False
qwen35-2b,1,F4-009,F4,P14-IDC24-customer_advances,False,1,recovered,receivables_turnover_factor,"safe_div(short_term_receivables, revenue)",Chỉ số tốc độ thu hồi nợ ngắn hạn giúp đánh giá hiệu quả quản lý dòng tiền và khả năng thanh toán của doanh nghiệp.,line_item,"short_term_receivables, revenue",False,True,,,"safe_div(short_term_receivables,revenue)",2,2,True,False,False
qwen35-2b,1,F4-009,F4,P14-IDC24-customer_advances,False,2,recovered,customer_advances_growth_rate,"growth(customer_advances, 4)",Tốc độ tăng trưởng của khoản người mua trả tiền trước cho thấy sự mở rộng thị trường và tăng trưởng doanh thu trong tương lai.,line_item,customer_advances,False,True,,,"growth(customer_advances,4)",2,1,True,True,False
qwen35-2b,1,F1-010,F1,P15-CTD17-associates,False,0,strict,Share_of_Associates_Equity_Momentum,(share_of_associates / total_assets) * 100 + (1 - (minority_interest / total_assets)) * 100,"Công thức này đo lường tốc độ tăng trưởng của vốn đầu tư liên doanh so với tổng tài sản và lợi thế kiểm soát, phản ánh khả năng sinh lời từ các khoản đầu tư liên kết trong bối cảnh biến động thị trường.",line_item,"share_of_associates: Phần lãi lỗ trong công ty liên doanh, liên kết; total_assets: TỔNG CỘNG TÀI SẢN; minority_interest: Lợi ích cổ đông không kiểm soát",False,False,raw_division,,(((1-(minority_interest/total_assets))*100)+((share_of_associates/total_assets)*100)),5,3,False,False,False
qwen35-2b,1,F2-015,F2,P15-CTD17-associates,False,0,recovered,share_of_associates_growth_rate,"safe_div((share_of_associates - lag(share_of_associates, 1)) / lag(revenue, 1))","Đánh giá tốc độ tăng trưởng phần lãi lỗ từ các công ty liên kết so với doanh thu thuần, phản ánh hiệu quả đầu tư vào liên kết trong kỳ.",note,Phần lãi lỗ trong công ty liên kết trong năm,False,False,bad_arity:safe_div|raw_division,,"safe_div(((share_of_associates-lag(share_of_associates,1))/lag(revenue,1)))",5,2,False,True,False
qwen35-2b,1,F2-015,F2,P15-CTD17-associates,False,1,recovered,total_assets_to_equity_ratio,"safe_div(total_assets, equity)","Xếp hạng dựa trên tỷ lệ tài sản trên vốn chủ sở hữu, phản ánh mức độ tài chính hóa và đòn bẩy tài chính của cổ phần liên kết.",note,TỔNG CỘNG TÀI SẢN,False,True,,,"safe_div(total_assets,equity)",2,2,True,False,False
qwen35-2b,1,F2-015,F2,P15-CTD17-associates,False,2,recovered,liability_to_equity_ratio,"safe_div(lag(share_of_associates, 1), equity)",Đánh giá mức độ nợ phải trả và rủi ro tài chính liên quan đến các khoản đầu tư vào công ty liên kết so với vốn chủ sở hữu.,note,Lợi ích cổ đông không kiểm soát,False,True,,,"safe_div(lag(share_of_associates,1),equity)",3,2,True,True,False
qwen35-2b,1,F3-012,F3,P15-CTD17-associates,False,0,recovered,share_of_associates_growth,"growth(safe_div(investments_associates, share_of_associates), 4)","Công thức này đo lường tốc độ tăng trưởng của khoản đầu tư vào liên kết so với phần lãi lỗ thực tế, phản ánh hiệu quả đầu tư của cổ phiếu trong các công ty liên doanh.",line_item,Phần lợi nhuận từ các công ty liên kết trong năm,False,True,,,"growth(safe_div(investments_associates,share_of_associates),4)",3,2,True,True,False
qwen35-2b,1,F3-012,F3,P15-CTD17-associates,False,1,recovered,total_assets_to_equity_ratio,"safe_div(total_assets, equity)","Tỷ lệ tài sản trên vốn chủ sở hữu cao cho thấy doanh nghiệp đang mở rộng tài sản nhanh, có thể dẫn đến lợi suất tăng trưởng cao trong ngắn hạn.",note,TỔNG CỘNG TÀI SẢN | VỐN CHỦ SỞ HỮU,False,False,duplicate,,"safe_div(total_assets,equity)",2,2,False,False,False
qwen35-2b,1,F3-012,F3,P15-CTD17-associates,False,2,recovered,share_of_associates_to_revenue_ratio,"safe_div(safe_div(investments_associates, revenue), 4)","Tỷ lệ này đo lường mức độ đầu tư vào liên kết so với doanh thu thuần, cho thấy mức độ mở rộng thị trường và khả năng sinh lời từ các hoạt động liên kết.",line_item,Phần lũy kế lợi nhuận sau khi mua các công ty liên kết,False,True,,,"safe_div(safe_div(investments_associates,revenue),4)",3,2,True,False,False
qwen35-2b,1,F4-010,F4,P15-CTD17-associates,False,0,strict,share_of_associates_to_net_income_ratio,"safe_div(share_of_associates, pretax_profit)","Tỷ lệ phần lãi lỗ trong liên doanh so với lợi nhuận kế toán phản ánh hiệu quả đầu tư liên kết và rủi ro, giúp dự báo lợi suất cổ phiếu.",line_item,"share_of_associates, pretax_profit",False,True,,,"safe_div(share_of_associates,pretax_profit)",2,2,True,False,False
qwen35-2b,1,F4-010,F4,P15-CTD17-associates,False,1,strict,long_term_investments_to_equity_ratio,"safe_div(long_term_investments, equity)",Tỷ lệ đầu tư dài hạn so với vốn chủ sở hữu đo lường mức độ tăng trưởng tài sản và khả năng sinh lời của công ty liên doanh.,line_item,"long_term_investments, equity",False,True,,,"safe_div(long_term_investments,equity)",2,2,True,False,False
qwen35-2b,1,F4-010,F4,P15-CTD17-associates,False,2,strict,share_of_associates_to_revenue_ratio,"safe_div(share_of_associates, revenue)",Tỷ lệ phần lãi lỗ liên doanh so với doanh thu thuần cho thấy mức độ tham gia vào dòng tiền và tăng trưởng doanh nghiệp liên kết.,line_item,"share_of_associates, revenue",False,True,,,"safe_div(share_of_associates,revenue)",2,2,True,False,False
qwen35-2b,1,F1-011,F1,P16-PVT17-associates,False,0,recovered,Share_of_Associates_Growth_Momentum,"(share_of_associates / total_assets) * 100 + (1 + safe_div(revenue, 1))","Công thức này đo lường tốc độ tăng trưởng phần lãi lỗ trong công ty liên doanh so với tổng tài sản, kết hợp với hệ số tăng trưởng doanh thu thuần để phản ánh động lực tăng trưởng kinh tế của doanh nghiệp, từ đó dự báo sự thay đổi trong lợi suất cổ phiếu.",line_item,"share_of_associates: Phần lãi lỗ trong công ty liên doanh, liên kết [VND, phát sinh trong kỳ]; total_assets: TỔNG CỘNG TÀI SẢN [VND, số dư cuối kỳ]; revenue: Doanh thu thuần [VND, phát sinh trong kỳ]",False,False,raw_division,,"(((share_of_associates/total_assets)*100)+1+safe_div(revenue,1))",4,3,False,False,False
qwen35-2b,1,F1-011,F1,P16-PVT17-associates,False,1,recovered,Asset_Equity_Relation_Momentum,"(total_assets - equity) / (total_assets + equity) * 100 + safe_div(cfi, 1)","Công thức này tính tỷ lệ chênh lệch giữa tổng tài sản và vốn chủ sở hữu, phản ánh mức độ tài sản hóa của doanh nghiệp, đồng thời kết hợp với dòng tiền thuần từ đầu tư để đánh giá hiệu quả sử dụng tài sản và dòng tiền thực tế, hỗ trợ dự báo lợi suất.",line_item,"total_assets: TỔNG CỘNG TÀI SẢN [VND, số dư cuối kỳ]; equity: VỐN CHỦ SỞ HỮU [VND, số dư cuối kỳ]; cfi: Lưu chuyển tiền thuần từ hoạt động đầu tư [VND, phát sinh trong kỳ]",False,False,raw_division,,"((((total_assets-equity)/(equity+total_assets))*100)+safe_div(cfi,1))",5,3,False,False,False
qwen35-2b,1,F2-016,F2,P16-PVT17-associates,False,0,strict,share_of_associates_growth_factor,growth((share_of_associates + minority_interest) / total_assets),"Công thức này đo lường tốc độ tăng trưởng phần lợi nhuận từ khoản đầu tư vào công ty liên doanh so với tổng tài sản, phản ánh hiệu quả sử dụng vốn liên kết trong việc tạo ra lợi nhuận cho cổ đông.",note,Phần lợi nhuận phát sinh sau ngày đầu tư trừ cổ tức được chia | 43.648.804.453 | 38.910.405.750,False,False,bad_arity:growth|raw_division,,growth(((minority_interest+share_of_associates)/total_assets)),4,3,False,True,False
qwen35-2b,1,F3-013,F3,P16-PVT17-associates,False,0,recovered,share_of_associates_to_total_assets_ratio,"safe_div(shares_of_associates, total_assets)",Tỷ lệ phần lãi lỗ trong công ty liên kết so với tổng tài sản cho thấy mức độ đầu tư vào liên kết chiếm phần lớn tài sản và tác động trực tiếp đến lợi nhuận.,line_item,Phần tài sản thuần khoản đầu tư vào công ty liên kết | 193.686.524.453 | 188.948.125.750,False,False,unknown_var:shares_of_associates,,"safe_div(shares_of_associates,total_assets)",2,2,False,False,False
qwen35-2b,1,F3-013,F3,P16-PVT17-associates,False,1,recovered,net_income_share_of_associates,"safe_div(net_income, share_of_associates)",Lợi nhuận sau thuế trên mỗi đồng lãi lỗ trong công ty liên kết cho thấy hiệu quả sinh lời từ khoản đầu tư dài hạn.,line_item,Lợi nhuận sau thuế | 55.938.261.902 | 55.944.341.581,False,True,,,"safe_div(net_income,share_of_associates)",2,2,True,False,False
qwen35-2b,1,F3-013,F3,P16-PVT17-associates,False,2,recovered,total_assets_growth_rate,"growth(total_assets, 4)",Tốc độ tăng trưởng tài sản cho thấy động lực mở rộng quy mô và khả năng sinh lời trong tương lai.,line_item,Tổng tài sản | 865.081.792.417 | 810.453.003.285,False,False,copied_fewshot,,"growth(total_assets,4)",2,1,False,True,False
qwen35-2b,1,F1-012,F1,P17-NTP17-related_party,False,0,strict,Profit_Margin_Elasticity,(revenue - cogs) / total_assets,"Đo lường tỷ lệ biên lợi nhuận trên tổng tài sản, phản ánh khả năng tạo ra lợi nhuận thực tế so với quy mô tài sản, giúp xác định vị thế cạnh tranh và sức khỏe tài chính dài hạn.",line_item,"Vốn chủ sở hữu, Doanh thu thuần, Giá vốn hàng bán, Tổng cộng tài sản",False,False,raw_division,,((revenue-cogs)/total_assets),3,3,False,False,False
qwen35-2b,1,F2-017,F2,P17-NTP17-related_party,False,0,strict,related_party_impact_ratio,"safe_div(revenue, safe_div(cfo, safe_div(receivables_customers, safe_div(prepaid_to_suppliers, safe_div(total_assets, safe_div(equity, related_party_disclosed))))))","Đo lường mức độ tác động của các giao dịch với bên liên quan (related party) so với tổng doanh thu và dòng tiền thuần, phản ánh hiệu quả sử dụng nguồn vốn từ các giao dịch này trong kỳ.",note,"Trong năm, Công ty có các giao dịch chủ yếu với các bên liên quan như sau: Công ty Cổ phần Nhựa Thiểu niên Tiền Phong phía Nam | 301.063.347.138 | 195.914.529.480",False,False,too_complex,,"safe_div(revenue,safe_div(cfo,safe_div(receivables_customers,safe_div(prepaid_to_suppliers,safe_div(total_assets,safe_div(equity,related_party_disclosed))))))",7,7,False,False,True
qwen35-2b,1,F3-014,F3,P17-NTP17-related_party,False,0,recovered,related_party_impact_ratio,"safe_div(receivables_customers, related_party_disclosed)",Tỷ lệ tăng trưởng của khoản phải thu ngắn hạn đối với các giao dịch có thuyết minh giao dịch với bên liên quan cho thấy mức độ rủi ro và khả năng thanh toán từ các bên liên quan.,line_item,Công ty Cổ phần Nhựa Thiểu niên Tiền Phong phía Nam | 301.063.347.138 | 195.914.529.480,False,True,,,"safe_div(receivables_customers,related_party_disclosed)",2,2,True,False,True
qwen35-2b,1,F3-014,F3,P17-NTP17-related_party,False,1,recovered,cash_flow_to_revenue_ratio,"safe_div(cfo, revenue)","Tỷ lệ lưu chuyển tiền thuần trên doanh thu phản ánh chất lượng dòng tiền thực tế so với báo cáo lợi nhuận, giúp đánh giá hiệu quả sử dụng vốn và khả năng sinh lời bền vững.",line_item,Thu nhập của Hội đồng Quản trị và Ban Tổng Giám đốc được hưởng trong năm như sau: Năm nay VND 22.390.956.956 Năm trước VND 22.901.026.517,False,True,,,"safe_div(cfo,revenue)",2,2,True,False,False
qwen35-2b,1,F3-014,F3,P17-NTP17-related_party,False,2,recovered,receivables_growth_with_receivable_customers,"growth(receivables_customers, 4) - safe_div(receivables_customers, related_party_disclosed)",Sự tăng trưởng của khoản phải thu ngắn hạn so với kỳ trước trừ đi phần lớn các khoản phải thu liên quan đến bên liên quan cho thấy mức độ rủi ro thanh toán từ các giao dịch chủ yếu trong năm.,line_item,Công ty Cổ phần Nhựa Thiểu niên Tiền Phong phía Nam | 301.063.347.138 | 195.914.529.480,False,True,,,"(growth(receivables_customers,4)-safe_div(receivables_customers,related_party_disclosed))",3,2,True,True,True
qwen35-2b,1,F2-018,F2,P18-MWG24-related_party,False,0,strict,related_party_impact_ratio,"safe_div(revenue, safe_div(cfo, safe_div(receivables_customers, safe_div(prepaid_to_suppliers, safe_div(short_term_receivables, 0))))))","Đo lường mức độ ảnh hưởng của các giao dịch với bên liên quan (thu nhập và chi phí) so với dòng tiền thuần từ hoạt động kinh doanh, phản ánh hiệu quả sử dụng nguồn vốn và rủi ro liên quan.",note,Thu nhập của các thành viên của Hội đồng Quản trị và Tổng Giám đốc: 870.808.333 VND; Chi phí tư vấn: 2.351.671.475 VND.,False,False,syntax_error,,,,,False,False,False
qwen35-2b,1,F4-011,F4,P18-MWG24-related_party,False,0,recovered,revenue_to_equity_ratio,"growth(revenue, 4) / growth(equity, 4)",Tỷ lệ tăng trưởng doanh thu so với vốn chủ sở hữu cho thấy khả năng sinh lời của doanh nghiệp trong ngắn hạn.,line_item,"revenue, equity",False,False,raw_division,,"(growth(revenue,4)/growth(equity,4))",3,2,False,True,False
qwen35-2b,1,F4-011,F4,P18-MWG24-related_party,False,1,recovered,receivables_turnover_ratio,"safe_div(receivables_customers, short_term_receivables)",Chỉ số quay vòng khoản phải thu phản ánh tốc độ doanh nghiệp thu hồi tiền từ khách hàng trong ngắn hạn.,line_item,"receivables_customers, short_term_receivables",False,True,,,"safe_div(receivables_customers,short_term_receivables)",2,2,True,False,False
qwen35-2b,1,F4-011,F4,P18-MWG24-related_party,False,2,recovered,related_party_profit_impact,"safe_div(log(revenue, 4) - log(cogs, 4), related_party_disclosed)",Phân tích sự thay đổi lợi nhuận thuần so với giá vốn hàng bán dựa trên số lượng giao dịch với bên liên quan.,line_item,"revenue, cogs, related_party_disclosed",False,False,bad_arity:log,,"safe_div((log(revenue,4)-log(cogs,4)),related_party_disclosed)",4,3,False,False,True
qwen35-2b,1,F1-013,F1,P19-GAS17-commitments,False,0,recovered,Growth_of_Contingent_Liabilities_and_Equity,"(growth(contingent_liabilities_disclosed, 1) + growth(equity, 1)) / safe_div(total_assets, 1)","Công thức này đo lường tốc độ tăng trưởng của các khoản cam kết và nợ tiềm tàng so với vốn chủ sở hữu, phản ánh rủi ro tài chính và khả năng thanh toán của cổ phiếu. Tăng trưởng dương thường dẫn đến lợi suất tăng trong ngắn hạn do giảm giá trị tài sản hoặc tăng chi phí, trong khi tăng trưởng âm có thể báo hiệu sự kiện xấu.",note,Việc tăng trưởng của các khoản cam kết và nợ tiềm tàng thường tương quan với sự thay đổi của vốn chủ sở hữu và tài sản do các khoản phải trả hoặc các khoản phải trả tiềm tàng.,False,False,raw_division,,"((growth(contingent_liabilities_disclosed,1)+growth(equity,1))/safe_div(total_assets,1))",4,3,False,True,True
qwen35-2b,1,F1-013,F1,P19-GAS17-commitments,False,1,recovered,Volatility_of_Cash_and_Equivalents_vs_Total_Liabilities,"std(cash_and_equivalents, 1) / safe_div(total_liabilities, 1)","Công thức này tính tỷ lệ biến động của tiền và các khoản tương đương tiền so với tổng nợ phải trả. Nó đánh giá mức độ rủi ro thanh khoản và khả năng sử dụng tài sản để trả nợ, từ đó dự báo sự biến động về lợi suất do rủi ro dòng tiền.",note,Tỷ lệ biến động của tiền và các khoản tương đương tiền so với tổng nợ phải trả phản ánh mức độ rủi ro thanh khoản và khả năng sử dụng tài sản để trả nợ.,False,False,raw_division,,"(std(cash_and_equivalents,1)/safe_div(total_liabilities,1))",3,2,False,True,False
qwen35-2b,1,F1-013,F1,P19-GAS17-commitments,False,2,recovered,Zscore_of_Revenue_and_Capex,"zscore(revenue, 1) - safe_div(capex, 1)",Công thức này đo lường sự chênh lệch giữa tốc độ tăng trưởng doanh thu và tốc độ tăng trưởng chi phí đầu tư vào xây dựng. Nó phản ánh hiệu quả sử dụng tài sản và khả năng tạo ra lợi nhuận từ các khoản đầu tư dài hạn.,note,Sự chênh lệch giữa tốc độ tăng trưởng doanh thu và tốc độ tăng trưởng chi phí đầu tư vào xây dựng phản ánh hiệu quả sử dụng tài sản và khả năng tạo ra lợi nhuận từ các khoản đầu tư dài hạn.,False,False,bad_arity:zscore,,"(zscore(revenue,1)-safe_div(capex,1))",3,2,False,False,False
qwen35-2b,1,F2-019,F2,P19-GAS17-commitments,False,0,strict,contingent_risk_factor,"safe_div(contingent_liabilities_disclosed, total_assets)","Công thức này đo lường tỷ lệ rủi ro nợ tiềm tàng so với tổng tài sản, phản ánh khả năng thanh toán các khoản cam kết dài hạn. Khi tỷ lệ này tăng, rủi ro vỡ nợ tăng, dẫn đến giảm lợi suất cổ phiếu do rủi ro thay đổi dòng tiền và giá trị tài sản.",note,"Cam kết mua hàng đến hết giai đoạn bình ổn của Lô 06.1, Lô 11.2, Lô 05.2 và Lô 05.3; Bán khí Nam Côn Sơn cho Công ty TNHH Phú Mỹ 3 BOT Power đến năm 2023; Bán khí Nam Côn Sơn cho Công ty TNHH Năng lượng Mekong đến năm 2024; Bán khí Nam Côn Sơn cho Công ty Cổ Phăn Điện Lực Dầu Khí Nhơn Trạch 2 đến năm 2036.",False,True,,,"safe_div(contingent_liabilities_disclosed,total_assets)",2,2,True,False,True
qwen35-2b,1,F3-015,F3,P19-GAS17-commitments,False,0,strict,contingent_liability_to_assets_ratio,"safe_div(contingent_liabilities_disclosed, total_assets)",Tỷ lệ nợ tiềm tàng trên tài sản cho thấy mức độ rủi ro và sự phụ thuộc vào các cam kết chưa hoàn thành; tỷ lệ cao thường dẫn đến giảm giá trị thị trường và lợi suất thấp hơn.,note,"Cam kết vốn, Cam kết khác, Số cuối năm, Số đầu năm",False,False,duplicate,,"safe_div(contingent_liabilities_disclosed,total_assets)",2,2,False,False,True
qwen35-2b,1,F3-015,F3,P19-GAS17-commitments,False,1,strict,cam_concert_cash_flow_ratio,"safe_div(cfo, cash_and_equivalents)",Tỷ lệ cam kết trên dòng tiền cho thấy mức độ ràng buộc về cam kết mua bán và cam kết vốn; tỷ lệ cao có thể làm giảm dòng tiền thực tế và lợi suất.,line_item,"Cam kết mua hàng, Cam kết bán hàng, Thời gian cam kết, Đến hết giai đoạn bình ổn",False,True,,,"safe_div(cfo,cash_and_equivalents)",2,2,True,False,False
qwen35-2b,1,F3-015,F3,P19-GAS17-commitments,False,2,strict,cam_concert_cash_flow_growth,"growth(cfo, 4)",Tốc độ tăng trưởng dòng tiền thuần cho thấy khả năng thực hiện cam kết và duy trì hoạt động kinh doanh; tăng trưởng chậm có thể dẫn đến giảm lợi nhuận sau thuế.,line_item,"Cam kết mua hàng, Cam kết bán hàng, Thời gian cam kết, Đến hết giai đoạn bình ổn",False,True,,,"growth(cfo,4)",2,1,True,True,False
qwen35-2b,1,F4-012,F4,P19-GAS17-commitments,False,0,recovered,contingent_risk_factor,"safe_div(cfo, safe_div(cash_and_equivalents, safe_div(total_assets, 1)))","Công thức này đo lường tỷ lệ dòng tiền thuần so với tài sản, phản ánh khả năng sinh lời và thanh khoản của doanh nghiệp trong bối cảnh rủi ro cam kết.",line_item,"cfo, cash_and_equivalents, total_assets, contingent_liabilities_disclosed",False,True,,,"safe_div(cfo,safe_div(cash_and_equivalents,safe_div(total_assets,1)))",4,3,True,False,False
qwen35-2b,1,F4-012,F4,P19-GAS17-commitments,False,1,recovered,debt_coverage_ratio,"safe_div(total_liabilities, safe_div(cfo, safe_div(cash_and_equivalents, 1)))",Tỷ lệ nợ phải trả so với dòng tiền thuần cho thấy mức độ an toàn của doanh nghiệp đối với các khoản nợ tiềm tàng và cam kết.,line_item,"total_liabilities, cfo, cash_and_equivalents, contingent_liabilities_disclosed",False,True,,,"safe_div(total_liabilities,safe_div(cfo,safe_div(cash_and_equivalents,1)))",4,3,True,False,False
qwen35-2b,1,F4-012,F4,P19-GAS17-commitments,False,2,recovered,market_value_adjusted_return,"safe_div(log(total_assets), safe_div(log(revenue), safe_div(log(cfo), 1))))","Công thức này sử dụng hàm log để chuẩn hóa các chỉ tiêu tài chính, giúp so sánh lợi suất giữa các doanh nghiệp có quy mô khác nhau và điều chỉnh cho các doanh nghiệp có cam kết lớn.",line_item,"total_assets, revenue, cfo, contingent_liabilities_disclosed",False,False,syntax_error,,,,,False,False,False
qwen35-2b,1,F1-014,F1,P20-VNM24-segment,False,0,strict,Profit Margin Growth,(gross_profit / revenue) - (gross_profit / revenue)_{k-1},"Đo lường tốc độ tăng trưởng tỷ lệ lợi nhuận gộp trên doanh thu, phản ánh khả năng chuyển đổi doanh thu thành lợi nhuận thuần túy, đặc biệt quan trọng cho doanh nghiệp bán lẻ.",note,"Tỷ lệ lợi nhuận gộp trên doanh thu (Gross Profit Margin) được định nghĩa là lợi nhuận gộp chia cho doanh thu thuần, thường được sử dụng để phân tích hiệu quả hoạt động kinh doanh của các doanh nghiệp bán lẻ và dịch vụ.",False,False,syntax_error,,,,,False,False,False
qwen35-2b,1,F2-020,F2,P20-VNM24-segment,False,0,recovered,gross_profit_growth_rate,"growth(gross_profit, 1)","Đánh giá tốc độ tăng trưởng lợi nhuận gộp theo quý so với quý trước, phản ánh sức khỏe tăng trưởng doanh thu bán hàng và dịch vụ.",note,Lợi nhuận gộp theo bộ phận,False,True,,,"growth(gross_profit,1)",2,1,True,True,False
qwen35-2b,1,F2-020,F2,P20-VNM24-segment,False,1,recovered,segment_revenue_ratio,"safe_div(gross_revenue, segment_disclosed)","Xác định tỷ trọng doanh thu bán hàng và cung cấp dịch vụ của từng bộ phận so với tổng doanh thu, giúp phân tích cấu trúc doanh thu theo khu vực địa lý.",note,"Bộ phận theo khu vực địa lý... Doanh thu của bộ phận được trình bày dựa vào vị trí địa lý của khách hàng tại Việt Nam ""Trong nước"" hay ở các nước khác Việt Nam ""Nước ngoài"".",False,True,,,"safe_div(gross_revenue,segment_disclosed)",2,2,True,False,True
qwen35-2b,1,F2-020,F2,P20-VNM24-segment,False,2,recovered,gross_profit_margin,"safe_div(gross_profit, gross_revenue)","Tính toán tỷ lệ lợi nhuận gộp trên doanh thu bán hàng và cung cấp dịch vụ, cho thấy hiệu quả kinh doanh và khả năng tạo lợi nhuận từ hoạt động bán hàng chính.",note,Lợi nhuận gộp theo bộ phận,False,True,,,"safe_div(gross_profit,gross_revenue)",2,2,True,False,False
qwen35-2b,1,F3-016,F3,P20-VNM24-segment,False,0,strict,gross_profit_margin,"safe_div(gross_profit, gross_revenue)","Tỷ lệ lợi nhuận gộp trên doanh thu phản ánh hiệu quả kinh doanh cốt lõi, giúp xác định cổ phiếu có biên lợi nhuận cao hơn trong bối cảnh doanh số tăng trưởng.",note,Lợi nhuận gộp theo bộ phận,False,False,duplicate,,"safe_div(gross_profit,gross_revenue)",2,2,False,False,False
qwen35-2b,1,F3-016,F3,P20-VNM24-segment,False,1,strict,segment_revenue_ratio,"safe_div(gross_revenue, revenue)","Tỷ lệ doanh thu bán hàng và cung cấp dịch vụ trên doanh thu thuần cho thấy mức độ hoạt động thực tế, loại bỏ ảnh hưởng của các khoản mục không hoạt động.",line_item,Doanh thu thuần Giá vốn hàng bán và dịch vụ cung cấp,False,True,,,"safe_div(gross_revenue,revenue)",2,2,True,False,False
qwen35-2b,1,F2-021,F2,P21-PC124-segment,False,0,recovered,profit_margin_growth,"safe_div(gross_profit, safe_div(gross_profit, lag(gross_profit, 1)))","Đánh giá tốc độ tăng trưởng lợi nhuận gộp theo quý so với quý trước, phản ánh hiệu quả hoạt động kinh doanh trong từng giai đoạn.",note,Kết quả kinh doanh của bộ phận,True,True,,,"safe_div(gross_profit,safe_div(gross_profit,lag(gross_profit,1)))",4,1,True,True,False
qwen35-2b,1,F2-021,F2,P21-PC124-segment,False,1,recovered,segment_revenue_ratio,"safe_div(gross_revenue, safe_div(total_assets, lag(total_assets, 1)))","Xác định tỷ lệ doanh thu trên tổng tài sản, dùng để phân tích mức độ hoạt động kinh doanh của từng bộ phận so với tài sản cố định.",note,Doanh thu hợp nhất của bộ phận,True,True,,,"safe_div(gross_revenue,safe_div(total_assets,lag(total_assets,1)))",4,2,True,True,False
qwen35-2b,1,F2-021,F2,P21-PC124-segment,False,2,recovered,segment_profit_margin,"safe_div(gross_profit, safe_div(gross_revenue, lag(gross_revenue, 1)))","Tính tỷ lệ lợi nhuận gộp trên doanh thu thuần, cho thấy hiệu quả kinh doanh thuần túy của bộ phận khi loại bỏ chi phí bán hàng.",note,Kết quả kinh doanh của bộ phân,True,True,,,"safe_div(gross_profit,safe_div(gross_revenue,lag(gross_revenue,1)))",4,2,True,True,False
qwen35-2b,1,F4-013,F4,P21-PC124-segment,False,0,recovered,segment_profit_margin,"safe_div(gross_profit, safe_div(revenue, safe_div(gross_profit, lag(revenue, 4))))","Đánh giá tỷ lệ lợi nhuận gộp trên doanh thu thuần theo bộ phận, phản ánh hiệu quả chuyển đổi doanh thu thành lợi nhuận trong từng lĩnh vực.",line_item,"gross_profit, revenue, lag(revenue, 4)",False,True,,,"safe_div(gross_profit,safe_div(revenue,safe_div(gross_profit,lag(revenue,4))))",5,2,True,True,False
qwen35-2b,1,F4-013,F4,P21-PC124-segment,False,1,recovered,segment_asset_intensity,"safe_div(long_term_assets, safe_div(total_assets, lag(total_assets, 4)))","Chỉ số tỷ lệ tài sản dài hạn trên tổng tài sản, đo lường mức độ đầu tư dài hạn và cấu trúc tài sản của bộ phận.",line_item,"long_term_assets, total_assets, lag(total_assets, 4)",False,True,,,"safe_div(long_term_assets,safe_div(total_assets,lag(total_assets,4)))",4,2,True,True,False
qwen35-2b,1,F4-013,F4,P21-PC124-segment,False,2,recovered,segment_revenue_quality,"safe_div(gross_profit, safe_div(gross_revenue, lag(gross_revenue, 4)))","Tỷ lệ lợi nhuận gộp trên doanh thu bán hàng, phản ánh chất lượng và hiệu quả của các hoạt động bán hàng và cung cấp dịch vụ.",line_item,"gross_profit, gross_revenue, lag(gross_revenue, 4)",False,True,,,"safe_div(gross_profit,safe_div(gross_revenue,lag(gross_revenue,4)))",4,2,True,True,False
qwen35-2b,1,F2-022,F2,P22-PNJ17-tax,False,0,recovered,tax_benefit_factor,"safe_div(current_tax_expense, total_assets) * safe_div(revenue, current_tax_expense)","Công thức này đo lường mức độ giảm nhẹ thuế thu nhập doanh nghiệp (TNDN) trên cơ sở tài sản và doanh thu, phản ánh khả năng chuyển đổi lợi nhuận thành tiền mặt và hiệu quả sử dụng tài sản để tạo ra lợi nhuận trước thuế.",note,Chi phí thuế thu nhập doanh nghiệp tính trên thu nhập tính thuế năm hiện hành,True,True,,,"(safe_div(current_tax_expense,total_assets)*safe_div(revenue,current_tax_expense))",3,3,True,False,False
qwen35-2b,1,F2-022,F2,P22-PNJ17-tax,False,1,recovered,tax_expense_growth_ratio,"safe_div(current_tax_expense, retained_earnings) * safe_div(current_tax_expense, revenue)","Công thức này xác định tốc độ tăng trưởng của chi phí thuế so với lợi nhuận sau thuế và doanh thu, đánh giá mức độ áp lực thuế đối với dòng tiền và khả năng tái đầu tư của cổ phần.",note,Điều chỉnh chi phí thuế thu nhập doanh nghiệp của các năm trước vào chi phí thuế thu nhập hiện hành năm nay,True,True,,,"(safe_div(current_tax_expense,retained_earnings)*safe_div(current_tax_expense,revenue))",3,3,True,False,False
qwen35-2b,1,F2-022,F2,P22-PNJ17-tax,False,2,recovered,effective_tax_rate_var,"safe_div(current_tax_expense, pretax_profit) * safe_div(current_tax_expense, cfo)","Công thức này tính tỷ lệ thuế thực tế so với lợi nhuận kế toán và dòng tiền thuần từ hoạt động kinh doanh, đo lường mức độ hiệu quả của việc sử dụng lợi nhuận để tạo ra dòng tiền thực tế.",note,Công ty có nghĩa vụ nộp thuê thu nhập doanh nghiệp theo tỷ lệ 20% (2016:20%) trên thu nhập tính thuế.,True,True,,,"(safe_div(current_tax_expense,cfo)*safe_div(current_tax_expense,pretax_profit))",3,3,True,False,False
qwen35-2b,1,F3-017,F3,P22-PNJ17-tax,False,0,recovered,current_tax_ratio,"safe_div(current_tax_expense, pretax_profit)","Tỷ lệ chi phí thuế thu nhập doanh nghiệp trên lợi nhuận kế toán cao cho thấy doanh nghiệp đang chịu áp lực thuế lớn, dẫn đến lợi nhuận sau thuế thấp hơn so với tiềm năng.",line_item,"chi phí thuế thu nhập doanh nghiệp tính trên thu nhập tính thuế năm hiện hành, Điều chỉnh chi phí thuế thu nhập doanh nghiệp của các năm trước vào chi phí thuế thu nhập hiện hành năm nay, Công ty có nghĩa vụ nộp thuế thu nhập doanh nghiệp theo tỷ lệ 20% trên thu nhập tính thuế.",False,True,,,"safe_div(current_tax_expense,pretax_profit)",2,2,True,False,False
qwen35-2b,1,F3-017,F3,P22-PNJ17-tax,False,1,recovered,tax_burden_adjustment,"safe_div(current_tax_expense, retained_earnings)","Chi phí thuế cao hơn lợi nhuận sau thuế cho thấy phần lớn lợi nhuận được sử dụng để bù đắp chi phí thuế, làm giảm lợi suất cổ phiếu trong tương lai.",note,"Chi phí thuế thu nhập doanh nghiệp tính trên thu nhập tính thuế năm hiện hành | 182.004.938.247 | 139.964.060.336, Điều chỉnh chi phí thuế thu nhập doanh nghiệp của các năm trước vào chi phí thuế thu nhập hiện hành năm nay | 33.945.000 | -",False,True,,,"safe_div(current_tax_expense,retained_earnings)",2,2,True,False,False
qwen35-2b,1,F3-017,F3,P22-PNJ17-tax,False,2,recovered,effective_tax_rate,"safe_div(current_tax_expense, pretax_profit)","Tỷ lệ thuế thực tế trên lợi nhuận kế toán phản ánh mức độ gánh chịu thuế, tỷ lệ cao hơn có nghĩa là lợi nhuận sau thuế bị giảm sút.",line_item,"Chi phí thuế thu nhập doanh nghiệp tính trên thu nhập tính thuế năm hiện hành | 182.004.938.247 | 139.964.060.336, Điều chỉnh chi phí thuế thu nhập doanh nghiệp của các năm trước vào chi phí thuế thu nhập hiện hành năm nay | 33.945.000 | -",False,False,duplicate,,"safe_div(current_tax_expense,pretax_profit)",2,2,False,False,False
qwen35-2b,1,F1-015,F1,P23-VCB24-bank_loans,True,0,strict,Credit_Risk_Equity_Ratio,(equity / total_assets) * 100,"Đánh giá tỷ lệ vốn chủ sở hữu so với tổng tài sản để đo lường mức độ rủi ro tín dụng và khả năng thanh toán của ngân hàng, nơi vốn chủ sở hữu cao thường đi kèm với tỷ lệ cho vay an toàn cao.",line_item,Vốn chủ sở hữu và Tổng tài sản là các chỉ tiêu tài chính cơ bản để phân tích chất lượng danh mục cho vay.,False,False,raw_division,,((equity/total_assets)*100),3,2,False,False,False
qwen35-2b,1,F2-023,F2,P23-VCB24-bank_loans,True,0,recovered,credit_quality_score,"safe_div((total_assets - equity) / total_assets, safe_div((cfo + cff) / total_assets, 0.1))","Công thức này đo lường tỷ lệ lợi nhuận sau thuế trên tổng tài sản, phản ánh khả năng sinh lời và khả năng thanh toán nợ của ngân hàng, từ đó đánh giá chất lượng danh mục cho vay.",note,Lợi nhuận sau thuế thu nhập doanh nghiệp,False,False,raw_division,,"safe_div(((total_assets-equity)/total_assets),safe_div(((cff+cfo)/total_assets),0.1))",5,4,False,False,False
qwen35-2b,1,F2-023,F2,P23-VCB24-bank_loans,True,1,recovered,loan_to_guarantee_ratio,"safe_div((cfo + cff) / total_assets, safe_div((cfo + cff) / total_assets, 0.1))","Công thức này tính tỷ lệ lưu chuyển tiền thuần từ hoạt động kinh doanh và đầu tư so với tổng tài sản, cho thấy khả năng duy trì dòng tiền cho các khoản cho vay và dự phòng rủi ro.",note,Lưu chuyển tiền thuần từ hoạt động kinh doanh,False,False,raw_division,,"safe_div(((cff+cfo)/total_assets),safe_div(((cff+cfo)/total_assets),0.1))",5,3,False,False,False
qwen35-2b,1,F2-023,F2,P23-VCB24-bank_loans,True,2,recovered,risk_adjusted_return,"safe_div((cfo + cff) / total_assets, safe_div((cfo + cff) / total_assets, 0.1))","Công thức này kết hợp giữa lợi nhuận và dòng tiền thuần, điều chỉnh theo tỷ lệ tài sản, giúp đánh giá hiệu quả sử dụng tài sản và khả năng tạo ra giá trị thực tế cho cổ phiếu.",note,Lợi nhuận sau thuế thu nhập doanh nghiệp,False,False,raw_division|duplicate,,"safe_div(((cff+cfo)/total_assets),safe_div(((cff+cfo)/total_assets),0.1))",5,3,False,False,False
qwen35-2b,1,F4-014,F4,P23-VCB24-bank_loans,True,0,strict,credit_risk_adjusted_return,"safe_div((net_income - (cfo + cfi + cff), safe_div(total_assets, 1)) / safe_div(equity, 1))","Tối ưu hóa lợi nhuận sau thuế bằng cách trừ đi dòng tiền hoạt động kinh doanh, đầu tư và tài chính, sau đó so sánh với vốn chủ sở hữu để đánh giá hiệu quả sử dụng tài sản cho vay và dự phòng rủi ro.",line_item,"net_income, cfo, cfi, cff, total_assets, equity",False,False,syntax_error:Tuple,,,,,False,False,False
qwen35-2b,1,F1-016,F1,P24-SHB17-bank_loans,True,0,strict,Credit_Risk_Equity_Ratio,(total_assets - equity) / (total_assets - equity) * 100,"Đánh giá tỷ lệ nợ trên vốn chủ sở hữu, phản ánh chất lượng danh mục cho vay và khả năng thanh toán rủi ro tín dụng của ngân hàng.",note,Vốn chủ sở hữu = Tổng tài sản - Vốn chủ sở hữu,False,False,raw_division,,(((total_assets-equity)/(total_assets-equity))*100),4,2,False,False,False
qwen35-2b,1,F2-024,F2,P24-SHB17-bank_loans,True,0,strict,credit_quality_score,(total_assets / equity) * (1 - (net_income / total_assets)) * (1 - (cfo / total_assets)),"Công thức này đo lường tỷ lệ nợ trên vốn chủ sở hữu (liability-to-equity ratio) và tỷ lệ lợi nhuận trên tài sản (profit-to-assets ratio). Tỷ lệ nợ cao thường báo hiệu rủi ro tín dụng cao, trong khi lợi nhuận cao cho thấy khả năng sinh lời tốt, từ đó xác định chất lượng danh mục cho vay.",note,"11.1 Phân tích chất lượng nợ cho vay | 31/12/2017triệu VND | 31/12/2016triệu VND
Nợ đủ tiêu chuẩn | 190.368.695 | 156.920.432
Nợ cần chú ý | 3.298.174 | 2.239.145
Nợ dưới tiêu chuẩn | 669.686 | 263.785
Nợ nghi ngờ | 1.088.771 | 993.341
Nợ có khả năng mất vốn | 2.865.240 | 1.786.854
 | 198.290.566 | 162.203.557",True,False,raw_division,,((1-(cfo/total_assets))*(1-(net_income/total_assets))*(total_assets/equity)),5,4,False,False,False
qwen35-2b,1,F1-017,F1,P25-BVS24-fin_assets,True,0,recovered,beta_equity_growth,"safe_div((growth(equity, 4) - growth(equity, 1)) / growth(equity, 1))","Đo lường tốc độ tăng trưởng vốn chủ sở hữu theo quý, phản ánh khả năng sinh lời và tăng trưởng tài sản của công ty qua các kỳ.",note,Vốn chủ sở hữu là chỉ tiêu cốt lõi để đánh giá sức khỏe tài chính và khả năng sinh lời của công ty chứng khoán.,False,False,bad_arity:safe_div|raw_division,,"safe_div(((growth(equity,4)-growth(equity,1))/growth(equity,1)))",5,1,False,True,False
qwen35-2b,1,F1-017,F1,P25-BVS24-fin_assets,True,1,recovered,net_income_margin,safe_div((net_income / total_assets) * 100),"Tính toán tỷ lệ lợi nhuận trên vốn có, cho thấy hiệu quả sử dụng tài sản để tạo ra lợi nhuận trên mỗi đồng vốn.",note,Tỷ lệ lợi nhuận trên vốn có là chỉ tiêu chuẩn để xếp hạng hiệu quả hoạt động và khả năng sinh lời của doanh nghiệp.,False,False,bad_arity:safe_div|raw_division,,safe_div(((net_income/total_assets)*100)),4,2,False,False,False
qwen35-2b,1,F1-017,F1,P25-BVS24-fin_assets,True,2,recovered,cash_flow_quality_ratio,safe_div(cfo / total_assets),"Đo lường chất lượng dòng tiền từ hoạt động kinh doanh so với tổng tài sản, phản ánh khả năng duy trì dòng tiền và thanh khoản thực sự.",note,Dòng tiền thuần từ hoạt động kinh doanh là chỉ tiêu quan trọng để đánh giá dòng tiền thực tế và khả năng trả nợ của công ty.,False,False,bad_arity:safe_div|raw_division,,safe_div((cfo/total_assets)),3,2,False,False,False
qwen35-2b,1,F2-025,F2,P25-BVS24-fin_assets,True,0,strict,beta_fvtpl_growth,"delta(fvtpl, 1) / mean(fvtpl, 1)","Đánh giá tốc độ tăng trưởng của khoản đầu tư tài chính ghi nhận thông qua lãi/lỗ theo quý so với trung bình của các quý trước đó, phản ánh hiệu quả đầu tư ngắn hạn.",note,7.1 Tài sản tài chính ghi nhận thông qua lãi/lỗ (FVTPL),True,False,raw_division|unknown_var:fvtpl,,"(delta(fvtpl,1)/mean(fvtpl,1))",3,1,False,True,False
qwen35-2b,1,F2-025,F2,P25-BVS24-fin_assets,True,1,strict,beta_afs_growth,"delta(afs, 1) / mean(afs, 1)","Đánh giá tốc độ tăng trưởng của khoản đầu tư tài chính sẵn sàng để bán theo quý so với trung bình của các quý trước đó, phản ánh hiệu quả đầu tư dài hạn.",note,7.2 Tài sản tài chính sẵn sàng để bán (AFS),True,False,raw_division|unknown_var:afs,,"(delta(afs,1)/mean(afs,1))",3,1,False,True,False
qwen35-2b,1,F2-025,F2,P25-BVS24-fin_assets,True,2,strict,beta_htm_growth,"delta(htm, 1) / mean(htm, 1)","Đánh giá tốc độ tăng trưởng của các khoản cho vay và các khoản đầu tư nấm giữ đến ngày đáo hạn theo quý so với trung bình của các quý trước đó, phản ánh dòng tiền và rủi ro tín dụng.",note,7.3 Các khoản đầu tư nấm giữ đến ngày đáo hạn (HTM),True,False,raw_division|unknown_var:htm,,"(delta(htm,1)/mean(htm,1))",3,1,False,True,False
qwen35-2b,1,F4-015,F4,P25-BVS24-fin_assets,True,0,recovered,market_cap_ratio,"market_cap / safe_div(equity, 4)",Tỷ lệ vốn thị trường so với vốn chủ sở hữu phản ánh hiệu quả sử dụng tài sản và khả năng sinh lời của cổ phần.,line_item,"market_cap, equity",False,False,raw_division,,"(market_cap/safe_div(equity,4))",3,2,False,False,False
qwen35-2b,1,F4-015,F4,P25-BVS24-fin_assets,True,1,recovered,net_income_growth,"growth(net_income, 4)",Tăng trưởng lợi nhuận sau thuế cho thấy sức khỏe tài chính và khả năng tạo ra giá trị cho cổ đông trong tương lai.,line_item,net_income,False,True,,,"growth(net_income,4)",2,1,True,True,False
qwen35-2b,1,F4-015,F4,P25-BVS24-fin_assets,True,2,recovered,cash_flow_margin,"safe_div(cfo, safe_div(equity, 4))",Tỷ lệ dòng tiền thuần từ hoạt động kinh doanh so với vốn chủ sở hữu cho thấy hiệu quả dòng tiền thực tế so với tài sản.,line_item,"cfo, equity",False,True,,,"safe_div(cfo,safe_div(equity,4))",3,2,True,False,False
qwen35-2b,2,F1-001,F1,P01-ANV17-inventory,False,0,strict,Inventory_Shock_Ratio,"safe_div(current_assets - inventory, safe_div(current_assets, 1000000000))","Đo lường mức độ biến động của tài sản ngắn hạn so với hàng tồn kho thuần, phản ánh tốc độ thanh khoản và khả năng chuyển đổi hàng tồn kho thành dòng tiền ngắn hạn. Khi stock-out xảy ra, current_assets giảm mạnh hơn inventory, tạo ra shock âm.",note,Chuẩn mực kế toán Việt Nam về Tài sản ngắn hạn và Hàng tồn kho; Phân tích định lượng cổ phiếu theo quý.,False,True,,,"safe_div((current_assets-inventory),safe_div(current_assets,1000000000))",3,2,True,False,False
qwen35-2b,2,F2-001,F2,P01-ANV17-inventory,False,0,strict,inventory_writedown_ratio,"safe_div(inventory_writedown, inventory)","Chỉ tiêu này đo lường mức độ trích lập dự phòng giảm giá so với giá trị hàng tồn kho, phản ánh hiệu quả quản lý rủi ro và khả năng thanh toán của doanh nghiệp trong việc xử lý hàng tồn kho bị hư hỏng hoặc lỗi.",note,"Dự phòng giảm giá hàng tồn kho được lập cho từng mặt hàng tồn kho có giá gốc lớn hơn giá trị thuần có thể thực hiện được. Tăng, giảm số dư dự phòng giảm giá hàng tồn kho cần phải trích lập tại ngày kết thúc năm tài chính được ghi nhận vào giá vốn hàng bán.",True,True,,,"safe_div(inventory_writedown,inventory)",2,2,True,False,False
qwen35-2b,2,F3-001,F3,P01-ANV17-inventory,False,0,strict,inventory_writedown_ratio,"safe_div(inventory_writedown, inventory)","Tỷ lệ trích lập dự phòng giảm giá so với giá vốn hàng bán cho thấy mức độ suy giảm giá trị tài sản, có thể dự báo lợi suất cổ phiếu bị giảm trong kỳ tới.",note,"Dự phòng giảm giá hàng tồn kho được lập cho từng mặt hàng tồn kho có giá gốc lớn hơn giá trị thuần có thể thực hiện được. Tăng, giảm số dư dự phòng giảm giá hàng tồn kho cần phải trích lập tại ngày kết thúc năm tài chính được ghi nhận vào giá vốn hàng bán.",True,False,duplicate,,"safe_div(inventory_writedown,inventory)",2,2,False,False,False
qwen35-2b,2,F3-001,F3,P01-ANV17-inventory,False,1,strict,inventory_to_assets_growth,"safe_div(growth(inventory, 4), mean(current_assets, 4))","Tăng trưởng tốc độ tăng của hàng tồn kho so với quy mô tài sản ngắn hạn cho thấy khả năng thanh khoản và chuyển đổi dòng tiền, ảnh hưởng đến lợi suất.",line_item,"Hàng tồn kho được ghi nhận theo giá thấp hơn giữa giá gốc và giá trị thuần có thể thực hiện được. Giá trị thuần có thể thực hiện được là giá bán ước tính của hàng tồn kho trong kỳ sản xuất, kinh doanh bình thường trừ chi phí ước tính để hoàn thành và chi phí ước tính cần thiết cho việc tiêu thụ chúng.",False,True,,,"safe_div(growth(inventory,4),mean(current_assets,4))",3,2,True,True,False
qwen35-2b,2,F3-001,F3,P01-ANV17-inventory,False,2,strict,inventory_writedown_to_gross_profit,"safe_div(inventory_writedown, gross_profit)","Tỷ lệ trích lập dự phòng giảm giá so với lợi nhuận gộp cho thấy mức độ suy giảm giá trị hàng tồn kho so với doanh thu thực tế, có thể dự báo lợi suất cổ phiếu bị giảm.",line_item,"Giá trị thuần có thể thực hiện được là giá bán ước tính của hàng tồn kho trong kỳ sản xuất, kinh doanh bình thường trừ chi phí ước tính để hoàn thành và chi phí ước tính cần thiết cho việc tiêu thụ chúng.",False,True,,,"safe_div(inventory_writedown,gross_profit)",2,2,True,False,False
qwen35-2b,2,F4-001,F4,P01-ANV17-inventory,False,0,strict,inventory_write_off_ratio,"safe_div(gross_profit, safe_div(current_assets, safe_div(inventory, inventory_writedown)))","Tỷ lệ giảm giá hàng tồn kho so với lợi nhuận gộp phản ánh mức độ suy giảm giá trị tài sản ngắn hạn, ảnh hưởng trực tiếp đến dòng tiền và lợi suất cổ phiếu.",line_item,"gross_profit, current_assets, inventory, inventory_writedown",False,True,,,"safe_div(gross_profit,safe_div(current_assets,safe_div(inventory,inventory_writedown)))",4,4,True,False,False
qwen35-2b,2,F2-002,F2,P02-HPG24-inventory,False,0,recovered,Inventory_Writedown_Ratio,"safe_div(inventory_writedown, inventory)","Chỉ tiêu này đo lường mức độ giảm giá của hàng tồn kho so với giá trị ghi sổ, phản ánh hiệu quả quản lý kho và chất lượng hàng hóa. Giá trị âm của inventory_writedown sẽ làm giảm lợi suất cổ phiếu nếu tỷ lệ này tăng, cho thấy rủi ro giảm giá cao hơn.",note,Trong hàng tồn kho tại ngày 31 tháng 12 năm 2024 có 671 tỷ VND hàng tồn kho (1/1/2024: 20.212 tỷ VND) được ghi nhận theo giá trị thuần có thể thực hiện được.,True,False,duplicate,,"safe_div(inventory_writedown,inventory)",2,2,False,False,False
qwen35-2b,2,F2-002,F2,P02-HPG24-inventory,False,1,recovered,Inventory_Gross_Revenue_Growth,"safe_div(gross_profit, revenue)","Chỉ tiêu này đo lường tốc độ tăng trưởng lợi nhuận gộp trên mỗi đơn vị doanh thu, phản ánh hiệu quả kinh doanh và khả năng chuyển đổi hàng bán thành lợi nhuận thực tế. Tăng trưởng lợi nhuận gộp trên doanh thu cao thường đi kèm với việc giảm giá hàng tồn kho thấp hơn.",note,Trong số dư chi phí sản xuất kinh doanh dở dang tại ngày 31 tháng 12 năm 2024 có 1.695 tỷ VND (1/1/2024: 1.326 tỷ VND) chi phí liên quan Dự án đầu tư xây dựng hạ tầng kỹ thuật Phân khu A – Khu đô thị Bắc Quốc lộ 5 thuộc Khu đô thị Phó Nói tinh Hưng Yên.,False,True,,,"safe_div(gross_profit,revenue)",2,2,True,False,False
qwen35-2b,2,F3-002,F3,P02-HPG24-inventory,False,0,strict,inventory_writedown_ratio,"safe_div(inventory_writedown, inventory_gross)","Tỷ lệ giảm giá trên hàng tồn kho phản ánh chất lượng tài sản và rủi ro suy giảm giá trị, ảnh hưởng trực tiếp đến dòng tiền thực tế và khả năng sinh lời bền vững.",line_item,"10.2 Dài hạn... Thiết bị, vật tư, phụ tùng thay thế dài hạn...",False,True,,,"safe_div(inventory_writedown,inventory_gross)",2,2,True,False,False
qwen35-2b,2,F3-002,F3,P02-HPG24-inventory,False,1,strict,inventory_turnover_quality,"safe_div(inventory, revenue)","Chỉ số tỷ lệ hiện hữu trên doanh thu cho thấy hiệu quả quản lý kho và tốc độ bán hàng, tác động đến dòng tiền từ hoạt động kinh doanh.",line_item,10.1 Ngắn hạn... Hàng gửi đi bán...,False,True,,,"safe_div(inventory,revenue)",2,2,True,False,False
qwen35-2b,2,F3-002,F3,P02-HPG24-inventory,False,2,strict,cash_flow_from_inventory,"safe_div(cfo, inventory)",Dòng tiền thuần từ hoạt động kinh doanh so với mức tồn kho cho thấy khả năng chuyển đổi tài sản thành dòng tiền thực tế.,line_item,cfo...,False,True,,,"safe_div(cfo,inventory)",2,2,True,False,False
qwen35-2b,2,F1-003,F1,P03-PNJ24-inventory,False,0,recovered,Inventory_Shock_Index,(current_assets - inventory_gross) / current_assets,"Đo lường mức độ sụt giảm tài sản ngắn hạn so với hàng tồn kho thuần, phản ánh tốc độ thanh lý hàng tồn kho hoặc suy giảm giá trị tồn kho, tác động trực tiếp đến dòng tiền và lợi nhuận.",line_item,"current_assets, inventory_gross, current_assets",False,False,raw_division,,((current_assets-inventory_gross)/current_assets),3,2,False,False,False
qwen35-2b,2,F1-003,F1,P03-PNJ24-inventory,False,1,recovered,Write_Down_Profitability_Ratio,"net_income / safe_div(inventory_gross, inventory_writedown)","Xác định mức độ lợi nhuận được tạo ra từ phần giá trị tồn kho chưa bị giảm giá, so sánh với tổng lợi nhuận để đánh giá hiệu quả quản lý tồn kho.",line_item,"net_income, inventory_gross, inventory_writedown",False,False,raw_division,,"(net_income/safe_div(inventory_gross,inventory_writedown))",3,3,False,False,False
qwen35-2b,2,F1-003,F1,P03-PNJ24-inventory,False,2,recovered,Inventory_Liquidity_Score,(current_assets - inventory) / current_liabilities,"Đánh giá khả năng thanh toán hàng tồn kho bằng tài sản ngắn hạn, liên quan đến dòng tiền lưu chuyển và khả năng duy trì hoạt động kinh doanh.",line_item,"current_assets, inventory, current_liabilities",False,False,raw_division,,((current_assets-inventory)/current_liabilities),3,3,False,False,False
qwen35-2b,2,F2-003,F2,P03-PNJ24-inventory,False,0,strict,Inventory_Writedown_Growth,"growth(inventory_writedown, 1)","Công thức này đo lường tốc độ tăng trưởng của khoản dự phòng giảm giá hàng tồn kho, phản ánh trực tiếp áp lực về giá trị tài sản và nhu cầu thanh lý hàng hóa trong kỳ, từ đó dự báo rủi ro giảm giá hoặc suy giảm giá trị tài sản.",note,Biến động về dự phòng giảm giá hàng tồn kho trong năm tài chính như sau: | 2024VND | 2023VND | Số dư đầu năm | 3.811.047.508 | 2.010.094.632 | Tăng dự phòng (Thuyết minh 29) | 55.605.403.095 | 1.800.952.876 | Số dư cuối năm | 59.416.450.603 | 3.811.047.508,False,True,,,"growth(inventory_writedown,1)",2,1,True,True,False
qwen35-2b,2,F4-002,F4,P03-PNJ24-inventory,False,0,strict,inventory_write_off_ratio,"safe_div(gross_profit, safe_div(current_assets, safe_div(inventory, 1)))","Tỷ lệ giảm giá trên lợi nhuận gộp phản ánh mức độ suy giảm giá trị tài sản ngắn hạn so với doanh thu, liên quan trực tiếp đến dòng tiền và khả năng thanh toán.",line_item,"gross_profit, current_assets, inventory, inventory_writedown",False,True,,,"safe_div(gross_profit,safe_div(current_assets,safe_div(inventory,1)))",4,3,True,False,False
qwen35-2b,2,F1-004,F1,P04-GAS24-receivables,False,0,strict,receivables_customers_growth_rate,"safe_div(growth(receivables_customers, 1), safe_div(receivables_customers, current_assets))","Đo lường tốc độ tăng trưởng của khoản phải thu ngắn hạn của khách hàng so với tổng tài sản ngắn hạn, phản ánh khả năng chuyển đổi doanh thu thành tiền mặt từ khách hàng.",note,Chỉ tiêu phát sinh trong kỳ: Doanh thu thuần và TÀI SẢN NGẮN HẠN,False,True,,,"safe_div(growth(receivables_customers,1),safe_div(receivables_customers,current_assets))",3,2,True,True,False
qwen35-2b,2,F2-004,F2,P04-GAS24-receivables,False,0,strict,receivables_customers_growth_rate,"safe_div(receivables_customers, current_assets - safe_div(receivables_customers, current_assets))","Đánh giá tốc độ tăng trưởng của khoản phải thu ngắn hạn so với tài sản ngắn hạn, phản ánh khả năng chuyển đổi thành dòng tiền thực tế từ các khoản nợ khó đòi.",note,"Tại ngày 31 tháng 12 năm 2024, số dư các khoản phải thu ngắn hạn của khách hàng khó có khả năng thu hồi lần lượt là 5.441.791.177.829 Đồng và 1.795.966.693.990 Đồng như đã trình bày tại Thuyết minh 8.",False,True,,,"safe_div(receivables_customers,(current_assets-safe_div(receivables_customers,current_assets)))",4,2,True,False,False
qwen35-2b,2,F3-003,F3,P04-GAS24-receivables,False,0,recovered,receivables_customers_growth,"safe_div(growth(receivables_customers, 4), delta(receivables_customers, 4))","Sự tăng trưởng của khoản phải thu ngắn hạn của khách hàng phản ánh khả năng chuyển đổi nợ thành tiền và chất lượng dòng tiền từ khách hàng, là yếu tố then chốt ảnh hưởng đến lợi suất cổ phiếu.",note,Bên thứ ba (*) Chi tiết khách hàng bên thu ba có số dư chiếm từ 10% trở lên trong tổng số dư phải thu ngắn hạn của khách hàng như sau:,False,True,,,"safe_div(growth(receivables_customers,4),delta(receivables_customers,4))",3,1,True,True,False
qwen35-2b,2,F3-003,F3,P04-GAS24-receivables,False,1,recovered,receivables_customers_to_revenue_ratio,"safe_div(receivables_customers, revenue)","Tỷ lệ phải thu ngắn hạn trên doanh thu cho thấy mức độ rủi ro tín dụng và khả năng thanh toán của khách hàng, tỷ lệ cao thường đi kèm với lợi suất thấp hơn.",line_item,Bên thứ ba (*) Chi tiết khách hàng bên thu ba có số dư chiếm từ 10% trở lên trong tổng số dư phải thu ngắn hạn của khách hàng như sau:,False,True,,,"safe_div(receivables_customers,revenue)",2,2,True,False,False
qwen35-2b,2,F3-003,F3,P04-GAS24-receivables,False,2,recovered,receivables_customers_to_total_receivables,"safe_div(receivables_customers, short_term_receivables)",Tỷ lệ phải thu ngắn hạn của khách hàng trên tổng phải thu ngắn hạn đo lường mức độ tập trung rủi ro và sự ổn định của dòng tiền từ nhóm khách hàng lớn.,line_item,Bên thứ ba (*) Chi tiết khách hàng bên thu ba có số dư chiếm từ 10% trở lên trong tổng số dư phải thu ngắn hạn của khách hàng như sau:,False,True,,,"safe_div(receivables_customers,short_term_receivables)",2,2,True,False,False
qwen35-2b,2,F4-003,F4,P04-GAS24-receivables,False,0,recovered,receivables_customers_recovery_rate,"safe_div(receivables_customers, current_assets)","Tỷ lệ thu hồi nợ phải thu ngắn hạn so với tài sản ngắn hạn phản ánh khả năng thanh toán nhanh của doanh nghiệp, liên quan trực tiếp đến dòng tiền và lợi nhuận.",line_item,"receivables_customers, current_assets",False,True,,,"safe_div(receivables_customers,current_assets)",2,2,True,False,False
qwen35-2b,2,F4-003,F4,P04-GAS24-receivables,False,1,recovered,receivables_customers_turnover,"safe_div(receivables_customers, revenue)",Tỷ lệ quay vòng vốn phải thu ngắn hạn cho thấy mức độ hiệu quả trong việc chuyển đổi doanh thu thành tiền mặt từ khách hàng.,line_item,"receivables_customers, revenue",False,False,duplicate,,"safe_div(receivables_customers,revenue)",2,2,False,False,False
qwen35-2b,2,F4-003,F4,P04-GAS24-receivables,False,2,recovered,receivables_customers_profit_margin,"safe_div(gross_profit, safe_div(receivables_customers, current_assets))","Lợi nhuận gộp trên mỗi đơn vị vốn phải thu ngắn hạn đo lường hiệu quả kinh doanh thực sự, loại bỏ yếu tố tài chính để tập trung vào chất lượng sản phẩm.",line_item,"gross_profit, receivables_customers, current_assets",False,True,,,"safe_div(gross_profit,safe_div(receivables_customers,current_assets))",3,3,True,False,False
qwen35-2b,2,F2-005,F2,P05-HUT24-receivables,False,0,strict,receivables_customers_recovery_rate,"safe_div(receivables_customers, current_assets)","Chỉ số tỷ lệ thu hồi nợ phải thu ngắn hạn so với tài sản ngắn hạn phản ánh hiệu quả quản lý dòng tiền và khả năng thanh toán của doanh nghiệp, đặc biệt quan trọng đối với các doanh nghiệp BĐS và hạ tầng có dòng tiền lớn.",note,"Số dư cuối năm 161.406.750.846 so với số dư đầu năm 158.727.455.108, tăng do hợp nhất và trích lập dự phòng bổ sung 2.690.238.352",False,False,duplicate,,"safe_div(receivables_customers,current_assets)",2,2,False,False,False
qwen35-2b,2,F3-004,F3,P05-HUT24-receivables,False,0,recovered,receivables_customers_growth,"safe_div(growth(receivables_customers, 4), delta(receivables_customers, 4))","Sự tăng trưởng của khoản phải thu ngắn hạn của khách hàng phản ánh tốc độ chuyển đổi nợ thành tiền và khả năng sinh lời từ dòng tiền này, là yếu tố then chốt cho lợi suất cổ phiếu.",note,"Chi tiết tình hình tăng, giảm dự phòng nợ phải thu khó đòi",True,False,duplicate,,"safe_div(growth(receivables_customers,4),delta(receivables_customers,4))",3,1,False,True,False
qwen35-2b,2,F3-004,F3,P05-HUT24-receivables,False,1,recovered,provision_doubtful_debt_ratio,"safe_div(provision_doubtful_debt, current_assets)","Tỷ lệ dự phòng nợ xấu trên tổng tài sản ngắn hạn cho thấy mức độ rủi ro tín dụng và chất lượng tài sản ngắn hạn, ảnh hưởng trực tiếp đến dòng tiền thực tế.",line_item,"Số dư cuối năm, Trích lập dự phòng bổ sung trong năm, Hoàn nhập dự phòng trong năm, Tăng do hợp nhất",False,True,,,"safe_div(provision_doubtful_debt,current_assets)",2,2,True,False,False
qwen35-2b,2,F3-004,F3,P05-HUT24-receivables,False,2,recovered,net_revenue_quality,"safe_div(growth(revenue, 4), growth(provision_doubtful_debt, 4))","Tỷ lệ giữa doanh thu thuần và dự phòng nợ xấu đo lường chất lượng doanh thu, phản ánh mức độ rủi ro và khả năng sinh lời bền vững của doanh nghiệp.",line_item,"Số dư cuối năm, Trích lập dự phòng bổ sung trong năm, Hoàn nhập dự phòng trong năm",False,True,,,"safe_div(growth(revenue,4),growth(provision_doubtful_debt,4))",3,2,True,True,False
qwen35-2b,2,F1-005,F1,P06-TNG24-debt,False,0,strict,Interest_Shock_Ratio,"safe_div(interest_expense, safe_div(cash_and_equivalents, safe_div(total_assets, safe_div(current_liabilities, 1))))","Đo lường mức độ biến động của chi phí lãi vay so với khả năng thanh toán ngắn hạn và tài sản, phản ánh tác động trực tiếp của nợ vay lên dòng tiền và khả năng trả nợ của doanh nghiệp.",note,"Tương quan giữa chi phí lãi vay và dòng tiền lưu chuyển, tác động đến khả năng thanh toán nợ ngắn hạn.",False,True,,,"safe_div(interest_expense,safe_div(cash_and_equivalents,safe_div(total_assets,safe_div(current_liabilities,1))))",5,4,True,False,False
qwen35-2b,2,F2-006,F2,P06-TNG24-debt,False,0,strict,interest_rate_ratio,(interest_expense / (cash_and_equivalents + total_assets)) * 100,"Xếp hạng dựa trên tỷ lệ chi phí lãi vay so với tổng tài sản và tiền mặt, phản ánh mức độ rủi ro tài chính và chi phí lãi vay tương đối cao so với tài sản.",note,Ngân hàng Thương mại Cổ phần Công thương Việt Nam - Chi nhánh Thái Nguyên (i) | 01/2022-HĐCVDADT/NHCT220-TNG | 123.100.000.000 VND | Thanh toán chi phí đầu tư hợp pháp của Dự án: Mở rộng nhà máy TNG Phú Bình | Thời hạn vay 7 năm kể từ ngày tiếp theo ngày Ngân hàng giải ngân khoản vay đầu tiên cho Công ty. Lãi suất áp dụng hiện tại là 12%/năm đối với các khoản vay bằng VND.,False,False,raw_division,,((interest_expense/(cash_and_equivalents+total_assets))*100),4,3,False,False,False
qwen35-2b,2,F4-004,F4,P06-TNG24-debt,False,0,recovered,interest_to_equity_ratio,"safe_div(interest_expense, safe_div(cash_and_equivalents, safe_div(total_assets, 4)))",Tỷ lệ chi phí lãi vay so với tài sản lớn giúp đo lường mức độ rủi ro tài chính và khả năng thanh toán của doanh nghiệp.,line_item,"interest_expense, cash_and_equivalents, total_assets",False,True,,,"safe_div(interest_expense,safe_div(cash_and_equivalents,safe_div(total_assets,4)))",4,3,True,False,False
qwen35-2b,2,F4-004,F4,P06-TNG24-debt,False,1,recovered,debt_to_equity_ratio,"safe_div(long_term_debt, safe_div(equity, safe_div(current_liabilities, 4)))",Tỷ lệ nợ dài hạn so với vốn chủ sở hữu phản ánh cấu trúc nợ và mức độ rủi ro thanh khoản của doanh nghiệp.,line_item,"long_term_debt, equity, current_liabilities",False,True,,,"safe_div(long_term_debt,safe_div(equity,safe_div(current_liabilities,4)))",4,3,True,False,False
qwen35-2b,2,F4-004,F4,P06-TNG24-debt,False,2,recovered,interest_coverage_ratio,"safe_div(interest_expense, safe_div(cfo, safe_div(current_liabilities, 4)))",Tỷ lệ che phủ chi phí lãi vay bằng dòng tiền kinh doanh giúp đánh giá khả năng sinh lời từ hoạt động kinh doanh.,line_item,"interest_expense, cfo, current_liabilities",False,True,,,"safe_div(interest_expense,safe_div(cfo,safe_div(current_liabilities,4)))",4,3,True,False,False
qwen35-2b,2,F1-006,F1,P07-NLG17-debt,False,0,strict,Interest_Shield_Ratio,"safe_div(interest_expense, safe_div(total_liabilities, safe_div(current_liabilities, safe_div(short_term_debt, long_term_debt))))","Đo lường tỷ lệ chi phí lãi vay so với tổng nợ phải trả và nợ ngắn hạn để đánh giá mức độ rủi ro vay nợ và khả năng thanh toán, từ đó dự báo biến động lợi nhuận sau thuế.",note,"Theo chuẩn mực kế toán Việt Nam, chi phí lãi vay (interest_expense) được tính trên tổng nợ phải trả và nợ ngắn hạn, phản ánh rủi ro vay nợ của doanh nghiệp.",False,True,,,"safe_div(interest_expense,safe_div(total_liabilities,safe_div(current_liabilities,safe_div(short_term_debt,long_term_debt))))",5,5,True,False,False
qwen35-2b,2,F2-007,F2,P07-NLG17-debt,False,0,strict,Interest_Shield_Ratio,"safe_div(interest_expense, current_liabilities)","Chỉ số này đo lường tỷ lệ chi phí lãi vay so với nợ ngắn hạn, phản ánh mức độ rủi ro vay nợ và khả năng thanh toán của doanh nghiệp trong kỳ.",note,Vay ngắn hạn từ ngân hàng | 113.644.486.982 | 82.126.096.080,False,True,,,"safe_div(interest_expense,current_liabilities)",2,2,True,False,False
qwen35-2b,2,F3-005,F3,P07-NLG17-debt,False,0,strict,interest_expense_to_debt_ratio,"safe_div(interest_expense, safe_div(long_term_debt, short_term_debt))","Tỷ lệ chi phí lãi vay so với tổng nợ vay (bao gồm ngắn hạn và dài hạn) phản ánh mức độ phụ thuộc vào chi phí lãi vay, từ đó dự báo rủi ro thanh khoản và biến động lợi nhuận do lãi suất.",note,Chi phí phát hành trái phiếu | Số cuối năm | VND | 215.966.663.982 | 353.654.528.674 | Vay dài hạn đến hạn trả | 99.522.177.000 | 101.943.358.000 | Vay dài hạn từ ngân hàng | 228.548.210.000 | 349.613.387.000,False,True,,,"safe_div(interest_expense,safe_div(long_term_debt,short_term_debt))",3,3,True,False,False
qwen35-2b,2,F4-005,F4,P07-NLG17-debt,False,0,strict,interest_to_equity_ratio,"safe_div(interest_expense, safe_div(cash_and_equivalents, safe_div(total_assets, 4)))","Tỷ lệ chi phí lãi vay so với tài sản lớn giúp đo lường mức độ rủi ro tài chính và khả năng thanh toán, ảnh hưởng trực tiếp đến lợi suất cổ phiếu.",line_item,"interest_expense, cash_and_equivalents, total_assets",False,False,duplicate,,"safe_div(interest_expense,safe_div(cash_and_equivalents,safe_div(total_assets,4)))",4,3,False,False,False
qwen35-2b,2,F3-006,F3,P08-POW17-debt,False,0,strict,interest_to_debt_ratio,"safe_div(interest_expense, long_term_debt)","Tỷ lệ chi phí lãi vay so với nợ dài hạn phản ánh mức độ phụ thuộc vào chi phí tài chính, nơi chi phí lãi vay cao làm giảm lợi nhuận và tăng rủi ro nợ.",note,Chi tiết các khoản vay dài hạn như sau: Số cuối năm VND | Số đầu năm VND | Các khoản vay dài hạn như sau: | Số cuối năm VND | Số đầu năm VND,False,True,,,"safe_div(interest_expense,long_term_debt)",2,2,True,False,False
qwen35-2b,2,F1-007,F1,P09-HAH24-fixed_assets,False,0,strict,Capital_Intensity_Equity_Ratio,(long_term_assets - fixed_assets) / (total_assets - equity),"Đánh giá tỷ lệ vốn hóa dài hạn trên tổng tài sản để xác định mức độ đầu tư mới và tái đầu tư của doanh nghiệp, phản ánh khả năng phát triển tài sản cố định.",note,"Tỷ lệ này đo lường hiệu quả sử dụng vốn dài hạn so với tài sản cố định, thường được dùng để phân biệt các doanh nghiệp đầu tư mới cao hay thấp.",False,False,raw_division,,((long_term_assets-fixed_assets)/(total_assets-equity)),3,4,False,False,False
qwen35-2b,2,F2-009,F2,P09-HAH24-fixed_assets,False,0,strict,Capital_Intensity_Ratio,(capex + depreciation) / long_term_assets,"Công thức này đo lường mức độ đầu tư mới và bảo trì so với tổng tài sản dài hạn, phản ánh hiệu quả sử dụng vốn cố định để tạo ra lợi nhuận.",line_item,Tài sản cố định hữu hình được thể hiện theo nguyên giá trừ hao mòn lũy kế. Nguyên giá tài sản cố định hữu hình bao gồm toàn bộ các chi phí mà Tập đoàn phải bỏ ra để có được tài sản cố định tính đến thời điểm đưa tài sản đó vào trạng thái sẵn sàng sử dụng.,False,False,raw_division,,((capex+depreciation)/long_term_assets),3,3,False,False,False
qwen35-2b,2,F3-007,F3,P09-HAH24-fixed_assets,False,0,recovered,capex_growth_to_fixed_assets,"safe_div(cfo - capex, fixed_assets)","Sự chênh lệch giữa lưu chuyển tiền thuần và tiền chi mua sắm cho thấy tốc độ đầu tư mới thực tế; nếu dòng tiền lớn hơn đầu tư mới, có nghĩa là tài sản mới được mua vào, làm tăng giá trị tài sản cố định và lợi suất cổ phiếu.",line_item,"Tài sản cố định hữu hình được khấu hao theo phương pháp đường thẳng dựa trên thời gian hữu dụng ước tính. Số năm khấu hao của các loại tài sản cố định hữu hình như sau: Máy móc, thiết bị | 03-10",False,True,,,"safe_div((cfo-capex),fixed_assets)",3,3,True,False,False
qwen35-2b,2,F3-007,F3,P09-HAH24-fixed_assets,False,1,recovered,tangible_fixed_assets_growth_to_equity,"safe_div(tangible_fixed_assets, equity)",Tỷ trọng tài sản cố định hữu hình so với vốn chủ sở hữu phản ánh mức độ đầu tư dài hạn và khả năng tạo ra giá trị cho cổ đông; mức tăng trưởng cao cho thấy cổ phần được đầu tư vào các khoản đầu tư dài hạn.,line_item,Tài sản cố định hữu hình được thể hiện theo nguyên giá trừ hao mòn lũy kế. Nguyên giá tài sản cố định hữu hình bao gồm toàn bộ các chi phí mà Tập đoàn phải bỏ ra để có được tài sản cố định tính đến thời điểm đưa tài sản đó vào trạng thái sẵn sàng sử dụng.,False,True,,,"safe_div(tangible_fixed_assets,equity)",2,2,True,False,False
qwen35-2b,2,F3-007,F3,P09-HAH24-fixed_assets,False,2,recovered,depreciation_rate_to_equity,"safe_div(depreciation, tangible_fixed_assets)",Tỷ lệ khấu hao trên mỗi đồng tài sản cố định hữu hình cho thấy mức độ đầu tư mới đang được thực hiện; tỷ lệ cao có thể báo hiệu dòng tiền đầu tư mới mạnh hoặc dự án đầu tư mới đang được triển khai.,note,"Tài sản cố định hữu hình được khấu hao theo phương pháp đường thẳng dựa trên thời gian hữu dụng ước tính. Số năm khấu hao của các loại tài sản cố định hữu hình như sau: Máy móc, thiết bị | 03-10",False,True,,,"safe_div(depreciation,tangible_fixed_assets)",2,2,True,False,False
qwen35-2b,2,F4-006,F4,P09-HAH24-fixed_assets,False,0,strict,capex_to_equity_ratio,"growth((safe_div(capex, long_term_assets), 4) / safe_div(capex, total_assets), 4)",Tỷ lệ chi phí đầu tư mới trên tài sản cố định tăng cao thường dẫn đến lợi nhuận sau thuế thấp hơn do đầu tư mới không tạo ra dòng tiền.,line_item,"capex, long_term_assets, total_assets",False,False,syntax_error:Tuple,,,,,False,True,False
qwen35-2b,2,F2-010,F2,P10-TNG17-fixed_assets,False,0,strict,TSGD_TSGD_TSGD,(fixed_assets - accumulated_depreciation) / total_assets,"Công thức này tính tỷ lệ tài sản cố định hữu hình trên tổng tài sản, phản ánh tỷ trọng tài sản cố định trong cấu trúc tài sản của doanh nghiệp. Khi tỷ lệ này tăng, khả năng tạo ra dòng tiền từ hoạt động sản xuất và đầu tư mới của doanh nghiệp thường tăng, dẫn đến lợi suất cổ phiếu cao hơn.",note,Nguyên giá của tài sản cố định bao gồm các thiết bị đã khấu hao hết tại ngày 31 tháng 12 năm 2017 nhưng vẫn còn sử dụng với giá trị là 120.982.629.067 VND (tại ngày 31 tháng 12 năm 2016: 112.218.072.753 VND).,True,False,raw_division,,((fixed_assets-accumulated_depreciation)/total_assets),3,3,False,False,False
qwen35-2b,2,F3-008,F3,P10-TNG17-fixed_assets,False,0,recovered,capex_growth_rate,"safe_div(cfo - capex, total_assets)","Tỷ lệ tăng trưởng chi phí đầu tư mới so với tổng tài sản cho thấy tốc độ mở rộng quy mô và khả năng tái đầu tư, là chỉ số dự báo lợi suất tăng trưởng trong ngắn hạn.",line_item,"Tăng do mua sắm mới trong năm, Thanh lý, nhượng bán, Số dư cuối năm",False,True,,,"safe_div((cfo-capex),total_assets)",3,3,True,False,False
qwen35-2b,2,F3-008,F3,P10-TNG17-fixed_assets,False,1,recovered,tangible_fixed_assets_to_total_assets_ratio,"safe_div(tangible_fixed_assets, total_assets)","Tỷ trọng tài sản cố định hữu hình so với tổng tài sản phản ánh tỷ trọng tài sản vật chất, nơi có khả năng sinh lời và bảo vệ giá trị cổ phần trong bối cảnh lạm phát và suy thoái.",line_item,"Tăng do mua sắm mới trong năm, Thanh lý, nhượng bán, Số dư cuối năm, Tại ngày cuối năm",False,True,,,"safe_div(tangible_fixed_assets,total_assets)",2,2,True,False,False
qwen35-2b,2,F3-008,F3,P10-TNG17-fixed_assets,False,2,recovered,construction_in_progress_to_total_assets_ratio,"safe_div(construction_in_progress, total_assets)","Tỷ trọng tài sản dở dang dài hạn so với tổng tài sản cho thấy mức độ đầu tư vào các dự án mới, tiềm năng tăng trưởng và rủi ro chậm tiến độ hoặc thất bại.",line_item,"Tăng do mua sắm mới trong năm, Thanh lý, nhượng bán, Số dư cuối năm",False,True,,,"safe_div(construction_in_progress,total_assets)",2,2,True,False,False
qwen35-2b,2,F2-011,F2,P11-HPG17-cip,False,0,strict,Construction_InProgress_Ratio,(construction_in_progress + long_term_assets) / total_assets,"Công thức này đo lường tỷ lệ vốn đang đầu tư xây dựng cơ bản so với tổng tài sản, phản ánh tốc độ mở rộng quy mô và khả năng tạo ra sản phẩm mới của doanh nghiệp.",note,Xây dựng cơ bản dở dang phần ánh (i) các khoản chi phí xây dựng và máy móc chưa được hoàn thành hoặc chưa lắp đặt xong và (ii) các khoản chi phí liên quan trực tiếp đến việc chăn nuôi lợn giống đang lớn và chưa sẵn sàng tạo ra sản phẩm.,True,False,raw_division,,((construction_in_progress+long_term_assets)/total_assets),3,3,False,False,False
qwen35-2b,2,F4-007,F4,P11-HPG17-cip,False,0,strict,construction_in_progress_ratio,"growth(construction_in_progress, 4) / growth(total_assets, 4)",Tỷ lệ tăng trưởng đầu tư xây dựng so với tổng tài sản cho thấy tốc độ mở rộng quy mô và khả năng sinh lời từ các dự án mới.,line_item,"construction_in_progress, total_assets",False,False,raw_division,,"(growth(construction_in_progress,4)/growth(total_assets,4))",3,2,False,True,False
qwen35-2b,2,F1-008,F1,P12-VGC24-cip,False,0,strict,Construction_InProgress_Growth_Ratio,"(growth(construction_in_progress, 1) - growth(construction_in_progress, 2)) / (growth(construction_in_progress, 1) + growth(construction_in_progress, 2))","Đo lường tốc độ tăng trưởng của khoản đầu tư xây dựng cơ bản so với kỳ trước, phản ánh động lực đầu tư dài hạn và khả năng chuyển đổi vốn sang tài sản hữu hình cho doanh nghiệp.",line_item,"Vòng tròn đầu tư dài hạn và xây dựng cơ bản, ghi số âm khi chi phí",False,False,raw_division,,"((growth(construction_in_progress,1)-growth(construction_in_progress,2))/(growth(construction_in_progress,1)+growth(construction_in_progress,2)))",4,1,False,True,False
qwen35-2b,2,F1-008,F1,P12-VGC24-cip,False,1,strict,Construction_InProgress_Leverage_Index,"safe_div(construction_in_progress, long_term_assets)","Xác định mức độ đầu tư xây dựng cơ bản tương đối so với tổng tài sản dài hạn, đánh giá tỷ trọng vốn đầu tư dài hạn trong cấu trúc tài sản của doanh nghiệp.",line_item,Tài sản dài hạn và khoản đầu tư xây dựng cơ bản,False,True,,,"safe_div(construction_in_progress,long_term_assets)",2,2,True,False,False
qwen35-2b,2,F1-008,F1,P12-VGC24-cip,False,2,strict,Construction_InProgress_Equity_Momentum,"safe_div(construction_in_progress, equity)","Đo lường tốc độ tăng trưởng của khoản đầu tư xây dựng cơ bản so với vốn chủ sở hữu, phản ánh hiệu quả sử dụng vốn và tốc độ mở rộng quy mô sản xuất.",line_item,Vốn chủ sở hữu và khoản đầu tư xây dựng cơ bản,False,True,,,"safe_div(construction_in_progress,equity)",2,2,True,False,False
qwen35-2b,2,F2-012,F2,P12-VGC24-cip,False,0,recovered,Construction_InProgress_Growth,"growth(construction_in_progress, 1)","Công thức này đo lường tốc độ tăng trưởng của khoản đầu tư xây dựng cơ bản dở dang trong kỳ so với kỳ trước, phản ánh trực tiếp vào khả năng tạo ra tài sản dài hạn và tăng trưởng doanh thu trong giai đoạn đầu tư mới.",note,"Dự án Khu công nghiệp Thuận Thành giai đoạn I... Tính đến thời điểm lập báo cáo, dự án đang trong giai đoạn thực hiện sản lắp mặt bằng, xây dựng hạ tầng xung quanh và bàn giao.",False,True,,,"growth(construction_in_progress,1)",2,1,True,True,False
qwen35-2b,2,F2-012,F2,P12-VGC24-cip,False,1,recovered,Construction_InProgress_Rank,rank(construction_in_progress),"Công thức xếp hạng dựa trên mức độ tăng trưởng của khoản đầu tư xây dựng cơ bản dở dang, giúp xác định vị trí của doanh nghiệp trong nhóm đầu tư hạ tầng và dự án mới.",note,"Dự án Khu công nghiệp Thuận Thành giai đoạn I được thực hiện theo Quyết định số 187/TCT-HĐQT ngày 31 tháng 5 năm 2021 và phê duyệt điều chỉnh theo Quyết định số 86/TCT-HĐQT ngày 08 tháng 5 năm 2023, Quyết định 151/TCT-HĐQT ngày 12 tháng 12 năm 2023 của Hội đồng Quản trị Tổng Công ty.",False,True,,,rank(construction_in_progress),2,1,True,False,False
qwen35-2b,2,F2-012,F2,P12-VGC24-cip,False,2,recovered,Construction_InProgress_vs_Total_Assets,"safe_div(construction_in_progress, total_assets)","Công thức so sánh tỷ lệ đầu tư xây dựng cơ bản dở dang trên tổng tài sản, cho thấy mức độ đầu tư dài hạn và khả năng thanh khoản của dòng tiền đầu tư trong khi vẫn giữ được tài sản cố định.",note,"Dự án Khu công nghiệp Thuận Thành giai đoạn I... Tính đến thời điểm lập báo cáo, dự án đang trong giai đoạn thực hiện sản lắp mặt bằng, xây dựng hạ tầng xung quanh và bàn giao.",False,False,duplicate,,"safe_div(construction_in_progress,total_assets)",2,2,False,False,False
qwen35-2b,2,F3-009,F3,P12-VGC24-cip,False,0,strict,construction_in_progress_growth,"safe_div(growth(construction_in_progress, 1), growth(construction_in_progress, 4))","Tỷ lệ tăng trưởng của khoản đầu tư xây dựng cơ bản so với kỳ trước cho thấy tốc độ mở rộng quy mô và khả năng tạo ra giá trị mới, là yếu tố then chốt quyết định lợi suất dài hạn.",note,"Dự án Khu công nghiệp Thuận Thành giai đoạn I được thực hiện theo Quyết định số 187/TCT-HĐQT ngày 31 tháng 5 năm 2021 và phê duyệt điều chỉnh theo Quyết định số 86/TCT-HĐQT ngày 08 tháng 5 năm 2023, Quyết định 151/TCT-HĐQT ngày 12 tháng 12 năm 2023 của Hội đồng Quản trị Tổng Công ty. Dự án có diện tích 262,71 ha nằm trên địa phận các Xã Ninh Xá, Trạm Lộ, Nghĩa Đạo, Huyện Thuận Thành, Tính Bắc Ních với tổng mức đầu tư là 3.395,8 tỷ VND bằng vốn tự có, vốn huy động và vốn vay thương mại. Dự án thực hiện đầu tư các hạng mục chủ yếu là: Sản nền; Đường nội bộ; Hệ thống cấp nước, thoát nước mưa; Hệ thống thoát nước thải; Hệ thống cấp điện trung thể; Hệ thống chiều sáng và trạm biến áp và nhà điều hành; Cây xanh, cảnh quan; Hệ thống kênh mương,...",False,True,,,"safe_div(growth(construction_in_progress,1),growth(construction_in_progress,4))",3,1,True,True,False
qwen35-2b,2,F4-008,F4,P12-VGC24-cip,False,0,recovered,construction_in_progress_ratio,"growth(construction_in_progress, 4) / growth(total_assets, 4)","Tỷ lệ tăng trưởng đầu tư xây dựng so với tổng tài sản cho thấy tốc độ mở rộng cơ sở hạ tầng và dự án mới, ảnh hưởng trực tiếp đến dòng tiền và lợi nhuận trong chu kỳ đầu tư.",line_item,"construction_in_progress, total_assets",False,False,raw_division|duplicate,,"(growth(construction_in_progress,4)/growth(total_assets,4))",3,2,False,True,False
qwen35-2b,2,F4-008,F4,P12-VGC24-cip,False,1,recovered,construction_in_progress_to_equity_ratio,"growth(construction_in_progress, 4) / growth(equity, 4)","Tỷ lệ tăng trưởng đầu tư xây dựng so với vốn chủ sở hữu cho thấy mức độ đầu tư mở rộng so với khả năng tài chính, có thể dự báo lợi suất tăng trưởng nếu dự án thành công.",line_item,"construction_in_progress, equity",False,False,raw_division,,"(growth(construction_in_progress,4)/growth(equity,4))",3,2,False,True,False
qwen35-2b,2,F4-008,F4,P12-VGC24-cip,False,2,recovered,construction_in_progress_to_revenue_ratio,"growth(construction_in_progress, 4) / growth(revenue, 4)","Tỷ lệ tăng trưởng đầu tư xây dựng so với doanh thu thuần cho thấy mức độ đầu tư xây dựng so với doanh thu, phản ánh hiệu quả đầu tư xây dựng trong chu kỳ.",line_item,"construction_in_progress, revenue",False,False,raw_division,,"(growth(construction_in_progress,4)/growth(revenue,4))",3,2,False,True,False
qwen35-2b,2,F2-013,F2,P13-NLG24-customer_advances,False,0,strict,customer_advances_growth_rate,"(customer_advances - customer_advances_lag(1, 1)) / customer_advances_lag(1, 1)","Đánh giá tốc độ gia tăng của khoản tiền người mua trả trước, phản ánh trực tiếp sự tăng trưởng của dòng tiền từ khách hàng và khả năng thanh toán của doanh nghiệp, từ đó dự báo lợi suất cổ phiếu.",note,Tiền cho thuê nhận trước từ khách hàng cho toàn bộ giai đoạn thuê và được phân bổ định kỳ.,False,False,raw_division|unknown_func:customer_advances_lag,,"((customer_advances-customer_advances_lag(1,1))/customer_advances_lag(1,1))",4,1,False,False,False
qwen35-2b,2,F3-010,F3,P13-NLG24-customer_advances,False,0,recovered,customer_advances_to_revenue_ratio,"safe_div(customer_advances, revenue)","Tỷ lệ người mua trả tiền trước so với doanh thu thuần phản ánh mức độ tín dụng của khách hàng, cao hơn có nghĩa là doanh thu chưa thực hiện chiếm tỷ trọng lớn hơn, dẫn đến rủi ro chậm thanh toán và lợi suất tương lai thấp hơn.",note,Tiền cho thuê nhận trước từ khách hàng cho toàn bộ giai đoạn thuê và được phân bổ định kỳ.,False,True,,,"safe_div(customer_advances,revenue)",2,2,True,False,False
qwen35-2b,2,F3-010,F3,P13-NLG24-customer_advances,False,1,recovered,accruals_to_revenue_ratio,"safe_div(revenue - customer_advances, revenue)","Phần doanh thu thuần không phải là tiền mặt (doanh thu chưa thực hiện) cao hơn so với tiền mặt phản ánh chất lượng dòng tiền và khả năng thanh toán, làm giảm lợi suất tương lai.",line_item,"Doanh thu chưa thực hiện tại ngày 31 tháng 12 năm 2024 bao gồm: Giá trị của khoản lợi nhuận mà Nhóm Công ty nhận được từ việc chuyển nhượng một phần dự án Mizuki cho NNH Mizuki, theo tỷ lệ sở hữu của Nhóm Công ty trong các liên doanh này và khoản lợi nhuận phát sinh từ việc cung cấp dịch vụ cho các công ty này.",False,True,,,"safe_div((revenue-customer_advances),revenue)",3,2,True,False,False
qwen35-2b,2,F3-010,F3,P13-NLG24-customer_advances,False,2,recovered,customer_advances_to_revenue_ratio,"safe_div(customer_advances, revenue)","Tỷ lệ người mua trả tiền trước so với doanh thu thuần đo lường mức độ tín dụng của khách hàng, cao hơn có nghĩa là doanh thu chưa thực hiện chiếm tỷ trọng lớn hơn, dẫn đến rủi ro chậm thanh toán và lợi suất tương lai thấp hơn.",line_item,Tiền cho thuê nhận trước từ khách hàng cho toàn bộ giai đoạn thuê và được phân bổ định kỳ.,False,False,duplicate,,"safe_div(customer_advances,revenue)",2,2,False,False,False
qwen35-2b,2,F2-014,F2,P14-IDC24-customer_advances,False,0,recovered,customer_advances_growth_ratio,"(customer_advances - customer_advances_lag(1, 1)) / customer_advances","Đánh giá tốc độ tăng trưởng của khoản tiền người mua trả trước so với kỳ trước, phản ánh khả năng thu hồi vốn và niềm tin của khách hàng.",note,Dữ liệu khách hàng trả tiền trước ngắn hạn khác,False,False,raw_division|unknown_func:customer_advances_lag,,"((customer_advances-customer_advances_lag(1,1))/customer_advances)",4,1,False,False,False
qwen35-2b,2,F2-014,F2,P14-IDC24-customer_advances,False,1,recovered,revenue_revenue_revenue,"revenue - revenue_lag(1, 1)","Phân tích sự thay đổi về mặt số liệu doanh thu thuần từ kỳ này so với kỳ trước, phản ánh động lực tăng trưởng doanh thu trực tiếp.",note,Số cuối năm Doanh thu thuần,False,False,unknown_func:revenue_lag,,"(revenue-revenue_lag(1,1))",3,1,False,False,False
qwen35-2b,2,F2-014,F2,P14-IDC24-customer_advances,False,2,recovered,revenue_revenue_revenue,"revenue - revenue_lag(1, 1)","Phân tích sự thay đổi về mặt số liệu doanh thu thuần từ kỳ này so với kỳ trước, phản ánh động lực tăng trưởng doanh thu trực tiếp.",note,Số cuối năm Doanh thu thuần,False,False,unknown_func:revenue_lag|duplicate,,"(revenue-revenue_lag(1,1))",3,1,False,False,False
qwen35-2b,2,F3-011,F3,P14-IDC24-customer_advances,False,0,recovered,customer_advances_to_revenue_ratio,"safe_div(customer_advances, revenue)","Tỷ lệ người mua trả tiền trước so với doanh thu phản ánh mức độ tín dụng của khách hàng, giúp dự báo khả năng chuyển đổi khoản tiền này thành doanh thu thực tế trong kỳ tới.",note,Doanh thu nhận trước ngắn hạn khác,True,False,duplicate,,"safe_div(customer_advances,revenue)",2,2,False,False,False
qwen35-2b,2,F3-011,F3,P14-IDC24-customer_advances,False,1,recovered,revenue_growth_vs_revenue,"safe_div(growth(revenue, 1), revenue)","Tốc độ tăng trưởng doanh thu so với doanh thu kỳ trước cho thấy động lực tăng trưởng nội bộ của doanh nghiệp, ảnh hưởng trực tiếp đến lợi suất cổ phiếu.",line_item,Doanh thu thuần,False,True,,,"safe_div(growth(revenue,1),revenue)",3,1,True,True,False
qwen35-2b,2,F3-011,F3,P14-IDC24-customer_advances,False,2,recovered,customer_advances_to_revenue_growth,"safe_div(customer_advances, growth(revenue, 1))","Tỷ lệ người mua trả tiền trước so với tốc độ tăng trưởng doanh thu cho thấy mức độ tín dụng của khách hàng so với tốc độ tăng trưởng doanh thu, phản ánh chất lượng dòng tiền từ khách hàng.",line_item,Doanh thu thuần,False,True,,,"safe_div(customer_advances,growth(revenue,1))",3,2,True,True,False
qwen35-2b,2,F3-011,F3,P14-IDC24-customer_advances,False,3,recovered,customer_advances_to_revenue_growth,"safe_div(customer_advances, growth(revenue, 1))","Tỷ lệ người mua trả tiền trước so với tốc độ tăng trưởng doanh thu cho thấy mức độ tín dụng của khách hàng so với tốc độ tăng trưởng doanh thu, phản ánh chất lượng dòng tiền từ khách hàng.",line_item,Doanh thu thuần,False,False,duplicate,,"safe_div(customer_advances,growth(revenue,1))",3,2,False,True,False
qwen35-2b,2,F4-009,F4,P14-IDC24-customer_advances,False,0,recovered,customer_advances_to_revenue_ratio,"safe_div(customer_advances, revenue)","Tỉ lệ người mua trả tiền trước so với doanh thu phản ánh mức độ tín dụng của khách hàng, giúp dự báo doanh thu chưa thực hiện và tương lai.",line_item,"customer_advances, revenue",False,False,duplicate,,"safe_div(customer_advances,revenue)",2,2,False,False,False
qwen35-2b,2,F4-009,F4,P14-IDC24-customer_advances,False,1,recovered,receivables_turnover_ratio,"safe_div(short_term_receivables, revenue)","Tỷ lệ quay vòng tiền gửi ngắn hạn cho thấy tốc độ doanh nghiệp thu hồi vốn từ khách hàng, ảnh hưởng trực tiếp đến dòng tiền và lợi nhuận.",line_item,"short_term_receivables, revenue",False,True,,,"safe_div(short_term_receivables,revenue)",2,2,True,False,False
qwen35-2b,2,F4-009,F4,P14-IDC24-customer_advances,False,2,recovered,customer_advances_growth_rate,"growth(customer_advances, 4)",Tốc độ tăng trưởng của khoản người mua trả tiền trước cho thấy sự mở rộng thị trường và tăng trưởng doanh thu trong tương lai.,line_item,customer_advances,False,True,,,"growth(customer_advances,4)",2,1,True,True,False
qwen35-2b,2,F1-010,F1,P15-CTD17-associates,False,0,strict,Share_of_Associates_Growth_Momentum,(share_of_associates / total_assets) * 100 + (revenue / total_assets) * 100,"Đo lường tốc độ tăng trưởng phần lãi lỗ trong công ty liên doanh so với tổng tài sản và doanh thu thuần, phản ánh hiệu quả đầu tư liên kết và khả năng sinh lời từ các khoản đầu tư dài hạn.",note,"Viết lại theo định dạng toán tử và hàm như yêu cầu, giữ nguyên tên biến share_of_associates và các biến liên quan.",False,False,raw_division,,(((revenue/total_assets)*100)+((share_of_associates/total_assets)*100)),4,3,False,False,False
qwen35-2b,2,F2-015,F2,P15-CTD17-associates,False,0,recovered,share_of_associates_growth_rate,"safe_div((share_of_associates - lag(share_of_associates, 1)) / lag(revenue, 1))","Đánh giá tốc độ tăng trưởng phần lãi lỗ từ các công ty liên kết so với doanh thu thuần, phản ánh hiệu quả đầu tư vào liên kết trong kỳ.",note,Phần lãi lỗ trong công ty liên kết trong năm,False,False,bad_arity:safe_div|raw_division,,"safe_div(((share_of_associates-lag(share_of_associates,1))/lag(revenue,1)))",5,2,False,True,False
qwen35-2b,2,F2-015,F2,P15-CTD17-associates,False,1,recovered,total_assets_to_equity_ratio,"safe_div(total_assets, equity)","Xác định mức độ tài sản cố định và tài sản lưu chuyển so với vốn chủ sở hữu, cho thấy khả năng tài chính và rủi ro của công ty.",note,TỔNG CỘNG TÀI SẢN,False,True,,,"safe_div(total_assets,equity)",2,2,True,False,False
qwen35-2b,2,F2-015,F2,P15-CTD17-associates,False,2,recovered,liability_to_equity_ratio,"safe_div(lag(share_of_associates, 1), equity)","Đánh giá mức độ nợ và rủi ro liên quan đến các khoản đầu tư vào công ty liên kết so với vốn chủ sở hữu, đặc biệt quan trọng khi xem xét các khoản đầu tư lớn.",note,Lợi nhuận chưa thực hiện trong năm,True,True,,,"safe_div(lag(share_of_associates,1),equity)",3,2,True,True,False
qwen35-2b,2,F3-012,F3,P15-CTD17-associates,False,0,recovered,share_of_associates_growth,"growth(safe_div(investments_associates, share_of_associates), 1)",Tỷ lệ tăng trưởng phần lãi lỗ trong công ty liên kết so với tổng vốn đầu tư cho thấy mức độ tăng trưởng lợi nhuận thực tế từ các khoản đầu tư liên kết.,note,Phần lợi nhuận từ các công ty liên kết trong năm | 31.676.978.729,True,True,,,"growth(safe_div(investments_associates,share_of_associates),1)",3,2,True,True,False
qwen35-2b,2,F3-012,F3,P15-CTD17-associates,False,1,recovered,total_assets_to_invest_ratio,"safe_div(total_assets, investments_associates)",Tỷ lệ giữa tổng tài sản và khoản đầu tư vào liên kết cho thấy mức độ mở rộng tài sản do đầu tư liên kết tạo ra so với tổng tài sản doanh nghiệp.,line_item,"Chi tiết khoản đầu tư của Nhóm Công ty vào các công ty liên kết như sau: Tỷ lệ sở hữu(%) | Giá trị(VND) | Tỷ lệ sở hữu(%) | Giá trị(VND) Công ty Cổ phần Đầu tư Xây dựng Ricons (&quot;Ricons&quot;) | 18,58 | 142.451.914.317 | 19,20 | 96.563.534.057",False,True,,,"safe_div(total_assets,investments_associates)",2,2,True,False,False
qwen35-2b,2,F3-012,F3,P15-CTD17-associates,False,2,recovered,net_income_per_invest_share,"safe_div(net_income, safe_div(investments_associates, share_of_associates))",Lợi nhuận sau thuế trên mỗi đồng vốn đầu tư vào liên kết cho phép so sánh hiệu quả sinh lời giữa các công ty liên kết có tỷ lệ sở hữu khác nhau.,line_item,Phần lợi nhuận từ các công ty liên kết trong năm | 31.676.978.729,False,True,,,"safe_div(net_income,safe_div(investments_associates,share_of_associates))",3,3,True,False,False
qwen35-2b,2,F4-010,F4,P15-CTD17-associates,False,0,recovered,share_of_associates_to_net_income_ratio,"safe_div(share_of_associates, net_income)","Tỷ lệ phần lãi lỗ trong liên doanh so với lợi nhuận sau thuế phản ánh hiệu quả đầu tư liên kết, giúp xếp hạng cổ phiếu dựa trên dòng tiền thực tế.",line_item,"share_of_associates, net_income",False,True,,,"safe_div(share_of_associates,net_income)",2,2,True,False,False
qwen35-2b,2,F4-010,F4,P15-CTD17-associates,False,1,recovered,long_term_investments_to_equity_ratio,"safe_div(long_term_investments, equity)","Tỷ lệ đầu tư dài hạn so với vốn chủ sở hữu cho thấy mức độ đầu tư dài hạn và tăng trưởng tài sản, tác động tích cực đến lợi suất cổ phiếu.",line_item,"long_term_investments, equity",False,True,,,"safe_div(long_term_investments,equity)",2,2,True,False,False
qwen35-2b,2,F4-010,F4,P15-CTD17-associates,False,2,recovered,market_cap_to_revenue_growth,"safe_div(market_cap, growth(revenue, 4))","Tỷ lệ vốn thị trường so với tốc độ tăng trưởng doanh thu cho thấy sức khỏe tài chính và khả năng mở rộng thị trường, hỗ trợ xếp hạng cổ phiếu.",line_item,"market_cap, revenue",False,True,,,"safe_div(market_cap,growth(revenue,4))",3,2,True,True,False
qwen35-2b,2,F1-011,F1,P16-PVT17-associates,False,0,strict,Share_of_Associates_Growth_Momentum,(share_of_associates / total_assets) * 100 + (revenue / total_assets) * 100,"Đánh giá tốc độ tăng trưởng phần lãi lỗ trong công ty liên doanh so với tổng tài sản và doanh thu, phản ánh hiệu quả hoạt động của các khoản đầu tư liên kết trong bối cảnh tăng trưởng doanh thu.",note,"Việc so sánh share_of_associates với các chỉ tiêu tài chính lớn giúp xác định mức độ đóng góp của liên doanh vào giá trị tổng thể doanh nghiệp, từ đó dự báo lợi suất cổ phiếu.",False,False,raw_division|duplicate,,(((revenue/total_assets)*100)+((share_of_associates/total_assets)*100)),4,3,False,False,False
qwen35-2b,2,F2-016,F2,P16-PVT17-associates,False,0,strict,share_of_associates_growth_rate,"safe_div(growth(share_of_associates, 1), safe_div(revenue, 1))","Công thức này đo lường tốc độ tăng trưởng phần lãi lỗ trong công ty liên doanh so với tốc độ tăng trưởng doanh thu thuần, phản ánh hiệu quả đầu tư và khả năng sinh lời của cổ phần liên kết so với doanh nghiệp mẹ.",note,Phần lợi nhuận phát sinh sau ngày đầu tư trừ cổ tức được chia | 27.116.030.203 | 26.785.452.437,False,True,,,"safe_div(growth(share_of_associates,1),safe_div(revenue,1))",3,2,True,True,False
qwen35-2b,2,F3-013,F3,P16-PVT17-associates,False,0,recovered,share_of_associates_growth,"growth(safe_div(investments_associates, share_of_associates), 4)","Công thức này đo lường tốc độ tăng trưởng phần lợi nhuận từ các khoản đầu tư liên doanh so với lợi nhuận thuần, phản ánh khả năng sinh lời từ các khoản đầu tư dài hạn.",line_item,Lợi nhuận sau thuế | 55.938.261.902 | 55.944.341.581,False,True,,,"growth(safe_div(investments_associates,share_of_associates),4)",3,2,True,True,False
qwen35-2b,2,F3-013,F3,P16-PVT17-associates,False,1,recovered,net_income_per_share_of_associates,"safe_div(safe_div(net_income, investments_associates), share_of_associates)","Chỉ số này biểu thị mức lợi nhuận sau thuế trên mỗi đồng vốn đầu tư vào công ty liên doanh, cho thấy hiệu quả sử dụng vốn cho các khoản đầu tư dài hạn.",line_item,Lợi nhuận sau thuế | 55.938.261.902 | 55.944.341.581,False,True,,,"safe_div(safe_div(net_income,investments_associates),share_of_associates)",3,3,True,False,False
qwen35-2b,2,F3-013,F3,P16-PVT17-associates,False,2,recovered,total_assets_per_share_of_associates,"safe_div(safe_div(total_assets, investments_associates), share_of_associates)","Chỉ số này đo lường mức tăng trưởng tài sản trên mỗi đồng vốn đầu tư, phản ánh quy mô mở rộng và khả năng sinh lời của các khoản đầu tư dài hạn.",line_item,Phần tài sản thuần khoản đầu tư vào công ty liên kết | 193.686.524.453 | 188.948.125.750,False,True,,,"safe_div(safe_div(total_assets,investments_associates),share_of_associates)",3,3,True,False,False
qwen35-2b,2,F1-012,F1,P17-NTP17-related_party,False,0,strict,Profit_Margin_Elasticity,safe_div((revenue - cogs) / total_assets),"Đánh giá tỷ lệ biên lợi nhuận trên tổng tài sản, phản ánh khả năng tạo ra lợi nhuận thực tế so với tài sản cố định và hoạt động, giúp xác định vị thế cạnh tranh của doanh nghiệp trong ngành sản xuất.",line_item,"Vốn chủ sở hữu, Doanh thu thuần, Giá vốn hàng bán, Tổng công ty",False,False,bad_arity:safe_div|raw_division,,safe_div(((revenue-cogs)/total_assets)),4,3,False,False,False
qwen35-2b,2,F2-017,F2,P17-NTP17-related_party,False,0,strict,related_party_impact_ratio,"safe_div(revenue, safe_div(cfo, safe_div(receivables_customers, safe_div(prepaid_to_suppliers, safe_div(total_assets, safe_div(equity, related_party_disclosed))))))","Đánh giá mức độ tác động của các giao dịch với bên liên quan (related_party_disclosed) so với tổng doanh thu và dòng tiền thuần, giúp xác định các cổ phiếu có rủi ro hoặc cơ hội từ các giao dịch này.",note,"Trong năm, Công ty có các giao dịch chủ yếu với các bên liên quan như sau: Công ty Cổ phần Nhựa Thiểu niên Tiền Phong phía Nam | 301.063.347.138 | 195.914.529.480",False,False,too_complex,,"safe_div(revenue,safe_div(cfo,safe_div(receivables_customers,safe_div(prepaid_to_suppliers,safe_div(total_assets,safe_div(equity,related_party_disclosed))))))",7,7,False,False,True
qwen35-2b,2,F3-014,F3,P17-NTP17-related_party,False,0,recovered,related_party_revenue_ratio,"safe_div(revenue, related_party_disclosed)","Tỷ lệ doanh thu có liên quan đến bên liên quan cao cho thấy dòng tiền từ giao dịch bên ngoài có thể tăng trưởng mạnh, dẫn đến lợi suất cổ phiếu cao hơn.",line_item,"Công ty Cổ phần Nhựa Thiếu niên Tiền Phong phía Nam | Công ty liên kết, Công ty TNHH Liên doanh Nhựa Tiền Phong - SMP, Công ty TNHH Thương mại Xuất nhập khẩu Minh Hải, Công ty Cổ phần Nhựa Thiểu niên Tiền Phong phía Nam, Công ty Cổ phần Bao bì Tiền Phong",False,True,,,"safe_div(revenue,related_party_disclosed)",2,2,True,False,True
qwen35-2b,2,F3-014,F3,P17-NTP17-related_party,False,1,recovered,receivables_from_related_parties,"safe_div(receivables_customers, related_party_disclosed)","Tỷ lệ khoản phải thu ngắn hạn có liên quan đến bên liên quan cao cho thấy doanh nghiệp đang giao dịch nhiều với đối tác, có thể dẫn đến lợi nhuận tăng cao trong kỳ tới.",line_item,"Trong năm, Công ty có các giao dịch chủ yếu với các bên liên quan như sau: Công ty Cổ phần Nhựa Thiếu niên Tiền Phong phía Nam | 301.063.347.138 | 195.914.529.480, Công ty TNHH Liên doanh Nhựa Tiền Phong - SMP | - | 2.257.132.201, Công ty TNHH Thương mại Xuất nhập khẩu Minh Hải | 960.703.110.883 | 905.345.844.335, Công ty Cổ phần Nhựa Thiểu niên Tiền Phong phía Nam | 373.789.161.597 | 192.228.148.045, Công ty Cổ phần Bao bì Tiền Phong | 28.243.920.029 | 10.915.966.390",False,True,,,"safe_div(receivables_customers,related_party_disclosed)",2,2,True,False,True
qwen35-2b,2,F4-011,F4,P18-MWG24-related_party,False,0,strict,revenue_margin_ratio,"safe_div(revenue, cogs)","Tỷ lệ doanh thu trên giá vốn hàng bán phản ánh khả năng tạo ra lợi nhuận thuần, là chỉ số quan trọng để xếp hạng cổ phiếu trong ngành bán lẻ.",line_item,"revenue, cogs",False,True,,,"safe_div(revenue,cogs)",2,2,True,False,False
qwen35-2b,2,F4-011,F4,P18-MWG24-related_party,False,1,strict,receivables_turnover_ratio,"safe_div(receivables_customers, short_term_receivables)","Chỉ số quay vòng vốn ngắn hạn cho thấy tốc độ nhận tiền và thanh toán, tác động trực tiếp đến dòng tiền và lợi suất.",line_item,"receivables_customers, short_term_receivables",False,False,duplicate,,"safe_div(receivables_customers,short_term_receivables)",2,2,False,False,False
qwen35-2b,2,F4-011,F4,P18-MWG24-related_party,False,2,strict,equity_multiplier,"safe_div(equity, total_assets)","Tỷ lệ nợ trên vốn chủ sở hữu đo lường rủi ro tài chính, ảnh hưởng đến lợi suất trong các kỳ có biến động lớn.",line_item,"equity, total_assets",False,True,,,"safe_div(equity,total_assets)",2,2,True,False,False
qwen35-2b,2,F1-013,F1,P19-GAS17-commitments,False,0,strict,Growth_of_Cash_and_Equivalents,"safe_div(cash_and_equivalents, safe_div(cash_and_equivalents, lag(cash_and_equivalents, 1)))","Đánh giá tốc độ tăng trưởng của dòng tiền và tài sản tương đương tiền, phản ánh khả năng sinh lời và duy trì dòng tiền cho cổ phần, là yếu tố then chốt cho các cổ phiếu có cam kết hoặc nợ tiềm tàng.",note,Vốn chủ sở hữu và dòng tiền thuần là các chỉ tiêu cơ bản để phân tích khả năng thanh toán và phát triển tài sản.,False,True,,,"safe_div(cash_and_equivalents,safe_div(cash_and_equivalents,lag(cash_and_equivalents,1)))",4,1,True,True,False
qwen35-2b,2,F2-019,F2,P19-GAS17-commitments,False,0,strict,contingent_risk_score,"safe_div(contingent_liabilities_disclosed, total_assets) * 100","Công thức này đo lường mức độ rủi ro từ các khoản cam kết vốn và cam kết mua bán so với tổng tài sản, phản ánh khả năng thanh toán và sự ổn định tài chính trong bối cảnh cam kết dài hạn.",note,Cam kết vốn | 33.502.059.832.769 | 33.583.719.522.095,False,True,,,"(100*safe_div(contingent_liabilities_disclosed,total_assets))",3,2,True,False,True
qwen35-2b,2,F3-015,F3,P19-GAS17-commitments,False,0,strict,contingent_risk_score,"safe_div(contingent_liabilities_disclosed, total_assets)",Tỷ lệ giữa các khoản cam kết và nợ tiềm tàng so với tổng tài sản cho thấy mức độ rủi ro tài chính; tỷ lệ cao hơn có nghĩa là cổ phiếu có khả năng mất giá hoặc giảm lợi suất do các khoản cam kết chưa hoàn thành.,note,"Cam kết vốn, Cam kết khác, Số cuối năm, Số đầu năm, VND, VND, 33.502.059.832.769, 33.583.719.522.095, 5.491.709.929.040, 5.505.235.066.160, Nhà máy xử lý khí Cà Mau, Dự án thu gom và phân phối khí mô Cá Rồng Đỏ, Đường ống dẫn khí Nam Côn Sơn 2, Hệ thống cung cấp khí khu vực Long Thành, Đồng Nai, Hệ thống cấp khí cho Công ty TNHH Intermalt Việt Nam, Khác, 50.903.690.340.243, 53.169.676.562.433",False,True,,,"safe_div(contingent_liabilities_disclosed,total_assets)",2,2,True,False,True
qwen35-2b,2,F4-012,F4,P19-GAS17-commitments,False,0,strict,contingent_risk_adjusted_return,"safe_div((net_income + growth(revenue, 4) - growth(cfo, 4)) * (1 + safe_div(contingent_liabilities_disclosed, 1)) / (1 + safe_div(total_assets, 8))}","Công thức này điều chỉnh lợi suất dựa trên sự chênh lệch giữa lợi nhuận sau thuế và dòng tiền thuần, nhân với yếu tố rủi ro cam kết (tăng lợi suất nếu có cam kết), và điều chỉnh theo quy mô tài sản để loại bỏ ảnh hưởng của doanh nghiệp lớn.",line_item,"net_income, revenue, cfo, contingent_liabilities_disclosed, total_assets",False,False,syntax_error,,,,,False,True,False
qwen35-2b,2,F1-014,F1,P20-VNM24-segment,False,0,strict,profit_margin_growth,(gross_profit / revenue) - (gross_profit / revenue)_{k-1},"Đo lường tốc độ tăng trưởng tỷ lệ lợi nhuận gộp trên doanh thu, phản ánh hiệu quả chuyển đổi doanh thu thành lợi nhuận thuần từ hoạt động kinh doanh.",note,"Vốn thị trường VNM có biến gross_profit và revenue, chỉ số lợi nhuận gộp và doanh thu đều được tính toán theo quy định VAS, tỷ lệ này cho thấy khả năng sinh lời của bộ phận bán lẻ.",False,False,syntax_error,,,,,False,False,False
qwen35-2b,2,F2-020,F2,P20-VNM24-segment,False,0,strict,gross_profit_to_operating_profit_ratio,"safe_div(gross_profit, safe_div(gross_revenue, safe_div(cogs, safe_div(selling_expense, safe_div(admin_expense, 0, 1))))))","Công thức này đo lường tỷ lệ chuyển đổi lợi nhuận gộp thành lợi nhuận thuần từ hoạt động kinh doanh, phản ánh hiệu quả quản lý chi phí bán hàng và quản lý doanh nghiệp. Tăng trưởng tỷ lệ này dự kiến dẫn đến tăng trưởng lợi nhuận gộp và lợi nhuận thuần từ hoạt động kinh doanh, từ đó tác động tích cực đến lợi suất cổ phiếu.",note,"Theo mẫu báo cáo bộ phận chính yếu của Tập đoàn là dựa theo bộ phận chia theo khu vực địa lý, doanh thu của bộ phận được trình bày dựa vào vị trí địa lý của khách hàng tại Việt Nam.",False,False,syntax_error,,,,,False,False,False
qwen35-2b,2,F3-016,F3,P20-VNM24-segment,False,0,recovered,gross_profit_margin,"safe_div(gross_profit, gross_revenue)","Tỷ lệ lợi nhuận gộp trên doanh thu phản ánh hiệu quả kinh doanh cốt lõi, giúp xếp hạng cổ phiếu dựa trên khả năng tạo ra giá trị thực từ hoạt động bán hàng.",note,"Doanh thu của bộ phận được trình bày dựa vào vị trí địa lý của khách hàng tại Việt Nam ""Trong nước"" hay ở các nước khác Việt Nam ""Nước ngoài"".",False,True,,,"safe_div(gross_profit,gross_revenue)",2,2,True,False,False
qwen35-2b,2,F3-016,F3,P20-VNM24-segment,False,1,recovered,segment_profit_ratio,"safe_div(gross_profit, revenue)",So sánh lợi nhuận gộp với doanh thu thuần cho thấy mức độ đóng góp của bộ phận vào tổng doanh thu và lợi nhuận của tập đoàn.,line_item,Lợi nhuận gộp theo bộ phận | 20.974.841.016.978 | 20.893.809.625.798 | 4.615.335.306.146 | 3.650.921.989.612 | 25.590.176.323.124 | 24.544.731.615.410,False,False,duplicate,,"safe_div(gross_profit,revenue)",2,2,False,False,False
qwen35-2b,2,F2-021,F2,P21-PC124-segment,False,0,strict,profit_margin_by_segment,(gross_profit - cogs) / gross_profit,"Công thức tính tỷ lệ lợi nhuận gộp trên doanh thu thuần cho từng bộ phận, phản ánh hiệu quả kinh doanh thuần túy và khả năng tạo ra lợi nhuận so với chi phí sản xuất, là chỉ tiêu quan trọng để xếp hạng lợi suất cổ phiếu.",note,"Doanh thu, chi phí và kết quả kinh doanh của các bộ phận bao gồm các giao dịch giữa các bộ phận, các giao dịch giữa các bộ phận này được loại trừ khi lập báo cáo tài chính hợp nhất.",True,False,raw_division,,((gross_profit-cogs)/gross_profit),3,2,False,False,False
qwen35-2b,2,F4-013,F4,P21-PC124-segment,False,0,strict,profit_margin_by_segment,"safe_div(gross_profit, safe_div(gross_revenue, safe_div(revenue, 1)))","Phân tích tỷ lệ lợi nhuận gộp trên doanh thu thuần cho thấy hiệu quả kinh doanh cốt lõi, ít phụ thuộc vào chi phí bán hàng và quản lý.",line_item,"gross_profit, gross_revenue, revenue, segment_disclosed",False,True,,,"safe_div(gross_profit,safe_div(gross_revenue,safe_div(revenue,1)))",4,3,True,False,False
qwen35-2b,2,F2-022,F2,P22-PNJ17-tax,False,0,strict,tax_benefit_ratio,(retained_earnings + current_tax_expense) / total_assets,"Công thức này đo lường mức độ hưởng lợi từ việc giảm chi phí thuế TNDN so với tổng tài sản, phản ánh khả năng tạo ra lợi nhuận sau thuế cao hơn nhờ giảm thuế, từ đó dự báo lợi suất cổ phiếu tăng trưởng.",note,Chi phí thuế thu nhập doanh nghiệp tính trên thu nhập tính thuế năm hiện hành,True,False,raw_division,,((current_tax_expense+retained_earnings)/total_assets),3,3,False,False,False
qwen35-2b,2,F3-017,F3,P22-PNJ17-tax,False,0,recovered,current_tax_ratio,"safe_div(current_tax_expense, pretax_profit)","Tỷ lệ chi phí thuế thu nhập doanh nghiệp trên lợi nhuận kế toán cao cho thấy áp lực thuế lớn, có thể dẫn đến giảm lợi nhuận sau thuế và lợi suất cổ phiếu.",line_item,Chi phí thuế thu nhập doanh nghiệp tính trên thu nhập tính thuế năm hiện hành | 182.004.938.247 | 139.964.060.336,False,True,,,"safe_div(current_tax_expense,pretax_profit)",2,2,True,False,False
qwen35-2b,2,F3-017,F3,P22-PNJ17-tax,False,1,recovered,tax_burden_effect,"safe_div(current_tax_expense, retained_earnings)","Chi phí thuế cao làm giảm lợi nhuận sau thuế, từ đó làm giảm lợi nhuận chưa phân phối và lợi suất cổ phiếu trong tương lai.",note,Chi phí thuế thu nhập doanh nghiệp tính trên thu nhập tính thuế năm hiện hành | 182.004.938.247 | 139.964.060.336,True,True,,,"safe_div(current_tax_expense,retained_earnings)",2,2,True,False,False
qwen35-2b,2,F3-017,F3,P22-PNJ17-tax,False,2,recovered,tax_provision_ratio,"safe_div(current_tax_expense, operating_profit)","Tỷ lệ chi phí thuế trên lợi nhuận thuần từ hoạt động kinh doanh cao cho thấy doanh nghiệp chịu áp lực thuế lớn, có thể ảnh hưởng đến dòng tiền và lợi suất.",line_item,Chi phí thuế thu nhập doanh nghiệp tính trên thu nhập tính thuế năm hiện hành | 182.004.938.247 | 139.964.060.336,False,True,,,"safe_div(current_tax_expense,operating_profit)",2,2,True,False,False
qwen35-2b,2,F1-015,F1,P23-VCB24-bank_loans,True,0,strict,Credit_Risk_Equity_Margin,"(delta(equity, 1) / safe_div(equity, total_assets)) * (1 + safe_div(related_party_disclosed, 1))","Đo lường tỷ lệ tăng trưởng vốn chủ sở hữu so với tổng tài sản (tính bằng điểm số) nhân với mức độ rủi ro giao dịch liên quan (tính bằng điểm số), phản ánh khả năng tạo ra giá trị cho cổ phiếu trong kỳ.",line_item,Vốn chủ sở hữu và giao dịch liên quan,False,False,raw_division,,"((1+safe_div(related_party_disclosed,1))*(delta(equity,1)/safe_div(equity,total_assets)))",4,3,False,True,True
qwen35-2b,2,F2-023,F2,P23-VCB24-bank_loans,True,0,recovered,credit_quality_score,(total_assets - equity) / total_assets,"Công thức này đo lường tỷ lệ nợ trên tài sản, phản ánh chất lượng danh mục cho vay bằng cách so sánh tổng tài sản với vốn chủ sở hữu, từ đó đánh giá rủi ro tín dụng.",note,Nợ đủ tiêu chuẩn | 1.431.299.668 | 1.252.320.285,True,False,raw_division,,((total_assets-equity)/total_assets),3,2,False,False,False
qwen35-2b,2,F2-023,F2,P23-VCB24-bank_loans,True,1,recovered,loan_to_asset_ratio,cfo / total_assets,Tỷ lệ lưu chuyển tiền thuần từ hoạt động kinh doanh trên tổng tài sản cho thấy khả năng sinh lời và khả năng thanh toán của doanh nghiệp trong việc quản lý dòng tiền cho vay.,note,"cfo: Lưu chuyển tiền thuần từ hoạt động kinh doanh [VND, phát sinh trong kỳ]",False,False,raw_division,,(cfo/total_assets),2,2,False,False,False
qwen35-2b,2,F2-023,F2,P23-VCB24-bank_loans,True,2,recovered,debt_to_equity_ratio,cfo / (total_assets - equity),Tỷ lệ lưu chuyển tiền thuần trên tài sản trừ vốn chủ sở hữu đánh giá mức độ tự chủ tài chính và khả năng trả nợ của doanh nghiệp.,note,"cfo: Lưu chuyển tiền thuần từ hoạt động kinh doanh [VND, phát sinh trong kỳ] | total_assets: TỔNG CỘNG TÀI SẢN [VND, số dư cuối kỳ] | equity: VỐN CHỦ SỞ HỮU [VND, số dư cuối kỳ]",False,False,raw_division,,(cfo/(total_assets-equity)),3,3,False,False,False
qwen35-2b,2,F4-014,F4,P23-VCB24-bank_loans,True,0,recovered,credit_risk_quality_ratio,safe_div((cfo - cff) / total_assets),"Tỷ lệ chênh lệch lưu chuyển tiền thuần từ hoạt động kinh doanh và đầu tư so với tổng tài sản phản ánh chất lượng dòng tiền thực tế so với quy mô tài sản, giúp xếp hạng rủi ro tín dụng.",line_item,"cfo, cff, total_assets",False,False,bad_arity:safe_div|raw_division,,safe_div(((cfo-cff)/total_assets)),4,3,False,False,False
qwen35-2b,2,F4-014,F4,P23-VCB24-bank_loans,True,1,recovered,equity_coverage_momentum,"growth(equity, 4) / safe_div((cfo + cff) / total_assets)",Tăng trưởng vốn chủ sở hữu so với tổng lưu chuyển tiền thuần (bao gồm kinh doanh và tài chính) cho thấy khả năng sinh lời và ổn định của doanh nghiệp.,line_item,"equity, cfo, cff, total_assets",False,False,raw_division|bad_arity:safe_div,,"(growth(equity,4)/safe_div(((cff+cfo)/total_assets)))",5,4,False,True,False
qwen35-2b,2,F4-014,F4,P23-VCB24-bank_loans,True,2,recovered,net_income_to_assets_stability,safe_div((net_income - cff) / total_assets),"Lợi nhuận sau thuế so với lưu chuyển tiền thuần từ hoạt động tài chính, đo lường khả năng chuyển đổi dòng tiền thành lợi nhuận thực tế.",line_item,"net_income, cff, total_assets",False,False,bad_arity:safe_div|raw_division,,safe_div(((net_income-cff)/total_assets)),4,3,False,False,False
qwen35-2b,2,F1-016,F1,P24-SHB17-bank_loans,True,0,strict,Credit_Risk_Equity_Margin,(total_assets - equity) / total_assets,"Tính toán tỷ lệ nợ trên tài sản (Debt-to-Asset Ratio) để đánh giá mức độ rủi ro tín dụng và khả năng thanh toán nợ của ngân hàng, từ đó dự báo tác động đến lợi suất cổ phiếu.",line_item,"total_assets, equity",False,False,raw_division|duplicate,,((total_assets-equity)/total_assets),3,2,False,False,False
qwen35-2b,2,F2-024,F2,P24-SHB17-bank_loans,True,0,strict,credit_quality_score,(total_assets - equity) / total_assets + (cfo / total_assets) * 0.5,"Công thức này kết hợp tỷ lệ nợ trên tài sản (tính bằng chênh lệch tài sản và vốn chủ sở hữu) với tỷ lệ lợi nhuận thuần trên tài sản. Tỷ lệ nợ cao thường báo hiệu rủi ro mất vốn, trong khi lợi nhuận cao cho thấy khả năng sinh lời tốt, từ đó phản ánh chất lượng danh mục cho vay.",note,Nợ có khả năng mất vốn | 2.865.240 | 1.786.854,True,False,raw_division,,(((cfo/total_assets)*0.5)+((total_assets-equity)/total_assets)),4,3,False,False,False
qwen35-2b,2,F1-017,F1,P25-BVS24-fin_assets,True,0,strict,beta_equity_growth,"safe_div((growth(equity, 1) - growth(equity, 0)) / growth(equity, 0))","Đo lường tốc độ tăng trưởng vốn chủ sở hữu trên cơ sở bình quân của các kỳ trước để xác định xu hướng dài hạn của cổ phiếu, phản ánh khả năng sinh lời và tăng trưởng tài chính.",note,"Vốn chủ sở hữu là chỉ tiêu cốt lõi của doanh nghiệp chứng khoán, cần phân tích sự thay đổi có hệ thống thay vì chỉ số dư cuối kỳ.",False,False,bad_arity:safe_div|raw_division|bad_lag:growth,,"safe_div(((growth(equity,1)-growth(equity,0))/growth(equity,0)))",5,1,False,True,False
qwen35-2b,2,F2-025,F2,P25-BVS24-fin_assets,True,0,recovered,beta_fvtpl_growth,"delta(fvtpl, 1) / mean(fvtpl, 4)","Đánh giá tốc độ tăng trưởng của khoản đầu tư tài chính ghi nhận thông qua lãi/lỗ so với trung bình 4 quý trước, phản ánh hiệu quả đầu tư ngắn hạn.",note,7.1 Tài sản tài chính ghi nhận thông qua lãi/lỗ (FVTPL) - Giá trị hợp lý năm 2024 cho cổ phiếu niêm yết tăng 10.79%,False,False,raw_division|unknown_var:fvtpl,,"(delta(fvtpl,1)/mean(fvtpl,4))",3,1,False,True,False
qwen35-2b,2,F2-025,F2,P25-BVS24-fin_assets,True,1,recovered,beta_afs_recovery,"delta(afs, 1) / mean(afs, 4)","Đánh giá tốc độ hồi phục của khoản đầu tư tài chính sẵn sàng để bán (AFS) so với trung bình 4 quý trước, phản ánh khả năng sinh lời từ các khoản đầu tư dài hạn.",note,7.2 Tài sản tài chính sẵn sàng để bán (AFS) - Giá trị hợp lý năm 2024 cho chứng chỉ quỹ tăng 16.57%,False,False,raw_division|unknown_var:afs,,"(delta(afs,1)/mean(afs,4))",3,1,False,True,False
qwen35-2b,2,F2-025,F2,P25-BVS24-fin_assets,True,2,recovered,beta_htm_recovery,"delta(htm, 1) / mean(htm, 4)","Đánh giá tốc độ hồi phục của các khoản cho vay và trái phiếu tổ chức tín dụng (HTM) so với trung bình 4 quý trước, phản ánh hiệu quả của các khoản vay dài hạn.",note,7.3 Các khoản đầu tư nấm giữ đến ngày đáo hạn (HTM) - Số cuối năm 2024 cho trái phiếu tổ chức tín dụng tăng 2.06%,False,False,raw_division|unknown_var:htm,,"(delta(htm,1)/mean(htm,4))",3,1,False,True,False
qwen35-2b,2,F4-015,F4,P25-BVS24-fin_assets,True,0,strict,market_cap_ratio,"safe_div(market_cap, total_assets)","Tỷ lệ vốn thị trường trên tài sản phản ánh mức độ rủi ro và khả năng thanh khoản của cổ phiếu, giúp xếp hạng dựa trên giá trị thị trường.",line_item,"market_cap, total_assets",False,True,,,"safe_div(market_cap,total_assets)",2,2,True,False,False
qwen35-2b,2,F4-015,F4,P25-BVS24-fin_assets,True,1,strict,net_income_growth,"growth(net_income, 4)",Tăng trưởng lợi nhuận sau thuế cho thấy sức khỏe tài chính và khả năng sinh lời trong tương lai.,line_item,net_income,False,True,,,"growth(net_income,4)",2,1,True,True,False
qwen35-2b,2,F4-015,F4,P25-BVS24-fin_assets,True,2,strict,cfi_to_equity,"safe_div(cfi, equity)",Tỷ lệ lưu chuyển tiền đầu tư trên vốn chủ sở hữu đo lường hiệu quả sử dụng vốn và dòng tiền thực tế.,line_item,"cfi, equity",False,True,,,"safe_div(cfi,equity)",2,2,True,False,False
sailor2-1b,0,F2-002,F2,P02-HPG24-inventory,False,0,strict,,,,,,False,False,not_object,,,,,False,False,False
sailor2-1b,0,F2-002,F2,P02-HPG24-inventory,False,1,strict,,,,,,False,False,not_object,,,,,False,False,False
sailor2-1b,0,F2-002,F2,P02-HPG24-inventory,False,2,strict,,,,,,False,False,not_object,,,,,False,False,False
sailor2-1b,0,F3-002,F3,P02-HPG24-inventory,False,0,strict,,,,,,False,False,missing_field:name|missing_field:formula|missing_field:rationale|missing_field:source,,,,,False,False,False
sailor2-1b,0,F1-003,F1,P03-PNJ24-inventory,False,0,strict,,,,,,False,False,not_object,,,,,False,False,False
sailor2-1b,0,F1-003,F1,P03-PNJ24-inventory,False,1,strict,,,,,,False,False,not_object,,,,,False,False,False
sailor2-1b,0,F1-003,F1,P03-PNJ24-inventory,False,2,strict,,,,,,False,False,not_object,,,,,False,False,False
sailor2-1b,0,F2-003,F2,P03-PNJ24-inventory,False,0,strict,PNJ - Hàng tồn kho và dự phòng giảm giá hàng tồn kho,"rank(x, 2) - (1 - 2) * growth(x, 2) + (1 - 2) * inventory_writedown(x) + (1 - 2) * net_income(x)","Dựa trên thuyết minh, PNJ ghi nhận dự phòng giảm giá hàng tồn kho, tăng dự phòng và ghi nhận tăng giá trị thuần có thể thực hiện được. Tính toán lợi nhuận gộp, net_income và CFO để xếp hạng cổ phiếu theo lát cắt ngang hàng tồn kho và dự phòng giảm giá hàng tồn kho.",,,False,False,unknown_func:net_income|bad_arity:rank|unknown_func:inventory_writedown|unknown_var:x,,"(((1-2)*inventory_writedown(x))+((1-2)*net_income(x))+(rank(x,2)-((1-2)*growth(x,2))))",6,1,False,True,False
sailor2-1b,0,F4-002,F4,P03-PNJ24-inventory,False,0,recovered,inventory_writedown,"inventory_writedown(total_assets, 4)",Giảm giá hàng tồn kho 4% để duy trì lợi nhuận gộp sau dự phòng giảm giá,line_item,inventory_writedown,False,False,unknown_func:inventory_writedown,,"inventory_writedown(total_assets,4)",2,1,False,False,False
sailor2-1b,0,F2-004,F2,P04-GAS24-receivables,False,0,strict,GAS - tiện ích - năng lượng (khí),"rank(GAS - tiện ích - năng lượng (khí), zscore(GAS - tiện ích - năng lượng (khí), 16.744.655.874.477), mean(GAS - tiện ích - năng lượng (khí), 11.637.281.488.165)","Dựa trên thuyết minh về phải thu khách hàng và nợ khó đòi, đặc trưng lát cắt ngang cho thấy GAS có số dư phải thu khó đòi cao, xếp hạng dựa trên lát cắt ngang (rank) và các chỉ số khác (zscore, mean) để đánh giá lợi suất.",note,Thuyết minh 5. PHÀI THU NGẢN HẠN CỦA KHÁCH HÀNG,False,False,syntax_error,,,,,False,True,False
sailor2-1b,0,F3-003,F3,P04-GAS24-receivables,False,0,recovered,receivables_accrual,"safe_div(delta(short_term_receivables, 4), mean(total_assets, 4)","Phải thu ngắn hạn tăng lên, chất lượng lợi nhuận kém đi, dự báo lợi suất kém hơn.",note,"short_term_receivables, total_assets",False,False,syntax_error,,,,,False,True,False
sailor2-1b,0,F3-003,F3,P04-GAS24-receivables,False,1,recovered,provision_doubtful_debt,"safe_div(provision_doubtful_debt, 10)","Dự phòng phải thu khó đòi, tăng khả năng thu hồi khó hơn, giảm lợi suất.",line_item,"provision_doubtful_debt, 10",False,True,,,"safe_div(provision_doubtful_debt,10)",2,1,True,False,False
sailor2-1b,0,F4-003,F4,P04-GAS24-receivables,False,0,recovered,receivables_customers,total_assets - customer_advances,"Phải thu ngắn hạn của khách hàng giảm dần, dự phòng khó đòi tăng, ảnh hưởng đến lợi nhuận gộp và lợi nhuận sau thuế.",line_item,customer_advances,False,True,,,(total_assets-customer_advances),2,2,False,False,False
sailor2-1b,0,F4-003,F4,P04-GAS24-receivables,False,1,recovered,receivables_customers,total_assets - equity,"Tăng trưởng phải thu ngắn hạn góp phần vào tổng tài sản, tăng trưởng doanh thu và lợi nhuận, giúp xếp hạng cổ phiếu theo chiều tích cực.",line_item,total_assets,False,True,,,(total_assets-equity),2,2,False,False,False
sailor2-1b,0,F4-003,F4,P04-GAS24-receivables,False,2,recovered,receivables_customers,total_assets - gross_profit,"Tăng trưởng phải thu góp phần vào lợi nhuận gộp, giúp cải thiện lợi nhuận sau thuế, tăng xếp hạng cổ phiếu.",line_item,gross_profit,False,True,,,(total_assets-gross_profit),2,2,False,False,False
sailor2-1b,0,F4-003,F4,P04-GAS24-receivables,False,3,recovered,receivables_customers,total_assets - net_income,"Tăng trưởng phải thu góp phần vào lợi nhuận sau thuế, cải thiện lợi nhuận gộp, tăng xếp hạng cổ phiếu.",line_item,net_income,False,True,,,(total_assets-net_income),2,2,False,False,False
sailor2-1b,0,F2-005,F2,P05-HUT24-receivables,False,0,strict,"HUT - bất động sản (hạ tầng + BĐS), sàn HNX","rank(x), zscore(x), mean(x) + (1 - 2) * growth(x) + log(x) + abs(x) + safe_div(x, 1.5)","Dựa trên thuyết minh, đề xuất 3 công thức xếp hạng cổ phiếu theo lát cắt ngang quý: HUT, HUT, HUT",,Thuyết minh báo cáo tài chính năm 2024,False,False,syntax_error:Tuple,,,,,False,True,False
sailor2-1b,0,F3-004,F3,P05-HUT24-receivables,False,0,recovered,receivables_accrual,"safe_div(delta(short_term_receivables, 4), mean(total_assets, 4)","Phải thu ngắn hạn phình ra, thường đi trước lợi suất kém, dựa trên thuyết minh về chất lượng tài sản.",line_item,"short_term_receivables, total_assets",False,False,syntax_error,,,,,False,True,False
sailor2-1b,0,F1-005,F1,P06-TNG24-debt,False,0,recovered,"TNG - vay nợ, trái phiếu và chi phí lãi vay","rank(x), zscore(x), mean(x, k)","Tăng trưởng lợi nhuận, vay nợ, và chi phí lãi vay tác động đến lợi suất cổ phiếu theo lát cắt ngang quý.",,,False,False,syntax_error:Tuple,,,,,False,True,False
sailor2-1b,0,F2-006,F2,P06-TNG24-debt,False,0,strict,TNG - vay nợ và trái phiếu,"rank(x), zscore(x), mean(x, k) + log(x) + abs(x) + safe_div(x, b)","Dựa trên thuyết minh, TNG vay nợ, trái phiếu và chi phí lãi vay, đề xuất 3 công thức xếp hạng cổ phiếu theo lát cắt ngang quý: vay nợ, trái phiếu thường, và chi phí lãi vay.",,"TNG - vay nợ, trái phiếu thường, chi phí lãi vay (Thuyết minh số 21)",False,False,syntax_error:Tuple,,,,,False,True,False
sailor2-1b,0,F4-004,F4,P06-TNG24-debt,False,0,recovered,asset_growth,"growth(total_assets, 4)","Tài sản tăng nhanh, lợi suất giảm, xếp hạng cao hơn.",line_item,total_assets,False,True,,,"growth(total_assets,4)",2,1,True,True,False
sailor2-1b,0,F4-004,F4,P06-TNG24-debt,False,1,recovered,interest_expense,"interest_expense(current_liabilities, 100), growth(short_term_debt, 100), growth(long_term_debt, 100)","Vay nợ tăng, chi phí lãi vay tăng, lợi suất cao hơn.",line_item,"current_liabilities, short_term_debt, long_term_debt",False,False,syntax_error:Tuple,,,,,False,True,False
sailor2-1b,0,F4-004,F4,P06-TNG24-debt,False,2,recovered,cash_and_equivalents,cash_and_equivalents + interest_expense,"Tài sản tăng, lợi nhuận thuần tăng, tăng trưởng lợi suất.",line_item,cash_and_equivalents,False,True,,,(cash_and_equivalents+interest_expense),2,2,False,False,False
sailor2-1b,0,F4-004,F4,P06-TNG24-debt,False,3,recovered,depreciation,"depreciation(revenue, 100), growth(current_liabilities, 100), growth(short_term_debt, 100), growth(long_term_debt, 100)","Khấu hao tài sản, tăng trưởng doanh thu, lợi nhuận cao hơn.",line_item,"revenue, current_liabilities, short_term_debt, long_term_debt",False,False,syntax_error:Tuple,,,,,False,True,False
sailor2-1b,0,F4-004,F4,P06-TNG24-debt,False,4,recovered,market_cap,market_cap + interest_expense,"Vốn hoá thị trường tăng, lợi nhuận kế toán tăng, xếp hạng cao hơn.",line_item,market_cap,False,True,,,(interest_expense+market_cap),2,2,False,False,False
sailor2-1b,0,F4-004,F4,P06-TNG24-debt,False,5,recovered,cfo,cfo = (market_cap - net_income) / net_income,"Vốn hoá thị trường tăng, lợi nhuận kế toán tăng, xếp hạng cao hơn.",line_item,"cfo, net_income",False,False,syntax_error,,,,,False,False,False
sailor2-1b,0,F1-006,F1,P07-NLG17-debt,False,0,recovered,NLG - Bất động sản (BĐS nhà ở tầm trung),"rank(LA - interest_expense, k=1)",Phân tích lợi nhuận thuần (LA) và chi phí lãi vay (interest_expense) để xếp hạng cổ phiếu theo lát cắt ngang quý.,,,False,False,syntax_error:keyword,,,,,False,False,False
sailor2-1b,0,F1-006,F1,P07-NLG17-debt,False,1,recovered,NLG - Bất động sản (BĐS nhà ở tầm trung),"rank(LA - interest_expense, k=2)",Phân tích lợi nhuận thuần (LA) và chi phí lãi vay (interest_expense) để xếp hạng cổ phiếu theo lát cắt ngang quý thứ 2.,,,False,False,syntax_error:keyword,,,,,False,False,False
sailor2-1b,0,F1-006,F1,P07-NLG17-debt,False,2,recovered,NLG - Bất động sản (BĐS nhà ở tầm trung),"rank(LA - interest_expense, k=3)",Phân tích lợi nhuận thuần (LA) và chi phí lãi vay (interest_expense) để xếp hạng cổ phiếu theo lát cắt ngang quý thứ 3.,,,False,False,syntax_error:keyword,,,,,False,False,False
sailor2-1b,0,F2-007,F2,P07-NLG17-debt,False,0,strict,NLG - vay nợ và trái phiếu,"rank(LTV, k) + growth(LTV, k) + interest_expense(LTV, k)","Dựa trên thuyết minh, phân tích sự tăng trưởng LTV, growth, và interest_expense trong quý 2017",,Thuyết minh báo cáo tài chính năm 2017,False,False,unknown_func:interest_expense|bad_arity:rank|bad_lag:growth|unknown_var:LTV|unknown_var:k,,"(growth(LTV,k)+interest_expense(LTV,k)+rank(LTV,k))",4,2,False,True,False
sailor2-1b,0,F3-005,F3,P07-NLG17-debt,False,0,recovered,cash_to_current_liabilities,"safe_div(cash_and_equivalents, current_liabilities)","Khả năng thanh toán tiền mặt so với nợ ngắn hạn, đo lường rủi ro tài chính và lợi suất cổ phiếu.",note,"cash_and_equivalents, current_liabilities",False,False,copied_fewshot,,"safe_div(cash_and_equivalents,current_liabilities)",2,2,False,False,False
sailor2-1b,0,F3-005,F3,P07-NLG17-debt,False,1,recovered,net_debt_to_equity,"safe_div(short_term_debt + long_term_debt - cash_and_equivalents, equity)","Đòn bẩy ròng cao, làm tăng rủi ro tài chính, lợi suất cổ phiếu nhạy cảm hơn với lãi suất.",line_item,"short_term_debt + long_term_debt, cash_and_equivalents, equity",False,False,copied_fewshot,,"safe_div(((long_term_debt+short_term_debt)-cash_and_equivalents),equity)",4,4,False,False,False
sailor2-1b,0,F4-005,F4,P07-NLG17-debt,False,0,recovered,asset_growth,"asset_growth(total_assets, 4)","Tăng tài sản quá nhanh dẫn đến giảm lợi nhuận, cần kiểm soát chặt chẽ.",line_item,total_assets,False,False,unknown_func:asset_growth,,"asset_growth(total_assets,4)",2,1,False,False,False
sailor2-1b,0,F4-005,F4,P07-NLG17-debt,False,1,recovered,cash_and_equivalents,cash_and_equivalents + current_liabilities,"Cân bằng giữa tài sản và nợ ngắn hạn, đảm bảo lợi nhuận ổn định.",line_item,cash_and_equivalents,False,True,,,(cash_and_equivalents+current_liabilities),2,2,False,False,False
sailor2-1b,0,F4-005,F4,P07-NLG17-debt,False,2,recovered,current_liabilities,current_liabilities + short_term_debt,"Tăng nợ ngắn hạn, tăng chi phí tài chính, cần kiểm soát chặt chẽ.",line_item,current_liabilities,False,True,,,(current_liabilities+short_term_debt),2,2,False,False,False
sailor2-1b,0,F4-005,F4,P07-NLG17-debt,False,3,recovered,short_term_debt,short_term_debt + long_term_debt,"Vay và nợ thuê tài chính ngắn hạn, dài hạn, cần cân bằng tài chính.",line_item,short_term_debt,False,True,,,(long_term_debt+short_term_debt),2,2,False,False,False
sailor2-1b,0,F4-005,F4,P07-NLG17-debt,False,4,recovered,long_term_debt,long_term_debt + equity,"Vay và nợ thuê tài chính dài hạn, tăng lợi nhuận, cần kiểm soát chi phí tài chính.",line_item,long_term_debt,False,True,,,(equity+long_term_debt),2,2,False,False,False
sailor2-1b,0,F4-005,F4,P07-NLG17-debt,False,5,recovered,equity,total_assets + equity,"Vốn chủ sở hữu tăng, tăng lợi nhuận, cần duy trì ổn định.",line_item,equity,False,True,,,(equity+total_assets),2,2,False,False,False
sailor2-1b,0,F4-005,F4,P07-NLG17-debt,False,6,recovered,revenue,revenue + financial_expense,"Doanh thu thuần tăng, chi phí tài chính tăng, cần tối ưu hóa.",line_item,revenue,False,True,,,(financial_expense+revenue),2,2,False,False,False
sailor2-1b,0,F2-008,F2,P08-POW17-debt,False,0,strict,,interest_expense,"Dựa trên thuyết minh, công thức này đo lường chi phí lãi vay trong quý, tác động đến lợi suất cổ phiếu theo chiều hướng tăng hoặc giảm.",note,"Danh sách biến đã dùng: cash_and_equivalents, total_assets, total_liabilities, current_liabilities, short_term_debt, long_term_debt, equity, revenue, financial_expense, interest_expense, operating_profit, net_income, depreciation, cfo, market_cap",False,False,missing_field:name,,interest_expense,1,1,False,False,False
sailor2-1b,0,F3-006,F3,P08-POW17-debt,False,0,recovered,,cash_to_current_liabilities,"Tiền mặt so với nợ ngắn hạn đo khả năng thanh toán, thấp làm tăng rủi ro khi dòng tiền chậm lại, tăng lợi suất cổ phiếu quý tới.",note,"cash_and_equivalents, current_liabilities",False,False,missing_field:name|unknown_var:cash_to_current_liabilities,,cash_to_current_liabilities,1,1,False,False,False
sailor2-1b,0,F3-006,F3,P08-POW17-debt,False,1,recovered,,net_debt_to_equity,"Đòn bẩy ròng cao làm tăng rủi ro tài chính, cổ phiếu nhạy cảm hơn với lãi suất, tăng lợi suất cổ phiếu quý tới.",note,"short_term_debt + long_term_debt - cash_and_equivalents, equity",False,False,missing_field:name|unknown_var:net_debt_to_equity,,net_debt_to_equity,1,1,False,False,False
sailor2-1b,0,F3-006,F3,P08-POW17-debt,False,2,recovered,,accruals_to_assets,"Phần lợi nhuận không đi kèm dòng tiền làm giảm chất lượng lợi nhuận, lợi suất tương lai kém hơn, tăng rủi ro cổ phiếu quý tới.",note,"net_income, cfo, total_assets",False,False,missing_field:name|unknown_var:accruals_to_assets,,accruals_to_assets,1,1,False,False,False
sailor2-1b,0,F2-009,F2,P09-HAH24-fixed_assets,False,0,recovered,,"rank(x, 3) - 1","Đánh giá lợi suất cổ phiếu theo tài sản cố định hữu hình, khấu hao, và đầu tư mới trong quý 3 (3) so với quý 2 (2) và quý 1 (1).",,,False,False,missing_field:name|missing_field:source|bad_arity:rank|unknown_var:x,,"(rank(x,3)-1)",3,1,False,False,False
sailor2-1b,0,F2-009,F2,P09-HAH24-fixed_assets,False,1,recovered,,"rank(x, 3) - 1","Đánh giá lợi suất cổ phiếu theo tài sản cố định hữu hình, khấu hao, và đầu tư mới trong quý 3 (3) so với quý 2 (2).",,,False,False,missing_field:name|missing_field:source|bad_arity:rank|unknown_var:x|duplicate,,"(rank(x,3)-1)",3,1,False,False,False
sailor2-1b,0,F2-009,F2,P09-HAH24-fixed_assets,False,2,recovered,,"rank(x, 3) - 1","Đánh giá lợi suất cổ phiếu theo tài sản cố định hữu hình, khấu hao, và đầu tư mới trong quý 3 (3) so với quý 1 (1).",,,False,False,missing_field:name|missing_field:source|bad_arity:rank|unknown_var:x|duplicate,,"(rank(x,3)-1)",3,1,False,False,False
sailor2-1b,0,F3-007,F3,P09-HAH24-fixed_assets,False,0,recovered,cip_to_fixed_assets,"safe_div(construction_in_progress, fixed_assets)","Tỷ trọng công trình dở dang lớn báo hiệu năng lực mới sắp khai thác, rủi ro chậm tiến độ, ít nhất 1 công thức xuất phát từ thuyết minh",note,chi phí xây dựng cơ bản dở dang,False,False,copied_fewshot,,"safe_div(construction_in_progress,fixed_assets)",2,2,False,False,False
sailor2-1b,0,F3-007,F3,P09-HAH24-fixed_assets,False,1,recovered,accruals_to_assets,"safe_div(net_income - cfo, total_assets","Phần lợi nhuận không đi kèm dòng tiền cao, rủi ro cao, ít nhất 1 công thức xuất phát từ thuyết minh",line_item,"net_income, cfo, total_assets",False,False,syntax_error,,,,,False,False,False
sailor2-1b,0,F3-007,F3,P09-HAH24-fixed_assets,False,2,recovered,earnings_yield,"safe_div(net_income, market_cap","Lợi nhuận trên mỗi đồng vốn hoá cao, cho thấy cổ phiếu đang rẻ so với khả năng sinh lời, ít nhất 1 công thức xuất phát từ thuyết minh",line_item,"net_income, market_cap",False,False,syntax_error,,,,,False,False,False
sailor2-1b,0,F4-006,F4,P09-HAH24-fixed_assets,False,0,recovered,asset_growth,"total_assets * (1 + growth(cfo), 4)","Tăng trưởng tài sản cố định vượt trội, dẫn đến lợi suất giảm.",line_item,total_assets,False,False,syntax_error:Tuple,,,,,False,True,False
sailor2-1b,0,F3-008,F3,P10-TNG17-fixed_assets,False,0,recovered,CPI to Fixed Assets,"safe_div(construction_in_progress, fixed_assets)","Tỷ trọng công trình dở dang lớn báo hiệu năng lực mới sắp khai thác, rủi ro chậm tiến độ, ít nhất một công thức xuất phát từ thuyết minh",note,chi phí xây dựng cơ bản dở dang,False,False,copied_fewshot,,"safe_div(construction_in_progress,fixed_assets)",2,2,False,False,False
sailor2-1b,0,F3-008,F3,P10-TNG17-fixed_assets,False,1,recovered,Accruals to Assets,"safe_div(net_income - cfo, total_assets","Phần lợi nhuận không đi kèm dòng tiền càng lớn, chất lượng lợi nhuận kém, ít nhất một công thức xuất phát từ thuyết minh",line_item,"net_income, cfo, total_assets",False,False,syntax_error,,,,,False,False,False
sailor2-1b,0,F3-008,F3,P10-TNG17-fixed_assets,False,2,recovered,Earnings Yield,"safe_div(net_income, market_cap","Lợi nhuận trên mỗi đồng vốn hoá cao, cho thấy cổ phiếu rẻ so với tiềm năng sinh lời, ít nhất một công thức xuất phát từ thuyết minh",line_item,"net_income, market_cap",False,False,syntax_error,,,,,False,False,False
sailor2-1b,0,F2-011,F2,P11-HPG17-cip,False,0,recovered,Long-term Assets,Long-term assets = Long-term assets + construction_in_progress,"Dùng tài sản dài hạn (long-term assets) và xây dựng cơ bản dở dang (construction_in_progress) để xếp hạng lợi suất cổ phiếu theo lát cắt ngang, bao gồm cả biến construction_in_progress.",note,"Danh sách biến được phép dùng: long_term_assets, fixed_assets, tangible_fixed_assets, construction_in_progress",False,False,syntax_error,,,,,False,False,False
sailor2-1b,0,F2-011,F2,P11-HPG17-cip,False,1,recovered,Fixed Assets,Fixed assets = Fixed assets + construction_in_progress,"Dùng tài sản cố định hữu hình (fixed assets) và xây dựng cơ bản dở dang (construction_in_progress) để xếp hạng lợi suất cổ phiếu theo lát cắt ngang, bao gồm cả biến construction_in_progress.",note,"Danh sách biến được phép dùng: fixed_assets, tangible_fixed_assets, construction_in_progress",False,False,syntax_error,,,,,False,False,False
sailor2-1b,0,F2-011,F2,P11-HPG17-cip,False,2,recovered,Long-term Debt,Long-term debt = Long-term debt + construction_in_progress,"Dùng nợ thuê tài chính dài hạn (long-term debt) và xây dựng cơ bản dở dang (construction_in_progress) để xếp hạng lợi suất cổ phiếu theo lát cắt ngang, bao gồm cả biến construction_in_progress.",note,"Danh sách biến được phép dùng: equity, revenue, net_income, depreciation, cfo, market_cap, capex",False,False,syntax_error,,,,,False,False,False
sailor2-1b,0,F4-007,F4,P11-HPG17-cip,False,0,recovered,long_term_debt,total_debt + equity,"Tài sản cố định dài hạn tăng, nợ vay tăng, ảnh hưởng đến lợi nhuận và lợi suất.",line_item,total_debt + equity,False,False,unknown_var:total_debt,,(equity+total_debt),2,2,False,False,False
sailor2-1b,0,F4-007,F4,P11-HPG17-cip,False,1,recovered,market_cap,market_cap + net_income,"Vốn hoá thị trường tăng, giá trị công ty tăng, ảnh hưởng đến lợi nhuận và lợi suất.",line_item,market_cap + net_income,False,True,,,(market_cap+net_income),2,2,False,False,False
sailor2-1b,0,F4-007,F4,P11-HPG17-cip,False,2,recovered,cfo,cfo - net_income,"Lưu chuyển tiền thuần từ hoạt động kinh doanh, ảnh hưởng đến lợi nhuận và lợi suất.",line_item,cfo - net_income,False,True,,,(cfo-net_income),2,2,False,False,False
sailor2-1b,0,F4-007,F4,P11-HPG17-cip,False,3,recovered,cfo,cfo - market_cap,"Lưu chuyển tiền thuần từ hoạt động kinh doanh, ảnh hưởng đến lợi nhuận và lợi suất, tăng trưởng tài sản và nợ vay.",line_item,cfo - market_cap,False,True,,,(cfo-market_cap),2,2,False,False,False
sailor2-1b,0,F4-007,F4,P11-HPG17-cip,False,4,recovered,market_cap,market_cap + net_income,"Vốn hoá thị trường tăng, giá trị công ty tăng, ảnh hưởng đến lợi nhuận và lợi suất.",line_item,market_cap + net_income,False,False,duplicate,,(market_cap+net_income),2,2,False,False,False
sailor2-1b,0,F1-008,F1,P12-VGC24-cip,False,0,strict,VGC - Long-Term Assets,(long_term_debt + equity + revenue) / (long_term_assets + fixed_assets + construction_in_progress) * 100),"Tính toán lợi nhuận thuần, khấu hao, vốn chủ sở hữu và lợi nhuận sau thuế, xếp hạng dựa trên tỷ lệ giữa tài sản dở dang và vốn chủ sở hữu.",,,False,False,syntax_error,,,,,False,False,False
sailor2-1b,0,F2-012,F2,P12-VGC24-cip,False,0,recovered,Long-term Assets,Long-term assets = Long-term assets + Construction-in-progress,"Đo lường tổng tài sản dài hạn, bao gồm tài sản cố định, tài sản hữu hình và tài sản dở dang dài hạn, tính đến cuối quý.",,,False,False,syntax_error,,,,,False,False,False
sailor2-1b,0,F2-012,F2,P12-VGC24-cip,False,1,recovered,Fixed Assets,Fixed assets = Fixed assets + Long-term assets,"Đo lường tài sản cố định, bao gồm tài sản hữu hình, tính đến cuối quý, bao gồm cả tài sản dở dang dài hạn.",,,False,False,syntax_error,,,,,False,False,False
sailor2-1b,0,F2-012,F2,P12-VGC24-cip,False,2,recovered,Long-term Debt,Long-term debt = Long-term debt + Fixed assets,"Đo lường nợ vay và nợ thuê tài chính dài hạn, bao gồm cả tài sản cố định, tính đến cuối quý.",,,False,False,syntax_error,,,,,False,False,False
sailor2-1b,0,F3-009,F3,P12-VGC24-cip,False,0,recovered,capex_to_depreciation,"safe_div(abs(capex), depreciation)","Dựa trên thuyết minh, chi phí xây dựng cơ bản dở dang vượt quá khấu hao, cho thấy lợi nhuận thấp hơn trong tương lai, xếp hạng lợi suất thấp hơn.",note,"capex, depreciation",False,False,copied_fewshot,,"safe_div(abs(capex),depreciation)",3,2,False,False,False
sailor2-1b,0,F3-009,F3,P12-VGC24-cip,False,1,recovered,earnings_yield,"safe_div(net_income, market_cap)","Lợi nhuận trên mỗi đồng vốn hoá cao, cho thấy cổ phiếu đang rẻ so với tiềm năng sinh lời, xếp hạng lợi suất cao hơn.",line_item,"net_income, market_cap",False,False,copied_fewshot,,"safe_div(net_income,market_cap)",2,2,False,False,False
sailor2-1b,0,F4-008,F4,P12-VGC24-cip,False,0,recovered,asset_growth,"growth(total_assets, 4), growth(tangible_fixed_assets, 4), growth(long_term_debt, 4)","Tăng tài sản cố định, tăng trưởng doanh thu, lợi nhuận cao hơn, xếp hạng cao hơn.",line_item,"total_assets, tangible_fixed_assets, long_term_debt",False,False,syntax_error:Tuple,,,,,False,True,False
sailor2-1b,0,F4-008,F4,P12-VGC24-cip,False,1,recovered,depreciation,"depreciation(total_assets, 4), depreciation(cfo, 4)","Khấu hao tài sản, giảm giá trị, lợi nhuận cao hơn, xếp hạng cao hơn.",line_item,"total_assets, cfo",False,False,syntax_error:Tuple,,,,,False,False,False
sailor2-1b,0,F4-008,F4,P12-VGC24-cip,False,2,recovered,market_cap,"market_cap(total_assets, 4), market_cap(capex, 4)","Vốn hoá thị trường tăng, lợi nhuận cao hơn, xếp hạng cao hơn.",line_item,"total_assets, market_cap",False,False,syntax_error:Tuple,,,,,False,False,False
sailor2-1b,0,F4-008,F4,P12-VGC24-cip,False,3,recovered,cfo,"cfo(capex, 4), cfo(capex, 4), cfo(capex, 4)","Lưu chuyển tiền thuần, lợi nhuận cao hơn, xếp hạng cao hơn.",line_item,"cfo(capex, 4)",False,False,syntax_error:Tuple,,,,,False,False,False
sailor2-1b,0,F4-008,F4,P12-VGC24-cip,False,4,recovered,market_cap,"market_cap(capex, 4), market_cap(capex, 4)","Vốn hoá thị trường tăng, lợi nhuận cao hơn, xếp hạng cao hơn.",line_item,"capex(capex, 4)",False,False,syntax_error:Tuple,,,,,False,False,False
sailor2-1b,0,F4-008,F4,P12-VGC24-cip,False,5,recovered,growth,"growth(long_term_debt, 4), growth(tangible_fixed_assets, 4), growth(tangible_fixed_assets, 4)","Tăng trưởng tài sản, lợi nhuận cao hơn, xếp hạng cao hơn.",line_item,"long_term_debt, tangible_fixed_assets, growth(tangible_fixed_assets, 4)",False,False,syntax_error:Tuple,,,,,False,True,False
sailor2-1b,0,F2-013,F2,P13-NLG24-customer_advances,False,0,recovered,NLG - Cash and Equivalents,cash_and_equivalents + customer_advances,Dùng biến cash_and_equivalents (tiền và tương đương tiền) và customer_advances (người mua trả tiền trước ngắn hạn) để phân tích doanh thu chưa thực hiện và lợi nhuận chưa thực hiện trong quý tới.,note,"NLG - Cash and Equivalents, thuyết minh báo cáo tài chính quý 4 năm 2024",False,True,,,(cash_and_equivalents+customer_advances),2,2,False,False,False
sailor2-1b,0,F2-013,F2,P13-NLG24-customer_advances,False,1,recovered,NLG - Inventory,inventory + net_income,Dùng inventory (hàng tồn kho) và net_income (doanh thu thuần) để đánh giá tác động của người mua trả tiền trước ngắn hạn đến lợi nhuận và doanh thu tương lai.,note,"NLG - Inventory, thuyết minh báo cáo tài chính quý 4 năm 2024",False,True,,,(inventory+net_income),2,2,False,False,False
sailor2-1b,0,F2-013,F2,P13-NLG24-customer_advances,False,2,recovered,NLG - Current Liabilities,current_liabilities + net_income,Dùng current_liabilities (nợ ngắn hạn) và net_income (lợi nhuận gộp) để đánh giá tác động của người mua trả tiền trước ngắn hạn đối với lợi nhuận và doanh thu tương lai.,note,"NLG - Current Liabilities, thuyết minh báo cáo tài chính quý 4 năm 2024",False,True,,,(current_liabilities+net_income),2,2,False,False,False
sailor2-1b,0,F3-010,F3,P13-NLG24-customer_advances,False,0,recovered,cash_to_current_liabilities,"safe_div(cash_and_equivalents, current_liabilities)","Khả năng thanh toán tiền mặt so với nợ ngắn hạn, đo lường rủi ro dòng tiền chậm",note,"Cash_and_equivalents, current_liabilities",False,False,copied_fewshot,,"safe_div(cash_and_equivalents,current_liabilities)",2,2,False,False,False
sailor2-1b,0,F2-014,F2,P14-IDC24-customer_advances,False,0,strict,customer_advances,"rank(x, 3) * (1 - growth(x, 3)) + log(x) + abs(x) + safe_div(x, 3) + mean(x, 3) + std(x, 3)","Dùng biến customer_advances để đo lường tác động của người mua trả tiền trước ngắn hạn, giúp xếp hạng cổ phiếu theo lát cắt ngang.",note,Cash_and_equivalents <Cash_and_equivalents > Customer_advances <Customer_advances > Gross_profit <Gross_profit > Net_income <Net_income > Cfo <Cfo > Market_cap <Market_cap >,False,False,bad_lag:std|bad_lag:mean|bad_arity:rank|bad_lag:growth|unknown_var:x|too_complex,,"(((1-growth(x,3))*rank(x,3))+abs(x)+log(x)+mean(x,3)+safe_div(x,3)+std(x,3))",9,1,False,True,False
sailor2-1b,0,F4-009,F4,P14-IDC24-customer_advances,False,0,strict,cash_and_equivalents,cash_and_equivalents + inventory,"Các khoản phải thu ngắn hạn tăng nhanh, ảnh hưởng đến tổng tài sản và lợi nhuận.",line_item,cash_and_equivalents,False,True,,,(cash_and_equivalents+inventory),2,2,False,False,False
sailor2-1b,0,F4-009,F4,P14-IDC24-customer_advances,False,1,strict,customer_advances,customer_advances + inventory,"Người mua trả tiền trước ngắn hạn, ảnh hưởng đến doanh thu và lợi nhuận.",line_item,customer_advances,False,True,,,(customer_advances+inventory),2,2,False,False,False
sailor2-1b,0,F4-009,F4,P14-IDC24-customer_advances,False,2,strict,total_assets,total_assets + inventory,"Tổng tài sản tăng, ảnh hưởng đến doanh thu và lợi nhuận.",line_item,total_assets,False,True,,,(inventory+total_assets),2,2,False,False,False
sailor2-1b,0,F4-009,F4,P14-IDC24-customer_advances,False,3,strict,current_liabilities,current_liabilities + inventory,"Nợ ngắn hạn tăng, ảnh hưởng đến doanh thu và lợi nhuận.",line_item,current_liabilities,False,True,,,(current_liabilities+inventory),2,2,False,False,False
sailor2-1b,0,F4-009,F4,P14-IDC24-customer_advances,False,4,strict,market_cap,market_cap + current_liabilities,"Vốn hoá thị trường tăng, ảnh hưởng đến lợi nhuận và lợi suất.",line_item,market_cap,False,True,,,(current_liabilities+market_cap),2,2,False,False,False
sailor2-1b,0,F4-009,F4,P14-IDC24-customer_advances,False,5,strict,net_income,net_income + revenue,"Lợi nhuận gộp tăng, ảnh hưởng đến lợi nhuận và lợi suất.",line_item,net_income,False,True,,,(net_income+revenue),2,2,False,False,False
sailor2-1b,0,F4-009,F4,P14-IDC24-customer_advances,False,6,strict,cfo,cfo + net_income,"Lưu chuyển tiền thuần từ hoạt động kinh doanh, ảnh hưởng đến lợi nhuận và lợi suất.",line_item,cfo,False,True,,,(cfo+net_income),2,2,False,False,False
sailor2-1b,0,F1-010,F1,P15-CTD17-associates,False,0,strict,"CTD - xây dựng - vật liệu (xây dựng), sàn HOSE",long_term_investments + investments_associates + total_assets + equity + minority_interest + revenue + financial_income + share_of_associates + net_income_parent,"Các chỉ tiêu này bao gồm đầu tư tài chính, lợi ích cổ đông, doanh thu, lợi nhuận, lưu chuyển tiền, vốn hoá thị trường, và lợi nhuận sau thuế của công ty liên doanh, liên kết.",,,False,False,too_complex,,(equity+financial_income+investments_associates+long_term_investments+minority_interest+net_income_parent+revenue+share_of_associates+total_assets),9,9,False,False,False
sailor2-1b,0,F2-015,F2,P15-CTD17-associates,False,0,recovered,Long-term Investments,Long-term investments = (Long-term assets - Long-term liabilities) / Long-term assets,"Đánh giá giá trị đầu tư dài hạn, bao gồm lợi nhuận và phần lợi ích cổ đông không kiểm soát trong các công ty liên kết",,,False,False,syntax_error,,,,,False,False,False
sailor2-1b,0,F2-015,F2,P15-CTD17-associates,False,1,recovered,Investments_Associates,Investments_Associates = Long-term investments + (Long-term assets - Long-term liabilities) / Long-term assets,"Tính toán tổng giá trị đầu tư liên kết, bao gồm lợi nhuận và phần lợi ích cổ đông không kiểm soát",,,False,False,syntax_error,,,,,False,False,False
sailor2-1b,0,F2-015,F2,P15-CTD17-associates,False,2,recovered,Total Assets,Total assets = Long-term assets + Long-term liabilities,"Tổng tài sản bao gồm lợi nhuận, lợi ích cổ đông và giá trị đầu tư liên kết",,,False,False,syntax_error,,,,,False,False,False
sailor2-1b,0,F3-012,F3,P15-CTD17-associates,False,0,strict,,,,,,False,False,not_object,,,,,False,False,False
sailor2-1b,0,F3-012,F3,P15-CTD17-associates,False,1,strict,,,,,,False,False,not_object,,,,,False,False,False
sailor2-1b,0,F3-012,F3,P15-CTD17-associates,False,2,strict,,,,,,False,False,not_object,,,,,False,False,False
sailor2-1b,0,F4-010,F4,P15-CTD17-associates,False,0,strict,share_of_associates,share_of_associates * total_assets,"Lợi ích cổ đông không kiểm soát tăng trưởng tài sản, ảnh hưởng đến lợi suất cổ phiếu.",line_item,total_assets,False,True,,,(share_of_associates*total_assets),2,2,False,False,False
sailor2-1b,0,F4-010,F4,P15-CTD17-associates,False,1,strict,growth_investments,"growth(total_assets, 4), 1","Đầu tư tài chính tăng trưởng tài sản, ảnh hưởng đến lợi nhuận và lợi suất cổ phiếu.",line_item,"growth(total_assets, 4), 1",False,False,syntax_error:Tuple,,,,,False,True,False
sailor2-1b,0,F4-010,F4,P15-CTD17-associates,False,2,strict,financial_income,financial_income + equity,"Doanh thu thuần tăng trưởng, lợi nhuận kế toán trước thuế, lợi nhuận sau thuế, lợi nhuận sau thuế thu nhập, lợi nhuận sau thuế của cổ đông công ty mẹ, net_income_parent, net_income_parent",line_item,financial_income + equity,False,True,,,(equity+financial_income),2,2,False,False,False
sailor2-1b,0,F4-010,F4,P15-CTD17-associates,False,3,strict,net_income_parent,net_income_parent + net_income,"Lợi nhuận sau thuế của cổ đông công ty mẹ, lợi nhuận sau thuế thu nhập, net_income_parent, net_income_parent",line_item,net_income_parent + net_income,False,True,,,(net_income+net_income_parent),2,2,False,False,False
sailor2-1b,0,F1-012,F1,P17-NTP17-related_party,False,0,recovered,NTP - Short Term Receivables,log(total_assets - prepaid_to_suppliers + net_income - cogs),"Công thức này đo lường lợi nhuận sau thuế thu nhập (cfo) của NTP, giao dịch với các bên liên quan (related_party_disclosed) và các chỉ số tài chính (revenues, equity, net_income) trong quý tới.",,NTP - Short Term Receivables,False,True,,,log((((total_assets-prepaid_to_suppliers)+net_income)-cogs)),5,4,True,False,False
sailor2-1b,0,F1-012,F1,P17-NTP17-related_party,False,1,recovered,NTP - Receivables Customers,log(receivables_customers + net_income - cogs + net_income - net_income - net_income),"Công thức này đo lường lợi nhuận sau thuế (cfo) của các khoản phải thu ngắn hạn (receivables_customers) và tổng tài sản (total_assets) trong quý tới, giao dịch với các bên liên quan (related_party_disclosed)",,NTP - Receivables Customers,False,False,too_complex,,log((((((net_income+receivables_customers)-cogs)+net_income)-net_income)-net_income)),7,3,False,False,False
sailor2-1b,0,F1-012,F1,P17-NTP17-related_party,False,2,recovered,NTP - Total Assets,log(total_assets + net_income - cogs + net_income - net_income - net_income),"Công thức này đo lường tổng tài sản (total_assets) và lợi nhuận sau thuế (cfo) của NTP, giao dịch với các bên liên quan (related_party_disclosed) trong quý tới, bao gồm các chỉ số tài chính (revenues, equity, net_income)",,NTP - Total Assets,False,False,too_complex,,log((((((net_income+total_assets)-cogs)+net_income)-net_income)-net_income)),7,3,False,False,False
sailor2-1b,0,F2-017,F2,P17-NTP17-related_party,False,0,recovered,revenue_receivables,revenue_receivables = (receivables_customers * total_assets) - (net_income + cogs),"Đo lường doanh thu từ các khoản phải thu ngắn hạn, trừ đi lợi nhuận thuần và giá vốn hàng bán, xếp hạng lợi suất theo biên lợi nhuận trên tổng tài sản.",,,False,False,syntax_error,,,,,False,False,False
sailor2-1b,0,F2-017,F2,P17-NTP17-related_party,False,1,recovered,net_income_receivables,net_income_receivables = net_income + cogs,"Tính toán lợi nhuận sau thuế thu nhập từ các khoản phải thu ngắn hạn, bao gồm giá vốn và các giao dịch với bên liên quan, xếp hạng lợi suất theo biên lợi nhuận trên doanh thu thuần.",,,False,False,syntax_error,,,,,False,False,False
sailor2-1b,0,F2-017,F2,P17-NTP17-related_party,False,2,recovered,revenue_receivables_cogs,revenue_receivables_cogs = (receivables_customers * total_assets) + net_income + cogs,"Tính toán biên lợi nhuận trên các khoản phải thu ngắn hạn, bao gồm giá vốn, lợi nhuận và các giao dịch với bên liên quan, xếp hạng lợi suất theo biên lợi nhuận trên tổng tài sản.",,,False,False,syntax_error,,,,,False,False,False
sailor2-1b,0,F3-014,F3,P17-NTP17-related_party,False,0,strict,accruals_to_assets,"safe_div(net_income - cfo, total_assets","Phần lợi nhuận không đi kèm dòng tiền, chất lượng lợi nhuận kém, lợi suất tương lai thấp (Sloan 1996).",line_item,"net_income, cfo, total_assets",False,False,syntax_error,,,,,False,False,False
sailor2-1b,0,F3-014,F3,P17-NTP17-related_party,False,1,strict,earnings_yield,"safe_div(net_income, market_cap","Lợi nhuận trên mỗi đồng vốn hoá cao, cổ phiếu rẻ so với khả năng sinh lời (Cooper, Gulen, Schill 2008).",line_item,"net_income, market_cap",False,False,syntax_error,,,,,False,False,False
sailor2-1b,0,F3-014,F3,P17-NTP17-related_party,False,2,strict,asset_growth,"growth(total_assets, 4","Doanh nghiệp mở rộng tài sản quá nhanh, lợi suất sau đó thấp (Cooper, Gulen, Schill 2008).",line_item,total_assets,False,False,syntax_error,,,,,False,True,False
sailor2-1b,0,F4-011,F4,P18-MWG24-related_party,False,0,recovered,short_term_receivables,"log((short_term_receivables - prepaid_to_suppliers) / prepaid_to_suppliers), 1",Giảm thiểu rủi ro bằng cách phân tích sự thay đổi ngắn hạn của tài sản,line_item,short_term_receivables,False,False,syntax_error:Tuple,,,,,False,False,False
sailor2-1b,0,F4-011,F4,P18-MWG24-related_party,False,1,recovered,receivables_customers,"log((receivables_customers - net_income) / net_income), 1",Tăng trưởng doanh thu từ các khoản phải thu ngắn hạn,line_item,receivables_customers,False,False,syntax_error:Tuple,,,,,False,False,False
sailor2-1b,0,F4-011,F4,P18-MWG24-related_party,False,2,recovered,total_assets,"log((total_assets - cogs) / cogs), 1",Giá vốn hàng bán và doanh thu đóng góp vào lợi nhuận,line_item,total_assets,False,False,syntax_error:Tuple,,,,,False,False,False
sailor2-1b,0,F4-011,F4,P18-MWG24-related_party,False,3,recovered,payables_suppliers,"log((payables_suppliers - net_income) / net_income), 1",Giảm thiểu rủi ro từ trả trước người bán ngắn hạn,line_item,payables_suppliers,False,False,syntax_error:Tuple,,,,,False,False,False
sailor2-1b,0,F4-011,F4,P18-MWG24-related_party,False,4,recovered,equity,"log((equity - net_income) / net_income), 1",Giá trị vốn chủ sở hữu phản ánh hiệu quả hoạt động,line_item,equity,False,False,syntax_error:Tuple,,,,,False,False,False
sailor2-1b,0,F4-011,F4,P18-MWG24-related_party,False,5,recovered,net_income,"log((net_income - cogs) / cogs), 1",Lợi nhuận sau thuế từ các khoản phải thu ngắn hạn,line_item,net_income,False,False,syntax_error:Tuple,,,,,False,False,False
sailor2-1b,0,F4-011,F4,P18-MWG24-related_party,False,6,recovered,cogs,"log((cogs - prepaid_to_suppliers) / prepaid_to_suppliers), 1",Giá vốn hàng bán và doanh thu từ các khoản phải thu ngắn hạn,line_item,cogs,False,False,syntax_error:Tuple,,,,,False,False,False
sailor2-1b,0,F3-015,F3,P19-GAS17-commitments,False,0,strict,accruals_to_assets,"safe_div(net_income - cfo, total_assets","Phần lợi nhuận không đi kèm dòng tiền, chất lượng lợi nhuận kém, lợi suất tương lai thấp (Sloan 1996).",line_item,"net_income, cfo, total_assets",False,False,syntax_error,,,,,False,False,False
sailor2-1b,0,F3-015,F3,P19-GAS17-commitments,False,1,strict,earnings_yield,"safe_div(net_income, market_cap","Lợi nhuận trên mỗi đồng vốn hoá cao, cho thấy cổ phiếu rẻ so với tiềm năng sinh lời (Cooper, Gulen, Schill 2008).",line_item,"net_income, market_cap",False,False,syntax_error,,,,,False,False,False
sailor2-1b,0,F3-015,F3,P19-GAS17-commitments,False,2,strict,asset_growth,"growth(total_assets, 4","Doanh nghiệp mở rộng tài sản quá nhanh, lợi suất sau đó thấp (Cooper, Gulen, Schill 2008).",line_item,total_assets,False,False,syntax_error,,,,,False,True,False
sailor2-1b,0,F4-012,F4,P19-GAS17-commitments,False,0,recovered,asset_growth,"growth(total_assets, 4), growth(total_assets, 2), growth(total_assets, 1)","Tăng trưởng tài sản 4 lần, 2 lần và 1 lần, lợi suất giảm dần",line_item,total_assets,False,False,syntax_error:Tuple,,,,,False,True,False
sailor2-1b,0,F4-012,F4,P19-GAS17-commitments,False,1,recovered,cash_and_equivalents,cash_and_equivalents + contingent_liabilities_disclosed,"Tài sản dở dang dài hạn + nợ tiềm tàng, cân bằng lợi nhuận và rủi ro",line_item,cash_and_equivalents,False,True,,,(cash_and_equivalents+contingent_liabilities_disclosed),2,2,False,False,True
sailor2-1b,0,F4-012,F4,P19-GAS17-commitments,False,2,recovered,total_assets,total_assets + total_liabilities,"Tổng tài sản + nợ ngoài bảng, cân bằng lợi nhuận và rủi ro",line_item,total_assets,False,True,,,(total_assets+total_liabilities),2,2,False,False,False
sailor2-1b,0,F4-012,F4,P19-GAS17-commitments,False,3,recovered,market_cap,market_cap + contingent_liabilities_disclosed,"Vốn hoá thị trường + cam kết, cân bằng lợi nhuận và rủi ro",line_item,market_cap,False,True,,,(contingent_liabilities_disclosed+market_cap),2,2,False,False,True
sailor2-1b,0,F1-014,F1,P20-VNM24-segment,False,0,strict,VNM - Bán lẻ - Tiêu dùng (sữa),"gross_profit + (total_assets - long_term_assets) * (growth(x, 4) + growth(x, 8) + growth(x, 2)","Đánh giá lợi nhuận gộp và tăng trưởng theo bộ phận, giúp xếp hạng cổ phiếu theo lát cắt ngang theo quý.",,,False,False,syntax_error,,,,,False,True,False
sailor2-1b,0,F2-020,F2,P20-VNM24-segment,False,0,recovered,Gross Profit Margin,Gross Profit Margin = (Gross Revenue - Gross Profit) / Gross Revenue,"Đánh giá hiệu quả lợi nhuận gộp, so sánh với thị trường và các bộ phận khác trong cùng lĩnh vực bán lẻ tiêu dùng (sữa) của VNM",,,False,False,syntax_error,,,,,False,False,False
sailor2-1b,0,F2-020,F2,P20-VNM24-segment,False,1,recovered,Market Capitalization,Market Capitalization = (Total Assets + Cogs) / Total Assets,"Đánh giá giá trị thị trường của VNM, so sánh với các bộ phận khác trong ngành bán lẻ tiêu dùng",,,False,False,syntax_error,,,,,False,False,False
sailor2-1b,0,F2-020,F2,P20-VNM24-segment,False,2,recovered,Segment Disclosed,Segment Disclosed = (Long-term Assets - Gross Profit) / Long-term Assets,"Phân tích lợi nhuận gộp theo bộ phận, so sánh với thị trường và các bộ phận khác trong ngành",,,False,False,syntax_error,,,,,False,False,False
sailor2-1b,0,F3-016,F3,P20-VNM24-segment,False,0,recovered,earnings_yield,"safe_div(net_income, market_cap","Lợi nhuận trên mỗi đồng vốn hoá cao, cho thấy cổ phiếu đang rẻ so với khả năng sinh lời.",line_item,"net_income, market_cap",False,False,syntax_error,,,,,False,False,False
sailor2-1b,0,F3-016,F3,P20-VNM24-segment,False,1,recovered,asset_growth,"growth(total_assets, 4","Doanh nghiệp mở rộng tài sản quá nhanh thường có lợi nhuận sau đó thấp hơn, tăng trưởng tài sản nhạy cảm với thị trường.",line_item,total_assets,False,False,syntax_error,,,,,False,True,False
sailor2-1b,0,F2-021,F2,P21-PC124-segment,False,0,strict,,,,,market_cap,False,False,missing_field:name|missing_field:formula|missing_field:rationale,,,,,False,False,False
sailor2-1b,0,F3-017,F3,P22-PNJ17-tax,False,0,recovered,other_income_share,"safe_div(other_income, pretax_profit","Tỷ trọng thu nhập khác lớn cho thấy lợi nhuận không lặp lại, chất lượng lợi nhuận thấp, xếp hạng kém cho cổ phiếu.",note,"other_income, pretax_profit",False,False,syntax_error,,,,,False,False,False
sailor2-1b,0,F1-015,F1,P23-VCB24-bank_loans,True,0,strict,Chất lượng danh mục cho vay và dự phòng rủi ro tín dụng,"rank(x), zscore(x), mean(x)","Các chỉ số rủi ro tín dụng (cfo, cfi, cff) và chất lượng danh mục (total_assets, equity, net_income, cfo, cfi, related_party_disclosed) giúp đánh giá hiệu quả hoạt động và tiềm năng lợi suất cổ phiếu.",,,False,False,syntax_error:Tuple,,,,,False,True,False
sailor2-1b,0,F4-014,F4,P23-VCB24-bank_loans,True,0,recovered,cfo_growth,(cfo + 1) * growth,CFO tăng 1% dẫn đến lợi suất tăng 1% và chất lượng danh mục tốt hơn.,line_item,cfo + 1,False,False,unknown_var:growth,,((1+cfo)*growth),3,2,False,False,False
sailor2-1b,0,F4-014,F4,P23-VCB24-bank_loans,True,1,recovered,related_party_disclosed,audit_opinion_qualified + growth,"Thuyết minh giao dịch với bên liên quan, tăng chất lượng danh mục và lợi suất.",line_item,audit_opinion_qualified + growth,False,False,unknown_var:growth,,(audit_opinion_qualified+growth),2,2,False,False,True
sailor2-1b,0,F1-016,F1,P24-SHB17-bank_loans,True,0,recovered,"SHB - Ngân hàng (ngân hàng tư nhân), sàn HOSE","rank(x), zscore(x), mean(x)",Đánh giá chất lượng danh mục cho vay và dự phòng rủi ro tín dụng của SHB theo các chỉ số thị trường và tài chính.,,,False,False,syntax_error:Tuple,,,,,False,True,False
sailor2-1b,0,F1-016,F1,P24-SHB17-bank_loans,True,1,recovered,"SHB - Ngân hàng (ngân hàng tư nhân), sàn HOSE","rank(x), zscore(x), mean(x)",Phân tích chất lượng danh mục cho vay và dự phòng rủi ro tín dụng theo các chỉ số thị trường và tài chính.,,,False,False,syntax_error:Tuple,,,,,False,True,False
sailor2-1b,0,F3-019,F3,P24-SHB17-bank_loans,True,0,strict,roe_change,"delta(safe_div(net_income, mean(equity, 4)), 4)",Cải thiện tỷ suất sinh lời trên vốn chủ so với cùng kỳ báo hiệu chất lượng hoạt động tăng lên,note,"net_income, equity",False,False,copied_fewshot,,"delta(safe_div(net_income,mean(equity,4)),4)",4,2,False,True,False
sailor2-1b,0,F3-019,F3,P24-SHB17-bank_loans,True,1,strict,book_to_market,"safe_div(equity, market_cap)","Giá trị sổ sách cao so với vốn hoá là nhân tố giá trị kinh điển (Fama & French 1992), chất lượng lợi nhuận kém hơn",line_item,"equity, market_cap",False,False,copied_fewshot,,"safe_div(equity,market_cap)",2,2,False,False,False
sailor2-1b,0,F3-019,F3,P24-SHB17-bank_loans,True,2,strict,accruals_to_assets,"safe_div(net_income - cfo, total_assets)","Phần lợi nhuận không đi kèm dòng tiền càng lớn, lợi suất tương lai kém hơn, chất lượng hoạt động kém",line_item,"net_income, cfo, total_assets",False,False,copied_fewshot,,"safe_div((net_income-cfo),total_assets)",3,3,False,False,False
sailor2-1b,0,F1-017,F1,P25-BVS24-fin_assets,True,0,strict,Danh mục tài sản tài chính,rank(total_assets - equity + net_income - cfo + cfi + related_party_disclosed + audit_opinion_qualified + going_concern_flag + contingent_liabilities_disclosed + market_cap + close_price + shares_outstanding + adv20),"Các chỉ số này giúp đánh giá tổng quan lợi nhuận, lưu chuyển tiền, giao dịch, thuyết minh, vốn hoá thị trường, giá trị giao dịch, số lượng cổ phiếu và các chỉ số liên quan đến tính khả thi hoạt động của công ty chứng khoán BVS.",,,False,False,too_complex,,rank(((((total_assets-equity)+net_income)-cfo)+adv20+audit_opinion_qualified+cfi+close_price+contingent_liabilities_disclosed+going_concern_flag+market_cap+related_party_disclosed+shares_outstanding)),14,13,False,False,True
sailor2-1b,0,F2-025,F2,P25-BVS24-fin_assets,True,0,strict,Tài sản tài chính sẵn sàng bán (AFS),(total_assets + equity + net_income + cfo + cfi + related_party_disclosed + audit_opinion_qualified + going_concern_flag + contingent_liabilities_disclosed + market_cap + close_price + shares_outstanding + adv20),"Đánh giá tổng lợi nhuận, vốn chủ sở hữu, lợi nhuận trước thuế, các chỉ số tài chính, thuyết minh giao dịch, và các yếu tố liên quan đến các khoản cho vay, cho vay margin, và các giao dịch với bên liên quan.",,"Đoạn thuyết minh về lợi nhuận, vốn chủ sở hữu, và các giao dịch liên quan đến các khoản vay margin và cho vay.",False,False,too_complex,,(adv20+audit_opinion_qualified+cfi+cfo+close_price+contingent_liabilities_disclosed+equity+going_concern_flag+market_cap+net_income+related_party_disclosed+shares_outstanding+total_assets),13,13,False,False,True
sailor2-1b,1,F2-001,F2,P01-ANV17-inventory,False,0,strict,ANV - hàng tồn kho và dự phòng giảm giá hàng tồn kho,"rank(x, 1) + (1 - growth(x, 1)) * (1 - growth(x, 2)) + (1 - growth(x, 3)) * (1 - growth(x, 4)) + (1 - growth(x, 5)) * (1 - growth(x, 6))","Dựa trên thuyết minh, ANV ghi nhận hàng tồn kho giảm giá dự phòng, trích xuất từ giá trị thuần có thể thực hiện được. Công thức này phân tích tác động của dự phòng giảm giá hàng tồn kho lên lợi suất cổ phiếu quý tới",,"Tăng trưởng dự phòng giảm giá hàng tồn kho (1 - growth(x, 5))",False,False,bad_arity:rank|bad_lag:growth|unknown_var:x|too_complex,,"(((1-growth(x,1))*(1-growth(x,2)))+((1-growth(x,3))*(1-growth(x,4)))+((1-growth(x,5))*(1-growth(x,6)))+rank(x,1))",7,1,False,True,False
sailor2-1b,1,F3-001,F3,P01-ANV17-inventory,False,0,recovered,inventory_change_to_assets,"safe_div(delta(inventory, 4), mean(total_assets, 4))","Tồn kho tăng nhanh hơn quy mô tài sản báo hiệu hàng bán chậm, dự báo lợi suất thấp hơn (Thomas & Zhang 2002).",line_item,"inventory, total_assets",False,False,copied_fewshot,,"safe_div(delta(inventory,4),mean(total_assets,4))",3,2,False,True,False
sailor2-1b,1,F3-001,F3,P01-ANV17-inventory,False,1,recovered,accruals_to_assets,"safe_div(net_income - cfo, total_assets","Phần lợi nhuận không đi kèm dòng tiền càng lớn thì chất lượng lợi nhuận càng thấp, lợi suất tương lai thường kém hơn (Sloan 1996).",line_item,"net_income, cfo, total_assets",False,False,syntax_error,,,,,False,False,False
sailor2-1b,1,F3-001,F3,P01-ANV17-inventory,False,2,recovered,earnings_yield,"safe_div(net_income, market_cap",Lợi nhuận trên mỗi đồng vốn hoá cao cho thấy cổ phiếu đang rẻ so với khả năng sinh lời.,line_item,"net_income, market_cap",False,False,syntax_error,,,,,False,False,False
sailor2-1b,1,F4-001,F4,P01-ANV17-inventory,False,0,recovered,inventory_writedown,inventory_writedown * inventory_gross,"Giảm giá hàng tồn kho, tác động đến lợi nhuận gộp và lợi nhuận sau thuế thu nhập.",line_item,inventory_writedown,False,True,,,(inventory_gross*inventory_writedown),2,2,False,False,False
sailor2-1b,1,F3-002,F3,P02-HPG24-inventory,False,0,recovered,,inventory_change_to_assets,"Tồn kho tăng nhanh hơn quy mô tài sản, dự báo lợi suất thấp hơn (Thomas & Zhang 2002).",note,"inventory, total_assets",False,False,missing_field:name|unknown_var:inventory_change_to_assets,,inventory_change_to_assets,1,1,False,False,False
sailor2-1b,1,F3-002,F3,P02-HPG24-inventory,False,1,recovered,,accruals_to_assets,"Phần lợi nhuận không đi kèm dòng tiền càng lớn, chất lượng lợi nhuận thấp hơn (Sloan 1996)",note,"net_income, cfo, total_assets",False,False,missing_field:name|unknown_var:accruals_to_assets,,accruals_to_assets,1,1,False,False,False
sailor2-1b,1,F1-003,F1,P03-PNJ24-inventory,False,0,strict,PNJ - bán lẻ - tiêu dùng (bán lẻ trang sức),(current_assets + inventory_writedown) / (current_assets + net_income) * 100 + (current_assets + inventory_gross) / (current_assets + net_income) * 100),"Tổng hợp lợi nhuận gộp, dự phòng giảm giá, thị phần bán lẻ trang sức, và tăng trưởng hàng tồn kho, xếp hạng theo lợi nhuận gộp, thị phần, và dự phòng giảm giá.",,,False,False,syntax_error,,,,,False,False,False
sailor2-1b,1,F4-002,F4,P03-PNJ24-inventory,False,0,strict,inventory_writedown,inventory_writedown + inventory_gross,"Giảm giá hàng tồn kho tăng lên khi tồn kho tăng, ảnh hưởng đến lợi nhuận gộp và lợi nhuận sau thuế.",line_item,inventory_writedown + inventory_gross,False,True,,,(inventory_gross+inventory_writedown),2,2,False,False,False
sailor2-1b,1,F4-002,F4,P03-PNJ24-inventory,False,1,strict,current_assets,current_assets + inventory_writedown,"Tăng trưởng hàng tồn kho dẫn đến tăng tổng tài sản, cải thiện lợi nhuận gộp và lợi nhuận sau thuế.",line_item,current_assets + inventory_writedown,False,True,,,(current_assets+inventory_writedown),2,2,False,False,False
sailor2-1b,1,F4-002,F4,P03-PNJ24-inventory,False,2,strict,market_cap,market_cap + net_income,"Vốn hoá thị trường tăng khi doanh thu tăng, ảnh hưởng đến lợi nhuận thuần và lợi nhuận sau thuế.",line_item,market_cap + net_income,False,True,,,(market_cap+net_income),2,2,False,False,False
sailor2-1b,1,F3-003,F3,P04-GAS24-receivables,False,0,recovered,receivables_accrual,"safe_div(delta(short_term_receivables, 4), mean(total_assets, 4)","Phải thu ngắn hạn tăng lên, chất lượng lợi nhuận kém đi, dự báo lợi suất kém hơn.",note,"short_term_receivables, total_assets",False,False,syntax_error,,,,,False,True,False
sailor2-1b,1,F4-003,F4,P04-GAS24-receivables,False,0,strict,receivables_customers,total_assets - customer_advances,"Tài sản ngắn hạn tăng, dự phòng khó đòi tăng, ảnh hưởng đến lợi nhuận gộp và doanh thu.",line_item,customer_advances,False,True,,,(total_assets-customer_advances),2,2,False,False,False
sailor2-1b,1,F4-003,F4,P04-GAS24-receivables,False,1,strict,receivables_customers,receivables_customers - total_assets,"Tăng tài sản ngắn hạn, dự phòng khó đòi tăng, ảnh hưởng đến lợi nhuận gộp và doanh thu.",line_item,total_assets,False,True,,,(receivables_customers-total_assets),2,2,False,False,False
sailor2-1b,1,F4-003,F4,P04-GAS24-receivables,False,2,strict,receivables_customers,receivables_customers - equity,"Tăng tài sản ngắn hạn, dự phòng khó đòi tăng, ảnh hưởng đến lợi nhuận gộp và doanh thu, tăng vốn chủ sở hữu.",line_item,receivables_customers,False,True,,,(receivables_customers-equity),2,2,False,False,False
sailor2-1b,1,F4-003,F4,P04-GAS24-receivables,False,3,strict,receivables_customers,receivables_customers - revenue,"Tăng tài sản ngắn hạn, dự phòng khó đòi tăng, ảnh hưởng đến lợi nhuận gộp và doanh thu, tăng lợi nhuận sau thuế.",line_item,revenue,False,True,,,(receivables_customers-revenue),2,2,False,False,False
sailor2-1b,1,F2-005,F2,P05-HUT24-receivables,False,0,strict,"HUT - bất động sản (hạ tầng + BĐS), sàn HNX","rank(x), zscore(x), mean(x) + log(x) + abs(x) + safe_div(x, 2)","Dựa trên thuyết minh, đề xuất 3 công thức xếp hạng cổ phiếu theo lát cắt ngang quý 4: HUT (Sở GTVT tỉnh Thái Bình), IT Fusion (Công ty IT Fusion) và các đối tượng khác (Công ty IT Fusion).",,"HUT - bất động sản (hạ tầng + BĐS), sàn HNX",False,False,syntax_error:Tuple,,,,,False,True,False
sailor2-1b,1,F3-004,F3,P05-HUT24-receivables,False,0,strict,receivables_accrual,"safe_div(delta(short_term_receivables, 4), mean(total_assets, 4)","Phải thu ngắn hạn phình ra, dự báo tăng trưởng chậm, ảnh hưởng đến lợi suất cổ phiếu.",line_item,"short_term_receivables, total_assets",False,False,syntax_error,,,,,False,True,False
sailor2-1b,1,F3-004,F3,P05-HUT24-receivables,False,1,strict,earnings_yield,"safe_div(net_income, market_cap","Lợi nhuận trên mỗi đồng vốn hoá cao, cho thấy cổ phiếu hấp dẫn hơn.",line_item,"net_income, market_cap",False,False,syntax_error,,,,,False,False,False
sailor2-1b,1,F3-004,F3,P05-HUT24-receivables,False,2,strict,provision_doubtful_debt,"safe_div(provision_doubtful_debt, total_receivables","Dự phòng nợ khó đòi, ảnh hưởng đến khả năng thu hồi, tăng lợi suất.",line_item,"provision_doubtful_debt, total_receivables",False,False,syntax_error,,,,,False,False,False
sailor2-1b,1,F1-005,F1,P06-TNG24-debt,False,0,strict,"TNG - vay nợ, trái phiếu và chi phí lãi vay","rank(x), zscore(x), mean(x), std(x)","Phân tích tác động của vay nợ, trái phiếu, và chi phí lãi vay đến lợi nhuận thuần, lợi nhuận sau thuế, và vốn hoá thị trường",,"TNG - sản xuất công nghiệp (dệt may vốn hoá nhỏ), sàn HNX",False,False,syntax_error:Tuple,,,,,False,True,False
sailor2-1b,1,F4-004,F4,P06-TNG24-debt,False,0,recovered,asset_growth,"asset_growth(total_assets, 4)","Tăng tài sản quá nhanh có thể làm giảm lợi suất, đặc biệt là trong quý tới.",line_item,total_assets,False,False,unknown_func:asset_growth,,"asset_growth(total_assets,4)",2,1,False,False,False
sailor2-1b,1,F4-004,F4,P06-TNG24-debt,False,1,recovered,interest_expense,"interest_expense(current_liabilities, 100)","Chi phí lãi vay tăng trong khi doanh thu thuần giảm, ảnh hưởng đến lợi nhuận.",line_item,current_liabilities,False,False,unknown_func:interest_expense,,"interest_expense(current_liabilities,100)",2,1,False,False,False
sailor2-1b,1,F4-004,F4,P06-TNG24-debt,False,2,recovered,cash_and_equivalents,"cash_and_equivalents(total_assets, 100)","Tài sản tăng, dòng tiền tăng, cải thiện lợi nhuận.",line_item,cash_and_equivalents,False,False,unknown_func:cash_and_equivalents,,"cash_and_equivalents(total_assets,100)",2,1,False,False,False
sailor2-1b,1,F4-004,F4,P06-TNG24-debt,False,3,recovered,depreciation,"depreciation(100, 100)","Khấu hao tài sản, giảm giá trị tài sản, ảnh hưởng đến lợi nhuận.",line_item,"depreciation(100, 100",False,False,unknown_func:depreciation|constant_only,,"depreciation(100,100)",2,0,False,False,False
sailor2-1b,1,F4-004,F4,P06-TNG24-debt,False,4,recovered,market_cap,"market_cap(net_income, 100)","Vốn hoá thị trường tăng, giá trị doanh nghiệp tăng, cải thiện lợi nhuận.",line_item,net_income,False,False,unknown_func:market_cap,,"market_cap(net_income,100)",2,1,False,False,False
sailor2-1b,1,F4-004,F4,P06-TNG24-debt,False,5,recovered,growth,"growth(revenue, 100)","Doanh thu tăng, lợi nhuận tăng, cải thiện lợi nhuận.",line_item,revenue,False,False,bad_lag:growth,,"growth(revenue,100)",2,1,False,True,False
sailor2-1b,1,F4-004,F4,P06-TNG24-debt,False,6,recovered,current_liabilities,current_liabilities + current_debt,"Nợ ngắn hạn tăng, ảnh hưởng đến tài sản, cải thiện lợi nhuận.",line_item,current_liabilities + current_debt,False,False,unknown_var:current_debt,,(current_debt+current_liabilities),2,2,False,False,False
sailor2-1b,1,F1-006,F1,P07-NLG17-debt,False,0,recovered,vay_nợ_trái_phiếu_chi_phí_lãi_vay,"rank(x, 3) + (1 - 1) * (total_assets - total_liabilities) * (current_liabilities + short_term_debt + long_term_debt) * interest_expense","Phân tích lợi nhuận thuần, vay nợ, chi phí lãi vay, và lợi nhuận sau thuế, xếp hạng dựa trên sự cân bằng giữa vay nợ, chi phí tài chính và lợi nhuận thuần",,"NLG - bất động sản (BĐS nhà ở tầm trung), sàn HOSE",False,False,bad_arity:rank|unknown_var:x|too_complex,,"(((1-1)*(current_liabilities+long_term_debt+short_term_debt)*(total_assets-total_liabilities)*interest_expense)+rank(x,3))",6,7,False,False,False
sailor2-1b,1,F1-006,F1,P07-NLG17-debt,False,1,recovered,vay_nợ_trái_phiếu_chi_phí_lãi_vay,"rank(x, 3) + (1 - 1) * (total_assets - total_liabilities) * (current_liabilities + short_term_debt + long_term_debt) * interest_expense","Tương tự, phân tích lợi nhuận, vay nợ, chi phí lãi vay, và lợi nhuận sau thuế, xếp hạng dựa trên sự cân bằng giữa vay nợ, chi phí tài chính, và lợi nhuận thuần",,"NLG - bất động sản (BĐS nhà ở tầm trung), sàn HOSE",False,False,bad_arity:rank|unknown_var:x|too_complex|duplicate,,"(((1-1)*(current_liabilities+long_term_debt+short_term_debt)*(total_assets-total_liabilities)*interest_expense)+rank(x,3))",6,7,False,False,False
sailor2-1b,1,F2-007,F2,P07-NLG17-debt,False,0,strict,,"rank(x), zscore(x), mean(x, k)","Các công thức dựa trên thuyết minh để xếp hạng lợi suất cổ phiếu theo lát cắt ngang, bao gồm chi phí lãi vay và các chỉ số tài chính khác.",,"NLG - Bất động sản (BĐS nhà ở tầm trung), sàn HOSE",False,False,missing_field:name|syntax_error:Tuple,,,,,False,True,False
sailor2-1b,1,F3-005,F3,P07-NLG17-debt,False,0,recovered,cash_to_current_liabilities,"safe_div(cash_and_equivalents, current_liabilities)","Khả năng thanh toán tiền mặt so với nợ ngắn hạn, đo lường rủi ro tài chính, giảm thiểu dòng tiền chậm lại.",note,"cash_and_equivalents, current_liabilities",False,False,copied_fewshot,,"safe_div(cash_and_equivalents,current_liabilities)",2,2,False,False,False
sailor2-1b,1,F3-005,F3,P07-NLG17-debt,False,1,recovered,net_debt_to_equity,"safe_div(short_term_debt + long_term_debt - cash_and_equivalents, equity)","Đòn bẩy ròng cao, làm tăng rủi ro tài chính, lợi nhuận thuần thấp hơn.",line_item,"short_term_debt, long_term_debt, cash_and_equivalents, equity",False,False,copied_fewshot,,"safe_div(((long_term_debt+short_term_debt)-cash_and_equivalents),equity)",4,4,False,False,False
sailor2-1b,1,F3-005,F3,P07-NLG17-debt,False,2,recovered,accruals_to_assets,"safe_div(net_income - cfo, total_assets)","Lợi nhuận không đi kèm dòng tiền, chất lượng lợi nhuận thấp, lợi suất tương lai kém hơn.",line_item,"net_income, cfo, total_assets",False,False,copied_fewshot,,"safe_div((net_income-cfo),total_assets)",3,3,False,False,False
sailor2-1b,1,F4-005,F4,P07-NLG17-debt,False,0,recovered,asset_growth,"asset_growth(total_assets, 4)","Tăng tài sản quá nhanh có thể làm giảm lợi suất, đặc biệt là trong quý tới.",line_item,total_assets,False,False,unknown_func:asset_growth|duplicate,,"asset_growth(total_assets,4)",2,1,False,False,False
sailor2-1b,1,F4-005,F4,P07-NLG17-debt,False,1,recovered,interest_expense,"interest_expense(current_liabilities, 100)","Chi phí lãi vay tăng trong khi doanh thu thuần giảm, ảnh hưởng đến lợi nhuận.",line_item,current_liabilities,False,False,unknown_func:interest_expense|duplicate,,"interest_expense(current_liabilities,100)",2,1,False,False,False
sailor2-1b,1,F4-005,F4,P07-NLG17-debt,False,2,recovered,cash_and_equivalents,"cash_and_equivalents(total_assets, 100)","Tài sản tăng, giảm giá trị tài sản tương đương tiền, ảnh hưởng đến lợi suất.",line_item,total_assets,False,False,unknown_func:cash_and_equivalents|duplicate,,"cash_and_equivalents(total_assets,100)",2,1,False,False,False
sailor2-1b,1,F4-005,F4,P07-NLG17-debt,False,3,recovered,market_cap,"market_cap(net_income, 100)","Vốn hoá thị trường tăng, giá trị tài sản tăng, ảnh hưởng đến lợi nhuận.",line_item,net_income,False,False,unknown_func:market_cap|duplicate,,"market_cap(net_income,100)",2,1,False,False,False
sailor2-1b,1,F4-005,F4,P07-NLG17-debt,False,4,recovered,cfo,"cfo(net_income, 100)","Lưu chuyển tiền thuần từ hoạt động kinh doanh, ảnh hưởng đến lợi nhuận kế toán.",line_item,net_income,False,False,unknown_func:cfo,,"cfo(net_income,100)",2,1,False,False,False
sailor2-1b,1,F2-008,F2,P08-POW17-debt,False,0,strict,,"rank(x, 2) + (1 - 2) * growth(x, 2) + (1 - 2) * interest_expense(x) + (1 - 2) * total_liabilities(x)","Dựa trên thuyết minh, phân tích lợi nhuận thuần, chi phí lãi vay và lợi nhuận sau thuế thu nhập trong quý 2",,,False,False,missing_field:name|unknown_func:total_liabilities|bad_arity:rank|unknown_func:interest_expense|unknown_var:x,,"(((1-2)*growth(x,2))+((1-2)*interest_expense(x))+((1-2)*total_liabilities(x))+rank(x,2))",6,1,False,True,False
sailor2-1b,1,F2-009,F2,P09-HAH24-fixed_assets,False,0,strict,,"rank(x, 3) - (1 - 2) * growth(x, 3) + log(x) + abs(x) + safe_div(x, 2) + mean(x, 2) + std(x, 2)","Các công thức này dựa trên thuyết minh và thông tin từ đoạn thuyết minh để xếp hạng cổ phiếu theo lát cắt ngang, bao gồm cả tài sản cố định, khấu hao và đầu tư mới.",,"Tài sản dài hạn (VND, số dư cuối kỳ)",False,False,missing_field:name|bad_arity:rank|bad_lag:growth|unknown_var:x|too_complex,,"((rank(x,3)-((1-2)*growth(x,3)))+abs(x)+log(x)+mean(x,2)+safe_div(x,2)+std(x,2))",9,1,False,True,False
sailor2-1b,1,F3-007,F3,P09-HAH24-fixed_assets,False,0,recovered,,"safe_div(construction_in_progress, fixed_assets)","Tỷ trọng công trình dở dang lớn báo hiệu năng lực mới sắp khai thác, rủi ro chậm tiến độ, ít nhất 1 công thức xuất phát từ thuyết minh",note,chi phí xây dựng cơ bản dở dang,False,False,missing_field:name|copied_fewshot,,"safe_div(construction_in_progress,fixed_assets)",2,2,False,False,False
sailor2-1b,1,F3-007,F3,P09-HAH24-fixed_assets,False,1,recovered,,"safe_div(net_income - cfo, total_assets","Phần lợi nhuận không đi kèm dòng tiền càng lớn, chất lượng lợi nhuận thấp, ít nhất 1 công thức xuất phát từ thuyết minh",line_item,"net_income, cfo, total_assets",False,False,missing_field:name|syntax_error,,,,,False,False,False
sailor2-1b,1,F3-007,F3,P09-HAH24-fixed_assets,False,2,recovered,,"safe_div(net_income - cfo, total_assets","Phần lợi nhuận không đi kèm dòng tiền càng lớn, chất lượng lợi nhuận thấp, ít nhất 1 công thức xuất phát từ thuyết minh",line_item,"net_income, cfo, total_assets",False,False,missing_field:name|syntax_error,,,,,False,False,False
sailor2-1b,1,F3-007,F3,P09-HAH24-fixed_assets,False,3,recovered,,"safe_div(net_income, market_cap","Lợi nhuận trên mỗi đồng vốn hoá cao cho thấy cổ phiếu đang rẻ so với khả năng sinh lời, ít nhất 1 công thức xuất phát từ thuyết minh",line_item,"net_income, market_cap",False,False,missing_field:name|syntax_error,,,,,False,False,False
sailor2-1b,1,F4-006,F4,P09-HAH24-fixed_assets,False,0,strict,asset_growth,"total_assets * (1 + growth), 4","Tăng trưởng tài sản cố định 4 lần trong quý tới, dự kiến lợi suất giảm nhẹ.",line_item,total_assets,False,False,syntax_error:Tuple,,,,,False,False,False
sailor2-1b,1,F4-006,F4,P09-HAH24-fixed_assets,False,1,strict,depreciation,total_depreciation - accumulated_depreciation,"Khấu hao tài sản cố định 50% trong quý tới, tác động đến lợi nhuận sau thuế.",line_item,total_depreciation,False,False,unknown_var:total_depreciation,,(total_depreciation-accumulated_depreciation),2,2,False,False,False
sailor2-1b,1,F4-006,F4,P09-HAH24-fixed_assets,False,2,strict,market_cap,market_cap + total_capex,"Vốn hoá thị trường tăng 10% trong quý tới, ảnh hưởng đến giá trị cổ phiếu.",line_item,market_cap,False,False,unknown_var:total_capex,,(market_cap+total_capex),2,2,False,False,False
sailor2-1b,1,F3-008,F3,P10-TNG17-fixed_assets,False,0,recovered,CPI To Fixed Assets,"safe_div(construction_in_progress, fixed_assets)","Tỷ trọng công trình dở dang lớn báo hiệu năng lực mới sắp khai thác, rủi ro chậm tiến độ, ít nhất 1 công thức xuất phát từ thuyết minh",note,chi phí xây dựng cơ bản dở dang,False,False,copied_fewshot,,"safe_div(construction_in_progress,fixed_assets)",2,2,False,False,False
sailor2-1b,1,F3-008,F3,P10-TNG17-fixed_assets,False,1,recovered,Accruals To Assets,"safe_div(net_income - cfo, total_assets","Phần lợi nhuận không đi kèm dòng tiền càng lớn, chất lượng lợi nhuận kém, ít nhất 1 công thức xuất phát từ thuyết minh",line_item,"net_income, cfo, total_assets",False,False,syntax_error,,,,,False,False,False
sailor2-1b,1,F3-008,F3,P10-TNG17-fixed_assets,False,2,recovered,Earnings Yield,"safe_div(net_income, market_cap","Lợi nhuận trên mỗi đồng vốn hoá cao, cho thấy cổ phiếu rẻ so với tiềm năng sinh lời, ít nhất 1 công thức xuất phát từ thuyết minh",line_item,"net_income, market_cap",False,False,syntax_error,,,,,False,False,False
sailor2-1b,1,F2-011,F2,P11-HPG17-cip,False,0,recovered,HPG - Construction In Progress,rank(CFO - Long Term Assets - Long Term Debt + Total Assets - Long Term Fixed Assets - Long Term Debt - Total Assets - Long Term Fixed Assets - Construction In Progress),"Đánh giá lợi suất dựa trên tổng chi phí xây dựng dở dang, tài sản dài hạn, tài sản cố định hữu hình, và tổng tài sản dở dang dài hạn, bao gồm xây dựng cơ bản dở dang phần ánh.",,,False,False,syntax_error,,,,,False,False,False
sailor2-1b,1,F2-011,F2,P11-HPG17-cip,False,1,recovered,HPG - Long Term Fixed Assets,rank(CFO - Long Term Fixed Assets - Long Term Debt + Total Assets - Long Term Fixed Assets - Construction In Progress),"Đánh giá lợi suất từ tài sản cố định hữu hình, bao gồm xây dựng cơ bản dở dang phần ánh, tính toán theo thông tin trong thuyết minh.",,,False,False,syntax_error,,,,,False,False,False
sailor2-1b,1,F2-011,F2,P11-HPG17-cip,False,2,recovered,HPG - Long Term Debt,rank(CFO - Long Term Debt + Total Assets - Long Term Fixed Assets - Construction In Progress),"Đánh giá lợi suất từ nợ vay và nợ thuê tài chính dài hạn, tính toán theo thông tin trong thuyết minh.",,,False,False,syntax_error,,,,,False,False,False
sailor2-1b,1,F4-007,F4,P11-HPG17-cip,False,0,strict,asset_growth,"growth(long_term_assets, 4)","Tài sản tăng trưởng quá nhanh, lợi suất giảm, xếp hạng cao hơn.",line_item,long_term_assets,False,True,,,"growth(long_term_assets,4)",2,1,True,True,False
sailor2-1b,1,F4-007,F4,P11-HPG17-cip,False,1,strict,construction_in_progress,"growth(long_term_debt, 4)","Tài sản dở dang dài hạn tăng trưởng, xếp hạng cao hơn.",line_item,construction_in_progress,False,True,,,"growth(long_term_debt,4)",2,1,True,True,False
sailor2-1b,1,F4-007,F4,P11-HPG17-cip,False,2,strict,market_cap,"market_cap(total_assets + construction_in_progress), 4","Tổng tài sản tăng, xếp hạng cao hơn.",line_item,total_assets + construction_in_progress,False,False,syntax_error:Tuple,,,,,False,False,False
sailor2-1b,1,F2-012,F2,P12-VGC24-cip,False,0,strict,,,,,,False,False,not_object,,,,,False,False,False
sailor2-1b,1,F2-012,F2,P12-VGC24-cip,False,1,strict,,,,,,False,False,not_object,,,,,False,False,False
sailor2-1b,1,F2-012,F2,P12-VGC24-cip,False,2,strict,,,,,,False,False,not_object,,,,,False,False,False
sailor2-1b,1,F3-009,F3,P12-VGC24-cip,False,0,strict,,,,,,False,False,missing_field:name|missing_field:formula|missing_field:rationale,,,,,False,False,False
sailor2-1b,1,F2-013,F2,P13-NLG24-customer_advances,False,0,recovered,,cash_and_equivalents + short_term_receivables + total_assets + current_liabilities + customer_advances,"Đo lường tổng doanh thu chưa thực hiện, lợi nhuận chưa thực hiện, tiền thuê nhà nhận trước, và người mua trả tiền trước ngắn hạn, xếp hạng theo tỷ lệ phần trăm phát sinh trong quý.",note,"Thuyết minh báo cáo tài chính năm 2024, đoạn 26. DOANH THU CHU'A THỰC HIỆN",False,False,missing_field:name,,(cash_and_equivalents+current_liabilities+customer_advances+short_term_receivables+total_assets),5,5,False,False,False
sailor2-1b,1,F2-013,F2,P13-NLG24-customer_advances,False,1,recovered,,cash_and_equivalents + inventory + total_assets + current_liabilities + customer_advances,"Tổng doanh thu chưa thực hiện, lợi nhuận chưa thực hiện, tiền thuê nhà nhận trước, và người mua trả tiền trước ngắn hạn, xếp hạng theo tỷ lệ phần trăm phát sinh trong quý.",note,"Thuyết minh báo cáo tài chính năm 2024, đoạn 26. DOANH THU CHU'A THỰC HIỆN",False,False,missing_field:name,,(cash_and_equivalents+current_liabilities+customer_advances+inventory+total_assets),5,5,False,False,False
sailor2-1b,1,F2-013,F2,P13-NLG24-customer_advances,False,2,recovered,,cash_and_equivalents + customer_advances + net_income + net_income,"Tổng doanh thu thuần, lợi nhuận gộp, lợi nhuận sau thuế, và người mua trả tiền trước ngắn hạn, xếp hạng theo tỷ lệ phần trăm phát sinh trong quý.",note,"Thuyết minh báo cáo tài chính năm 2024, đoạn 26. DOANH THU CHU'A THỰC HIỆN",False,False,missing_field:name,,(cash_and_equivalents+customer_advances+net_income+net_income),4,3,False,False,False
sailor2-1b,1,F2-014,F2,P14-IDC24-customer_advances,False,0,recovered,customer_advances,"rank(x, 1) * (1 - growth(x, 1)) + log(x) + abs(x) + safe_div(x, 2) + mean(x, 2) + std(x, 2)","Dùng biến customer_advances để đo lường tác động của người mua trả tiền trước ngắn hạn, giúp xếp hạng cổ phiếu theo lát cắt ngang.",,Cash_and_equivalents,False,False,bad_arity:rank|unknown_var:x|too_complex,,"(((1-growth(x,1))*rank(x,1))+abs(x)+log(x)+mean(x,2)+safe_div(x,2)+std(x,2))",9,1,False,True,False
sailor2-1b,1,F2-014,F2,P14-IDC24-customer_advances,False,1,recovered,short_term_receivables,"rank(x, 1) * (1 - growth(x, 1)) + log(x) + safety_div(x, 2) + mean(x, 2) + std(x, 2)","Đánh giá tác động của các khoản phải thu ngắn hạn, giúp xếp hạng theo lát cắt ngang từ 1 đến 2 quý.",,,False,False,unknown_func:safety_div|bad_arity:rank|unknown_var:x|too_complex,,"(((1-growth(x,1))*rank(x,1))+log(x)+mean(x,2)+safety_div(x,2)+std(x,2))",8,1,False,True,False
sailor2-1b,1,F2-014,F2,P14-IDC24-customer_advances,False,2,recovered,total_assets,"rank(x, 1) * (1 - growth(x, 1)) + safety_div(x, 2) + mean(x, 2) + std(x, 2)","Đánh giá tổng tài sản, tác động của các khoản phải thu và doanh thu nhận trước, giúp xếp hạng theo lát cắt ngang.",,,False,False,unknown_func:safety_div|bad_arity:rank|unknown_var:x|too_complex,,"(((1-growth(x,1))*rank(x,1))+mean(x,2)+safety_div(x,2)+std(x,2))",7,1,False,True,False
sailor2-1b,1,F4-009,F4,P14-IDC24-customer_advances,False,0,strict,cash_and_equivalents,cash_and_equivalents + inventory + total_assets,"Tổng tiền và hàng tồn kho tăng nhanh, ảnh hưởng đến lợi nhuận và doanh thu.",line_item,cash_and_equivalents + inventory + total_assets,False,True,,,(cash_and_equivalents+inventory+total_assets),3,3,False,False,False
sailor2-1b,1,F4-009,F4,P14-IDC24-customer_advances,False,1,strict,customer_advances,customer_advances + cash_and_equivalents + inventory + total_assets,"Người mua trả tiền trước ngắn hạn, ảnh hưởng đến doanh thu và lợi nhuận.",line_item,customer_advances + cash_and_equivalents + inventory + total_assets,False,True,,,(cash_and_equivalents+customer_advances+inventory+total_assets),4,4,False,False,False
sailor2-1b,1,F4-009,F4,P14-IDC24-customer_advances,False,2,strict,market_cap,market_cap + cash_and_equivalents + customer_advances + inventory + total_assets,"Vốn hoá thị trường tăng, ảnh hưởng đến lợi nhuận và doanh thu.",line_item,market_cap + cash_and_equivalents + customer_advances + inventory + total_assets,False,True,,,(cash_and_equivalents+customer_advances+inventory+market_cap+total_assets),5,5,False,False,False
sailor2-1b,1,F2-015,F2,P15-CTD17-associates,False,0,strict,Long-term Investments,Long-term investments = (Long-term assets - Total assets) / Total assets,"Dựa trên thuyết minh, đầu tư tài chính dài hạn chiếm 136.160.000.000, 58.623.616.306, 31.676.978.729, 744.193.896, 91.044.788.931, 227.204.788.931, 194.783.616.306, 227.204.788.931, 227.204.788.931",note,"Long-term investments in Ricons, FCC, and Quảng Trọng",False,False,syntax_error,,,,,False,False,False
sailor2-1b,1,F3-012,F3,P15-CTD17-associates,False,0,strict,,,,,,False,False,not_object,,,,,False,False,False
sailor2-1b,1,F3-012,F3,P15-CTD17-associates,False,1,strict,,,,,,False,False,not_object,,,,,False,False,False
sailor2-1b,1,F3-012,F3,P15-CTD17-associates,False,2,strict,,,,,,False,False,not_object,,,,,False,False,False
sailor2-1b,1,F4-010,F4,P15-CTD17-associates,False,0,strict,share_of_associates,share_of_associates * (total_assets + equity),"Lợi ích cổ đông không kiểm soát tăng trưởng tài sản, ảnh hưởng đến lợi suất cổ phiếu.",line_item,total_assets + equity,False,True,,,((equity+total_assets)*share_of_associates),3,3,False,False,False
sailor2-1b,1,F4-010,F4,P15-CTD17-associates,False,1,strict,growth_investments,growth(total_assets + investments_associates + revenue + net_income,"Đầu tư tài chính dài hạn tăng trưởng, ảnh hưởng đến lợi nhuận sau thuế và lợi suất cổ phiếu.",line_item,total_assets + investments_associates + revenue + net_income,False,False,syntax_error,,,,,False,True,False
sailor2-1b,1,F4-010,F4,P15-CTD17-associates,False,2,strict,pretax_profit,pretax_profit + net_income,"Lợi nhuận kế toán trước thuế, ảnh hưởng đến lợi suất cổ phiếu.",line_item,pretax_profit + net_income,False,True,,,(net_income+pretax_profit),2,2,False,False,False
sailor2-1b,1,F4-010,F4,P15-CTD17-associates,False,3,strict,net_income_parent,net_income_parent + net_income,"Lợi nhuận sau thuế của cổ đông công ty mẹ, ảnh hưởng đến lợi suất cổ phiếu.",line_item,net_income_parent + net_income,False,True,,,(net_income+net_income_parent),2,2,False,False,False
sailor2-1b,1,F1-012,F1,P17-NTP17-related_party,False,0,strict,total_assets,total_assets = (total_assets + cogs) - net_income,"Đánh giá tổng tài sản, bao gồm các khoản phải thu ngắn hạn, trả trước và tài sản tổng cộng, xếp hạng dựa trên sự khác biệt giữa phát sinh và số dư cuối kỳ.",,,False,False,syntax_error,,,,,False,False,False
sailor2-1b,1,F2-017,F2,P17-NTP17-related_party,False,0,recovered,revenue_receivables,"revenue_receivables = (receivables_customers + prepaid_to_suppliers) * (1 + growth(x, 4))","Dựa trên thuyết minh, lợi nhuận thuần từ các khoản phải thu ngắn hạn và trả trước cho người bán ngắn hạn, xếp hạng lợi suất dựa trên sự tăng trưởng và tác động của các giao dịch này trong quý tới.",,,False,False,syntax_error,,,,,False,True,False
sailor2-1b,1,F2-017,F2,P17-NTP17-related_party,False,1,recovered,net_income_receivables,net_income_receivables = net_income + cogs,"Tính toán doanh thu thuần, giá vốn hàng bán, và lợi nhuận sau thuế, xếp hạng dựa trên tác động của các khoản phải thu ngắn hạn và giá vốn, tăng trưởng và tác động của các giao dịch với các bên liên quan.",,,False,False,syntax_error,,,,,False,False,False
sailor2-1b,1,F2-017,F2,P17-NTP17-related_party,False,2,recovered,cogs_receivables,"cogs_receivables = (receivables_customers + prepaid_to_suppliers) * (1 + growth(x, 4))","Tăng trưởng và tác động của các khoản phải thu ngắn hạn, trả trước, và giá vốn, xếp hạng dựa trên sự tăng trưởng và tác động của các giao dịch với các bên liên quan trong quý tới.",,,False,False,syntax_error,,,,,False,True,False
sailor2-1b,1,F3-014,F3,P17-NTP17-related_party,False,0,strict,earnings_yield,"safe_div(net_income, market_cap)",Lợi nhuận trên mỗi đồng vốn hoá cao cho thấy cổ phiếu đang rẻ so với khả năng sinh lời.,line_item,"net_income, market_cap",False,False,copied_fewshot,,"safe_div(net_income,market_cap)",2,2,False,False,False
sailor2-1b,1,F3-014,F3,P17-NTP17-related_party,False,1,strict,asset_growth,"growth(total_assets, 4)","Doanh nghiệp mở rộng tài sản quá nhanh thường có lợi suất sau đó thấp hơn (Cooper, Gulen, Schill 2008).",line_item,total_assets,False,False,copied_fewshot,,"growth(total_assets,4)",2,1,False,True,False
sailor2-1b,1,F3-014,F3,P17-NTP17-related_party,False,2,strict,receivables_customers,"safe_div(receivables_customers, total_assets)",Các khoản phải thu ngắn hạn cao cho thấy rủi ro tài chính và lợi suất thấp hơn.,line_item,"receivables_customers, total_assets",False,True,,,"safe_div(receivables_customers,total_assets)",2,2,True,False,False
sailor2-1b,1,F2-018,F2,P18-MWG24-related_party,False,0,recovered,revenue_receivables,"revenue_receivables = (short_term_receivables + receivables_customers) * (1 + growth(x, 4))","Dựa trên thuyết minh, lợi nhuận thuần từ các khoản phải thu ngắn hạn và tăng trưởng theo quý, đặc trưng cho lợi suất cổ phiếu.",,,False,False,syntax_error,,,,,False,True,False
sailor2-1b,1,F2-018,F2,P18-MWG24-related_party,False,1,recovered,net_income_receivables,"net_income_receivables = (short_term_receivables + total_assets) * (1 + growth(x, 4))","Tính toán lợi nhuận sau thuế từ các khoản phải thu ngắn hạn và tăng trưởng theo quý, đặc trưng cho lợi suất cổ phiếu.",,,False,False,syntax_error,,,,,False,True,False
sailor2-1b,1,F2-018,F2,P18-MWG24-related_party,False,2,recovered,related_party_disclosed,related_party_disclosed = market_cap + net_income_receivables,"Đánh giá tác động của các giao dịch với các bên liên quan, đặc trưng cho lợi suất cổ phiếu, dựa trên vốn hoá thị trường và lợi nhuận thuần.",,,False,False,syntax_error,,,,,False,False,False
sailor2-1b,1,F4-011,F4,P18-MWG24-related_party,False,0,recovered,short_term_receivables,log((short_term_receivables - prepaid_to_suppliers) / prepaid_to_suppliers),"Giá trị ngắn hạn giảm dần, ảnh hưởng đến lợi suất.",line_item,short_term_receivables,False,False,raw_division,,log(((short_term_receivables-prepaid_to_suppliers)/prepaid_to_suppliers)),4,2,False,False,False
sailor2-1b,1,F4-011,F4,P18-MWG24-related_party,False,1,recovered,receivables_customers,log((receivables_customers - net_income) / net_income),"Tăng trưởng doanh thu và chi phí, ảnh hưởng đến lợi nhuận.",line_item,receivables_customers,False,False,raw_division,,log(((receivables_customers-net_income)/net_income)),4,2,False,False,False
sailor2-1b,1,F4-011,F4,P18-MWG24-related_party,False,2,recovered,total_assets,log((total_assets - cogs) / cogs),"Giá trị tài sản tăng, ảnh hưởng đến lợi nhuận.",line_item,total_assets,False,False,raw_division,,log(((total_assets-cogs)/cogs)),4,2,False,False,False
sailor2-1b,1,F4-011,F4,P18-MWG24-related_party,False,3,recovered,payables_suppliers,log((payables_suppliers - net_income) / net_income),"Tăng trưởng doanh thu, ảnh hưởng đến lợi nhuận.",line_item,payables_suppliers,False,False,raw_division,,log(((payables_suppliers-net_income)/net_income)),4,2,False,False,False
sailor2-1b,1,F4-011,F4,P18-MWG24-related_party,False,4,recovered,equity,log((equity - net_income) / net_income),"Vốn chủ sở hữu tăng, ảnh hưởng đến lợi nhuận.",line_item,equity,False,False,raw_division,,log(((equity-net_income)/net_income)),4,2,False,False,False
sailor2-1b,1,F4-011,F4,P18-MWG24-related_party,False,5,recovered,cogs,log((cogs - net_income) / net_income),"Giá trị tài sản tăng, ảnh hưởng đến lợi nhuận.",line_item,cogs,False,False,raw_division,,log(((cogs-net_income)/net_income)),4,2,False,False,False
sailor2-1b,1,F4-011,F4,P18-MWG24-related_party,False,6,recovered,net_income,log((net_income - cogs) / cogs),"Lợi nhuận sau thuế, ảnh hưởng đến lợi suất.",line_item,net_income,False,False,raw_division,,log(((net_income-cogs)/cogs)),4,2,False,False,False
sailor2-1b,1,F3-015,F3,P19-GAS17-commitments,False,0,recovered,accruals_to_assets,"safe_div(net_income - cfo, total_assets","Phần lợi nhuận không đi kèm dòng tiền càng lớn thì chất lượng lợi nhuận kém, lợi suất tương lai thấp hơn (Sloan 1996).",note,"net_income, cfo, total_assets",False,False,syntax_error,,,,,False,False,False
sailor2-1b,1,F3-015,F3,P19-GAS17-commitments,False,1,recovered,asset_growth,"growth(total_assets, 4","Doanh nghiệp mở rộng tài sản quá nhanh thường có lợi suất sau đó thấp hơn (Cooper, Gulen, Schill 2008).",line_item,total_assets,False,False,syntax_error,,,,,False,True,False
sailor2-1b,1,F4-012,F4,P19-GAS17-commitments,False,0,recovered,asset_growth,"asset_growth(total_assets, 4), growth(total_assets, 4), growth(total_assets, 4)",Tăng tài sản 4 lần dẫn đến lợi suất giảm 4%,line_item,total_assets,False,False,syntax_error:Tuple,,,,,False,True,False
sailor2-1b,1,F4-012,F4,P19-GAS17-commitments,False,1,recovered,total_assets,total_assets,"Tổng tài sản, phát sinh trong quý",line_item,total_assets,False,True,,,total_assets,1,1,False,False,False
sailor2-1b,1,F4-012,F4,P19-GAS17-commitments,False,2,recovered,equity,equity,"Vốn chủ sở hữu, phát sinh trong quý",line_item,equity,False,True,,,equity,1,1,False,False,False
sailor2-1b,1,F4-012,F4,P19-GAS17-commitments,False,3,recovered,revenue,revenue,"Doanh thu thuần, phát sinh trong quý",line_item,revenue,False,True,,,revenue,1,1,False,False,False
sailor2-1b,1,F4-012,F4,P19-GAS17-commitments,False,4,recovered,net_income,net_income,"Lợi nhuận sau thuế, phát sinh trong quý",line_item,net_income,False,True,,,net_income,1,1,False,False,False
sailor2-1b,1,F4-012,F4,P19-GAS17-commitments,False,5,recovered,cfo,cfo,"Lưu chuyển tiền thuần, phát sinh trong quý",line_item,cfo,False,True,,,cfo,1,1,False,False,False
sailor2-1b,1,F2-020,F2,P20-VNM24-segment,False,0,recovered,Gross Profit Margins,Gross Profit Margin = (Gross Revenue - Gross Profit) / Gross Revenue,"Dựa trên thuyết minh, Gross Profit là lợi nhuận gộp, đặc trưng cho lợi nhuận sau thuế thu nhập doanh nghiệp, giúp xếp hạng cổ phiếu theo lát cắt ngang theo bộ phận chia theo khu vực địa lý.",,,False,False,syntax_error,,,,,False,False,False
sailor2-1b,1,F2-020,F2,P20-VNM24-segment,False,1,recovered,Market Capitalization,Market Capitalization = (Total Assets + Total Equity) / Total Revenue,"Giá trị thị trường của bộ phận theo khu vực địa lý, giúp đánh giá sức mạnh và tiềm năng tăng trưởng của lợi nhuận gộp trong bộ phận chia theo khu vực, xếp hạng cổ phiếu theo lát cắt ngang.",,,False,False,syntax_error,,,,,False,False,False
sailor2-1b,1,F2-020,F2,P20-VNM24-segment,False,2,recovered,Segment Disclosure,Segment Disclosure = (Segment Disclosed) / (Total Revenue) + (Segment Disclosed) / (Total Revenue) * 100,"Xác định thuyết minh bộ phận theo lĩnh vực, giúp phân tích lợi nhuận gộp theo bộ phận chia theo khu vực, xếp hạng lợi nhuận gộp theo bộ phận chia theo khu vực địa lý.",,,False,False,syntax_error,,,,,False,False,False
sailor2-1b,1,F3-016,F3,P20-VNM24-segment,False,0,recovered,sga_intensity,"safe_div(selling_expense + admin_expense, gross_revenue)","Chi phí bán hàng và quản lý trên doanh thu cao, làm tăng biên lợi nhuận nhạy cảm với biến động doanh số, giúp xếp hạng cổ phiếu theo lợi nhuận gộp.",line_item,"selling_expense + admin_expense, gross_revenue",False,False,copied_fewshot,,"safe_div((admin_expense+selling_expense),gross_revenue)",3,3,False,False,False
sailor2-1b,1,F2-021,F2,P21-PC124-segment,False,0,strict,,,,,market_cap,False,False,missing_field:name|missing_field:formula|missing_field:rationale,,,,,False,False,False
sailor2-1b,1,F4-013,F4,P21-PC124-segment,False,0,strict,Gross_Revenue_Segment,Gross_revenue - Gross_profit,"Tài sản tăng trưởng, lợi nhuận gộp tăng, giảm lợi nhuận sau thuế thu nhập.",line_item,Gross_revenue - Gross_profit,False,False,unknown_var:Gross_profit|unknown_var:Gross_revenue,,(Gross_revenue-Gross_profit),2,2,False,False,False
sailor2-1b,1,F4-013,F4,P21-PC124-segment,False,1,strict,Gross_Revenue_Segment,Gross_revenue - Gross_profit,"Tăng trưởng tài sản, giảm lợi nhuận sau thuế, tăng trưởng lợi nhuận thuần.",line_item,Gross_revenue - Gross_profit,False,False,unknown_var:Gross_profit|unknown_var:Gross_revenue|duplicate,,(Gross_revenue-Gross_profit),2,2,False,False,False
sailor2-1b,1,F4-013,F4,P21-PC124-segment,False,2,strict,Gross_Revenue_Segment,Gross_revenue - Gross_profit,"Tăng trưởng tài sản, giảm lợi nhuận sau thuế, tăng trưởng lợi nhuận thuần.",line_item,Gross_revenue - Gross_profit,False,False,unknown_var:Gross_profit|unknown_var:Gross_revenue|duplicate,,(Gross_revenue-Gross_profit),2,2,False,False,False
sailor2-1b,1,F4-013,F4,P21-PC124-segment,False,3,strict,Gross_Revenue_Segment,Gross_revenue - Gross_profit,"Tăng trưởng tài sản, giảm lợi nhuận sau thuế, tăng trưởng lợi nhuận thuần.",line_item,Gross_revenue - Gross_profit,False,False,unknown_var:Gross_profit|unknown_var:Gross_revenue|duplicate,,(Gross_revenue-Gross_profit),2,2,False,False,False
sailor2-1b,1,F4-013,F4,P21-PC124-segment,False,4,strict,Gross_Revenue_Segment,Gross_revenue - Gross_profit,"Tăng trưởng tài sản, giảm lợi nhuận sau thuế, tăng trưởng lợi nhuận thuần.",line_item,Gross_revenue - Gross_profit,False,False,unknown_var:Gross_profit|unknown_var:Gross_revenue|duplicate,,(Gross_revenue-Gross_profit),2,2,False,False,False
sailor2-1b,1,F3-017,F3,P22-PNJ17-tax,False,0,recovered,other_income_share,safe_div((net_income - cfo) / total_assets,"Tỷ trọng thu nhập khác lớn cho thấy lợi nhuận không lặp lại, chất lượng lợi nhuận kém, xếp hạng thấp hơn cổ phiếu có tỷ trọng cao.",note,"other_income, cfo, total_assets",False,False,syntax_error,,,,,False,False,False
sailor2-1b,1,F3-018,F3,P23-VCB24-bank_loans,True,0,strict,roe_change,"delta(safe_div(net_income, mean(equity, 4)), 4","Cải thiện tỷ suất sinh lời trên vốn chủ sở hữu (ROE) so với cùng kỳ, cho thấy chất lượng hoạt động tốt hơn.",,,False,False,missing_field:source|syntax_error,,,,,False,True,False
sailor2-1b,1,F3-018,F3,P23-VCB24-bank_loans,True,1,strict,book_to_market,"safe_div(equity, market_cap","Giá trị sổ sách cao so với vốn hoá thị trường, cho thấy chất lượng lợi nhuận thấp.",,,False,False,missing_field:source|syntax_error,,,,,False,False,False
sailor2-1b,1,F3-018,F3,P23-VCB24-bank_loans,True,2,strict,accruals_to_assets,"safe_div(net_income - cfo, total_assets","Phần lợi nhuận không đi kèm dòng tiền, ảnh hưởng đến lợi suất tương lai kém.",,,False,False,missing_field:source|syntax_error,,,,,False,False,False
sailor2-1b,1,F4-014,F4,P23-VCB24-bank_loans,True,0,recovered,asset_growth,"growth(total_assets, 4)","Tăng tài sản quá nhanh có thể dẫn đến lợi suất giảm, xếp hạng theo lát cắt ngang cho thấy điều này.",line_item,total_assets,False,False,duplicate,,"growth(total_assets,4)",2,1,False,True,False
sailor2-1b,1,F4-014,F4,P23-VCB24-bank_loans,True,1,recovered,cfo_growth,"growth(cfo, 4)","CFO tăng trưởng quá nhanh có thể ảnh hưởng đến lợi suất, xếp hạng theo lát cắt ngang.",line_item,cfo,False,True,,,"growth(cfo,4)",2,1,True,True,False
sailor2-1b,1,F4-014,F4,P23-VCB24-bank_loans,True,2,recovered,related_party_disclosed,related_party_disclosed,"Thuyết minh giao dịch với bên liên quan, giúp đánh giá tác động đến lợi suất.",line_item,related_party_disclosed,False,True,,,related_party_disclosed,1,1,True,False,True
sailor2-1b,1,F4-014,F4,P23-VCB24-bank_loans,True,3,recovered,audit_opinion_qualified,audit_opinion_qualified,"Ý kiến kiểm toán không phải chấp nhận toàn phần, tác động đến xếp hạng cổ phiếu.",line_item,audit_opinion_qualified,False,True,,,audit_opinion_qualified,1,1,True,False,True
sailor2-1b,1,F4-014,F4,P23-VCB24-bank_loans,True,4,recovered,going_concern_flag,going_concern_flag,"Thuyết minh nghi ngờ khả năng hoạt động liên tục, xếp hạng theo lát cắt ngang.",line_item,going_concern_flag,False,True,,,going_concern_flag,1,1,True,False,True
sailor2-1b,1,F1-016,F1,P24-SHB17-bank_loans,True,0,strict,Chất lượng danh mục cho vay và dự phòng rủi ro tín dụng,"rank(x), zscore(x), mean(x)",Đánh giá chất lượng danh mục cho vay và dự phòng rủi ro tín dụng theo các chỉ số thị trường và tài chính.,,,False,False,syntax_error:Tuple,,,,,False,True,False
sailor2-1b,1,F2-024,F2,P24-SHB17-bank_loans,True,0,recovered,,"rank(x), zscore(x), mean(x), std(x)",,,,False,False,missing_field:name|missing_field:rationale|missing_field:source|syntax_error:Tuple,,,,,False,True,False
sailor2-1b,1,F2-024,F2,P24-SHB17-bank_loans,True,1,recovered,,"rank(x), zscore(x), mean(x), std(x)",,,,False,False,missing_field:name|missing_field:rationale|missing_field:source|syntax_error:Tuple,,,,,False,True,False
sailor2-1b,1,F2-024,F2,P24-SHB17-bank_loans,True,2,recovered,,"rank(x), zscore(x), mean(x), std(x)",,,,False,False,missing_field:name|missing_field:rationale|missing_field:source|syntax_error:Tuple,,,,,False,True,False
sailor2-1b,1,F1-017,F1,P25-BVS24-fin_assets,True,0,strict,Danh mục tài sản tài chính,"rank(total_assets, 3) + (total_assets - net_income) * (growth(net_income, 3) + (growth(pretax_profit, 3) + (growth(cfo, 3)) + (growth(cfi, 3)) + (growth(cff, 3)) + (related_party_disclosed, 3) + (audit_opinion_qualified, 3) + (going_concern_flag, 3) + (contingent_liabilities_disclosed, 3) + (market_cap, 3) + (close_price, 3) + (shares_outstanding, 3) + (adv20, 3) + (close_price, 3))","Các chỉ số xếp hạng lợi suất cổ phiếu theo lát cắt ngang, bao gồm tổng tài sản, lợi nhuận, lưu chuyển tiền, giao dịch bên liên quan, và các chỉ số tài chính khác. Tăng trưởng, ý kiến kiểm toán, và các yếu tố giao dịch có thể ảnh hưởng đến xếp hạng cổ phiếu theo quý.",,,False,False,syntax_error,,,,,False,True,False
sailor2-1b,1,F2-025,F2,P25-BVS24-fin_assets,True,0,strict,,total_assets + equity + net_income + cfo + cfi + related_party_disclosed + audit_opinion_qualified + going_concern_flag + contingent_liabilities_disclosed + market_cap + close_price + shares_outstanding + adv20,"Các công thức này dựa trên thông tin từ thuyết minh, bao gồm lợi nhuận, vốn chủ sở hữu, lưu chuyển tiền, ý kiến kiểm toán, giao dịch bên liên quan, nợ tiềm tàng, vốn hoá thị trường, giá trị giao dịch bình quân và các chỉ số tài chính khác để xếp hạng cổ phiếu theo lát cắt ngang",,từ thuyết minh,False,False,missing_field:name|too_complex,,(adv20+audit_opinion_qualified+cfi+cfo+close_price+contingent_liabilities_disclosed+equity+going_concern_flag+market_cap+net_income+related_party_disclosed+shares_outstanding+total_assets),13,13,False,False,True
sailor2-1b,1,F4-015,F4,P25-BVS24-fin_assets,True,0,recovered,asset_growth,"asset_growth(total_assets, 4), growth(cfo, 4)","Tăng tài sản vượt trội, lợi nhuận kế toán tăng 4 lần, ý nghĩa kinh tế cao hơn.",line_item,"total_assets, cfo, growth(cfo, 4)",False,False,syntax_error:Tuple,,,,,False,True,False
sailor2-1b,1,F4-015,F4,P25-BVS24-fin_assets,True,1,recovered,asset_growth,"asset_growth(total_assets, 4), growth(cfo, 4), growth(cfi, 4)","Tăng tài sản, lợi nhuận kế toán tăng 4 lần, tăng trưởng CFO và CFI, tác động tích cực đến lợi suất.",line_item,"total_assets, growth(cfo, 4), growth(cfi, 4)",False,False,syntax_error:Tuple,,,,,False,True,False
sailor2-1b,1,F4-015,F4,P25-BVS24-fin_assets,True,2,recovered,asset_growth,"asset_growth(total_assets, 4), growth(cfo, 4), growth(cfi, 4)","Tăng tài sản, lợi nhuận kế toán tăng 4 lần, tăng trưởng CFO và CFI, tác động tích cực đến lợi suất, ý nghĩa kinh tế cao hơn.",line_item,"total_assets, growth(cfo, 4), growth(cfi, 4)",False,False,syntax_error:Tuple,,,,,False,True,False
sailor2-1b,1,F4-015,F4,P25-BVS24-fin_assets,True,3,recovered,asset_growth,"asset_growth(total_assets, 4), growth(cfo, 4), growth(cfi, 4)","Tăng tài sản, lợi nhuận kế toán tăng 4 lần, tăng trưởng CFO và CFI, tác động tích cực đến lợi suất, ý nghĩa kinh tế cao hơn.",line_item,"total_assets, growth(cfo, 4), growth(cfi, 4)",False,False,syntax_error:Tuple,,,,,False,True,False
sailor2-1b,2,F1-001,F1,P01-ANV17-inventory,False,0,strict,ANV - Nông nghiệp - Thuỷ sản (cá tra),"rank(x, 3)",Công thức xếp hạng theo lát cắt ngang (rank) dựa trên hàng tồn kho (current_assets) và dự phòng giảm giá hàng tồn kho (inventory_writedown),,ANV - Nông nghiệp - Thuỷ sản (cá tra) - hàng tồn kho và dự phòng giảm giá hàng tồn kho,False,False,bad_arity:rank|unknown_var:x,,"rank(x,3)",2,1,False,False,False
sailor2-1b,2,F2-001,F2,P01-ANV17-inventory,False,0,strict,ANV - hàng tồn kho và dự phòng giảm giá hàng tồn kho,"rank(x), zscore(x), mean(x)","Dựa trên thuyết minh về hàng tồn kho và dự phòng giảm giá, các chỉ số hàng tồn kho, dự phòng và lợi nhuận gộp",note,Đoạn thuyết minh về hàng tồn kho và dự phòng giảm giá hàng tồn kho,False,False,syntax_error:Tuple,,,,,False,True,False
sailor2-1b,2,F3-001,F3,P01-ANV17-inventory,False,0,strict,inventory_change_to_assets,"safe_div(delta(inventory, 4), mean(total_assets, 4))","Tồn kho tăng nhanh hơn quy mô tài sản, dự báo lợi suất thấp hơn (Thomas & Zhang 2002).",line_item,"inventory, total_assets",False,False,copied_fewshot,,"safe_div(delta(inventory,4),mean(total_assets,4))",3,2,False,True,False
sailor2-1b,2,F3-001,F3,P01-ANV17-inventory,False,1,strict,accruals_to_assets,"safe_div(net_income - cfo, total_assets)","Phần lợi nhuận không đi kèm dòng tiền càng lớn thì chất lượng lợi nhuận càng thấp, lợi suất tương lai thường kém hơn (Sloan 1996).",line_item,"net_income, cfo, total_assets",False,False,copied_fewshot,,"safe_div((net_income-cfo),total_assets)",3,3,False,False,False
sailor2-1b,2,F3-001,F3,P01-ANV17-inventory,False,2,strict,earnings_yield,"safe_div(net_income, market_cap",Lợi nhuận trên mỗi đồng vốn hoá cao cho thấy cổ phiếu đang rẻ so với khả năng sinh lời.,line_item,"net_income, market_cap",False,False,syntax_error,,,,,False,False,False
sailor2-1b,2,F4-001,F4,P01-ANV17-inventory,False,0,recovered,current_assets,current_assets + inventory_gross,"Tăng hàng tồn kho và giảm giá hàng tồn kho, tăng tổng tài sản, cải thiện lợi nhuận gộp và lợi nhuận sau thuế.",line_item,current_assets,False,True,,,(current_assets+inventory_gross),2,2,False,False,False
sailor2-1b,2,F4-001,F4,P01-ANV17-inventory,False,1,recovered,market_cap,market_cap + net_income,"Vốn hoá thị trường tăng, lợi nhuận sau thuế tăng, cải thiện giá trị vốn chủ sở hữu và lợi nhuận sau thuế.",line_item,market_cap,False,True,,,(market_cap+net_income),2,2,False,False,False
sailor2-1b,2,F1-002,F1,P02-HPG24-inventory,False,0,strict,HPG - Sản xuất công nghiệp (thép),"rank(current_assets, 1) + (current_assets - inventory_writedown) * (current_assets - inventory_writedown) / (current_assets + inventory_writedown)","Tăng trưởng hàng tồn kho (current_assets) / Giảm giá hàng tồn kho (inventory_writedown) xếp hạng theo lát cắt ngang, giúp đánh giá lợi nhuận gộp.",,,False,False,bad_arity:rank|raw_division,,"((((current_assets-inventory_writedown)*(current_assets-inventory_writedown))/(current_assets+inventory_writedown))+rank(current_assets,1))",5,2,False,False,False
sailor2-1b,2,F3-002,F3,P02-HPG24-inventory,False,0,strict,inventory_change_to_assets,"safe_div(delta(inventory, 4), mean(total_assets, 4))","Tồn kho tăng nhanh hơn quy mô tài sản, dự báo lợi suất thấp hơn (Thomas & Zhang 2002).",note,"inventory, total_assets",False,False,copied_fewshot,,"safe_div(delta(inventory,4),mean(total_assets,4))",3,2,False,True,False
sailor2-1b,2,F3-002,F3,P02-HPG24-inventory,False,1,strict,accruals_to_assets,"safe_div(net_income - cfo, total_assets)","Phần lợi nhuận không đi kèm dòng tiền càng lớn thì chất lượng lợi nhuận thấp, lợi suất tương lai kém hơn (Sloan 1996).",note,"net_income, cfo, total_assets",False,False,copied_fewshot,,"safe_div((net_income-cfo),total_assets)",3,3,False,False,False
sailor2-1b,2,F3-002,F3,P02-HPG24-inventory,False,2,strict,earnings_yield,"safe_div(net_income, market_cap","Lợi nhuận trên mỗi đồng vốn hoá cao cho thấy cổ phiếu đang rẻ so với khả năng sinh lời, tăng trưởng bền vững.",note,"net_income, market_cap",False,False,syntax_error,,,,,False,False,False
sailor2-1b,2,F2-003,F2,P03-PNJ24-inventory,False,0,recovered,Hàng tồn kho,"rank(x, 2) - growth(x, 2) + growth(x, 1) + growth(x, 3)","Đánh giá dựa trên sự thay đổi hàng tồn kho (gốc, trước dự phòng) và dự phòng giảm giá hàng tồn kho (tăng, giảm) trong quý 2",,"Thuyết minh 29 - Số dư đầu năm, tăng dự phòng, số dư cuối năm",False,False,bad_lag:growth|bad_arity:rank|unknown_var:x,,"((rank(x,2)-growth(x,2))+growth(x,1)+growth(x,3))",5,1,False,True,False
sailor2-1b,2,F2-003,F2,P03-PNJ24-inventory,False,1,recovered,Hàng tồn kho,"rank(x, 2) - inventory_writedown + inventory_writedown","Đánh giá dựa trên sự thay đổi hàng tồn kho (gốc, trước dự phòng) và dự phòng giảm giá hàng tồn kho (tăng, giảm) trong quý 2",,"Thuyết minh 29 - Số dư đầu năm, tăng dự phòng, số dư cuối năm",False,False,bad_arity:rank|unknown_var:x,,"((rank(x,2)-inventory_writedown)+inventory_writedown)",4,2,False,False,False
sailor2-1b,2,F2-003,F2,P03-PNJ24-inventory,False,2,recovered,Hàng tồn kho,"rank(x, 2) - inventory_writedown + inventory_writedown","Đánh giá dựa trên sự thay đổi hàng tồn kho (gốc, trước dự phòng) và dự phòng giảm giá hàng tồn kho (tăng, giảm) trong quý 2",,"Thuyết minh 29 - Số dư đầu năm, tăng dự phòng, số dư cuối năm",False,False,bad_arity:rank|unknown_var:x|duplicate,,"((rank(x,2)-inventory_writedown)+inventory_writedown)",4,2,False,False,False
sailor2-1b,2,F4-002,F4,P03-PNJ24-inventory,False,0,recovered,current_assets,current_assets + inventory_gross,"Tăng trưởng tài sản ngắn hạn, tác động đến tổng tài sản và lợi nhuận",line_item,current_assets,False,False,duplicate,,(current_assets+inventory_gross),2,2,False,False,False
sailor2-1b,2,F4-002,F4,P03-PNJ24-inventory,False,1,recovered,current_liabilities,current_assets - inventory_writedown,"Giảm dự phòng giảm giá, tác động đến nợ ngắn hạn và vốn chủ sở hữu",line_item,current_liabilities,False,True,,,(current_assets-inventory_writedown),2,2,False,False,False
sailor2-1b,2,F4-002,F4,P03-PNJ24-inventory,False,2,recovered,customer_advances,customer_advances + inventory_writedown,"Tăng trưởng người mua trả tiền trước, tác động đến doanh thu và lợi nhuận",line_item,customer_advances,False,True,,,(customer_advances+inventory_writedown),2,2,False,False,False
sailor2-1b,2,F4-002,F4,P03-PNJ24-inventory,False,3,recovered,net_income,net_income + net_income,"Tăng trưởng doanh thu và lợi nhuận, tác động đến lợi nhuận gộp và lợi nhuận sau thuế",line_item,net_income,False,True,,,(net_income+net_income),2,1,False,False,False
sailor2-1b,2,F4-002,F4,P03-PNJ24-inventory,False,4,recovered,cogs,cogs + inventory_writedown,"Giảm giá hàng tồn kho, tác động đến giá vốn hàng bán và lợi nhuận gộp",line_item,cogs,False,True,,,(cogs+inventory_writedown),2,2,False,False,False
sailor2-1b,2,F4-002,F4,P03-PNJ24-inventory,False,5,recovered,market_cap,market_cap + net_income,"Vốn hoá thị trường tăng, tác động đến lợi nhuận thuần và lợi nhuận sau thuế",line_item,market_cap,False,False,duplicate,,(market_cap+net_income),2,2,False,False,False
sailor2-1b,2,F1-004,F1,P04-GAS24-receivables,False,0,strict,"GAS - tiện ích - năng lượng (khí), sàn HOSE","GROWTH(GAS, 1, 2, 4, 8)","Công thức tăng trưởng theo thời gian (GROWTH) cho tài sản ngắn hạn (GAS) theo các quý, tập trung vào các khoản phải thu ngắn hạn (receivables_customers) và dự phòng khó đòi (provision_doubtful_debt).",,,False,False,unknown_func:GROWTH|unknown_var:GAS,,"GROWTH(GAS,1,2,4,8)",2,1,False,False,False
sailor2-1b,2,F3-003,F3,P04-GAS24-receivables,False,0,recovered,receivables_accrual,"safe_div(delta(short_term_receivables, 4), mean(total_assets, 4))","Phải thu ngắn hạn tăng lên, chất lượng lợi nhuận kém, xếp hạng thấp hơn.",note,"short_term_receivables, total_assets",False,False,copied_fewshot,,"safe_div(delta(short_term_receivables,4),mean(total_assets,4))",3,2,False,True,False
sailor2-1b,2,F3-003,F3,P04-GAS24-receivables,False,1,recovered,earnings_yield,"safe_div(net_income, market_cap","Lợi nhuận trên mỗi đồng vốn hoá cao, xếp hạng cao hơn.",line_item,"net_income, market_cap",False,False,syntax_error,,,,,False,False,False
sailor2-1b,2,F3-004,F3,P05-HUT24-receivables,False,0,recovered,receivables_accrual,"safe_div(delta(short_term_receivables, 4), mean(total_assets, 4))","Phải thu ngắn hạn phình ra đi trước lợi suất kém, dựa trên thuyết minh",,,False,False,missing_field:source|copied_fewshot,,"safe_div(delta(short_term_receivables,4),mean(total_assets,4))",3,2,False,True,False
sailor2-1b,2,F3-004,F3,P05-HUT24-receivables,False,1,recovered,earnings_yield,"safe_div(net_income, market_cap","Lợi nhuận trên mỗi đồng vốn hoá cao, cho thấy cổ phiếu rẻ so với khả năng sinh lời",,,False,False,missing_field:source|syntax_error,,,,,False,False,False
sailor2-1b,2,F4-004,F4,P06-TNG24-debt,False,0,recovered,asset_growth,"asset_growth(total_assets, 4)","Tăng tài sản quá nhanh gây giảm lợi nhuận, cần kiểm soát chặt chẽ.",line_item,total_assets,False,False,unknown_func:asset_growth,,"asset_growth(total_assets,4)",2,1,False,False,False
sailor2-1b,2,F4-004,F4,P06-TNG24-debt,False,1,recovered,interest_expense,"interest_expense(current_liabilities, 100), growth(short_term_debt, 50), growth(long_term_debt, 30)","Chi phí lãi vay tăng khi nợ ngắn hạn tăng, lợi nhuận thuần giảm.",line_item,"current_liabilities, short_term_debt, long_term_debt",False,False,syntax_error:Tuple,,,,,False,True,False
sailor2-1b,2,F4-004,F4,P06-TNG24-debt,False,2,recovered,cash_and_equivalents,"cash_and_equivalents(total_assets, 100), growth(current_liabilities, 50), growth(short_term_debt, 30)","Tăng tài sản, giảm giá trị tài sản, cải thiện lợi nhuận.",line_item,cash_and_equivalents,False,False,syntax_error:Tuple,,,,,False,True,False
sailor2-1b,2,F4-004,F4,P06-TNG24-debt,False,3,recovered,depreciation,"depreciation(depreciated assets, 100), growth(current_liabilities, 50), growth(short_term_debt, 30)","Khấu hao tài sản, giảm giá trị, cải thiện lợi nhuận.",line_item,"depreciated assets, current_liabilities, short_term_debt, long_term_debt",False,False,syntax_error,,,,,False,True,False
sailor2-1b,2,F4-004,F4,P06-TNG24-debt,False,4,recovered,market_cap,"market_cap(net_income, 100), growth(revenue, 50), growth(finance_expense, 30)","Vốn hoá thị trường tăng, lợi nhuận tăng, cải thiện giá trị thị trường.",line_item,"net_income, revenue, finance_expense",False,False,syntax_error:Tuple,,,,,False,True,False
sailor2-1b,2,F2-007,F2,P07-NLG17-debt,False,0,recovered,"NLG - Vay nợ, trái phiếu và chi phí lãi vay","rank(x), zscore(x), mean(x, k) + interest_expense(x)","Dựa trên thuyết minh, tập trung vào lợi suất từ vay nợ, trái phiếu và chi phí lãi vay, đặc trưng bằng growth(x) và mean(x, k).",,,False,False,missing_field:source|syntax_error:Tuple,,,,,False,True,False
sailor2-1b,2,F2-007,F2,P07-NLG17-debt,False,1,recovered,"NLG - Vay nợ, trái phiếu và chi phí lãi vay","rank(x), zscore(x), mean(x, k) + interest_expense(x)","Công thức tập trung vào lợi suất, chi tiết bằng growth(x) và mean(x, k), xuất phát từ thuyết minh.",,,False,False,missing_field:source|syntax_error:Tuple,,,,,False,True,False
sailor2-1b,2,F2-007,F2,P07-NLG17-debt,False,2,recovered,"NLG - Vay nợ, trái phiếu và chi phí lãi vay","rank(x), zscore(x), mean(x, k) + interest_expense(x)","Công thức tập trung vào lợi suất, chi tiết bằng growth(x) và mean(x, k), xuất phát từ thuyết minh.",,,False,False,missing_field:source|syntax_error:Tuple,,,,,False,True,False
sailor2-1b,2,F3-005,F3,P07-NLG17-debt,False,0,recovered,cash_to_current_liabilities,"safe_div(cash_and_equivalents, current_liabilities)","Khả năng thanh toán tiền mặt so với nợ ngắn hạn, đo lường rủi ro tài chính và lợi suất cổ phiếu.",note,"cash_and_equivalents, current_liabilities",False,False,copied_fewshot,,"safe_div(cash_and_equivalents,current_liabilities)",2,2,False,False,False
sailor2-1b,2,F3-005,F3,P07-NLG17-debt,False,1,recovered,net_debt_to_equity,"safe_div(short_term_debt + long_term_debt - cash_and_equivalents, equity)","Đòn bẩy ròng cao, làm tăng rủi ro tài chính, lợi suất cổ phiếu nhạy cảm hơn với lãi suất.",line_item,"short_term_debt + long_term_debt, cash_and_equivalents, equity",False,False,copied_fewshot,,"safe_div(((long_term_debt+short_term_debt)-cash_and_equivalents),equity)",4,4,False,False,False
sailor2-1b,2,F4-005,F4,P07-NLG17-debt,False,0,recovered,asset_growth,"asset_growth(total_assets, 4)","Tăng tài sản quá nhanh gây ra giảm lợi nhuận, nên tăng trưởng ổn định để duy trì lợi suất.",line_item,total_assets,False,False,unknown_func:asset_growth|duplicate,,"asset_growth(total_assets,4)",2,1,False,False,False
sailor2-1b,2,F4-005,F4,P07-NLG17-debt,False,1,recovered,cash_and_equivalents,cash_and_equivalents + current_liabilities,"Cân bằng tài sản và nợ ngắn hạn, duy trì tính thanh khoản và lợi nhuận.",line_item,cash_and_equivalents,False,True,,,(cash_and_equivalents+current_liabilities),2,2,False,False,False
sailor2-1b,2,F4-005,F4,P07-NLG17-debt,False,2,recovered,current_liabilities,current_liabilities + short_term_debt,"Tăng nợ ngắn hạn để duy trì hoạt động, giảm rủi ro tài chính.",line_item,current_liabilities,False,True,,,(current_liabilities+short_term_debt),2,2,False,False,False
sailor2-1b,2,F4-005,F4,P07-NLG17-debt,False,3,recovered,short_term_debt,short_term_debt + long_term_debt,"Tăng nợ dài hạn để tài trợ cho các dự án, giảm rủi ro tài chính và lợi nhuận.",line_item,short_term_debt + long_term_debt,False,True,,,(long_term_debt+short_term_debt),2,2,False,False,False
sailor2-1b,2,F2-008,F2,P08-POW17-debt,False,0,recovered,,interest_expense,"Dựa trên thuyết minh, công thức này đo lường chi phí lãi vay trong quý tới, tối ưu hóa lợi suất cổ phiếu theo tác động của vay nợ và trái phiếu.",note,Dòng tiền thuần từ hoạt động kinh doanh (Pretax Profit) - 30.421.681.064.106 - 24.737.642.216.461,False,False,missing_field:name,,interest_expense,1,1,False,False,False
sailor2-1b,2,F2-008,F2,P08-POW17-debt,False,1,recovered,,total_liabilities,"Tổng số nợ ngắn hạn và dài hạn, phân loại theo đồng tiền, tối ưu hóa lợi suất cổ phiếu dựa trên các khoản vay và nợ thuê tài chính.",note,Dòng tiền thuần từ hoạt động kinh doanh (Pretax Profit) - 5.752.830.032.679 - 5.959.085.181.465,False,False,missing_field:name,,total_liabilities,1,1,False,False,False
sailor2-1b,2,F2-008,F2,P08-POW17-debt,False,2,recovered,,cash_and_equivalents,"Phân tích tiền và các khoản tương đương tiền, tối ưu hóa lợi suất cổ phiếu bằng cách đánh giá tác động của vay nợ và trái phiếu.",note,Dòng tiền thuần từ hoạt động kinh doanh (Pretax Profit) - 11.450.214.577.237 - 18.778.557.034.996,False,False,missing_field:name,,cash_and_equivalents,1,1,False,False,False
sailor2-1b,2,F1-007,F1,P09-HAH24-fixed_assets,False,0,strict,Total_Assets,(long_term_assets + fixed_assets + equity + revenue + net_income + depreciation + cfo + capex),"Tổng tài sản, bao gồm lợi nhuận, khấu hao, tiền mặt, xếp hạng theo lợi suất quý tới",,,False,False,too_complex,,(capex+cfo+depreciation+equity+fixed_assets+long_term_assets+net_income+revenue),8,8,False,False,False
sailor2-1b,2,F3-007,F3,P09-HAH24-fixed_assets,False,0,recovered,,"safe_div(construction_in_progress, fixed_assets)","Tỷ trọng công trình dở dang lớn báo hiệu năng lực mới sắp đưa vào khai thác, kèm rủi ro chậm tiến độ, ít nhất 20 từ từ thuyết minh",note,chi phí xây dựng cơ bản dở dang,False,False,missing_field:name|copied_fewshot,,"safe_div(construction_in_progress,fixed_assets)",2,2,False,False,False
sailor2-1b,2,F3-007,F3,P09-HAH24-fixed_assets,False,1,recovered,,"safe_div(net_income - cfo, total_assets","Phần lợi nhuận không đi kèm dòng tiền càng lớn thì chất lượng lợi nhuận thấp, ít nhất 20 từ từ thuyết minh",line_item,"net_income, cfo, total_assets",False,False,missing_field:name|syntax_error,,,,,False,False,False
sailor2-1b,2,F3-007,F3,P09-HAH24-fixed_assets,False,2,recovered,,"safe_div(net_income - cfo, total_assets","Phần lợi nhuận không đi kèm dòng tiền càng lớn thì chất lượng lợi nhuận thấp, ít nhất 20 từ từ thuyết minh",note,"net_income, cfo, total_assets",False,False,missing_field:name|syntax_error,,,,,False,False,False
sailor2-1b,2,F3-007,F3,P09-HAH24-fixed_assets,False,3,recovered,,"safe_div(net_income, market_cap","Lợi nhuận trên mỗi đồng vốn hoá cao cho thấy cổ phiếu đang rẻ so với khả năng sinh lời, ít nhất 20 từ từ thuyết minh",line_item,"net_income, market_cap",False,False,missing_field:name|syntax_error,,,,,False,False,False
sailor2-1b,2,F4-006,F4,P09-HAH24-fixed_assets,False,0,recovered,asset_growth,"total_assets * growth(total_assets, 4)","Tài sản tăng trưởng quá nhanh, dẫn đến lợi suất giảm.",line_item,total_assets,False,True,,,"(growth(total_assets,4)*total_assets)",3,1,True,True,False
sailor2-1b,2,F4-006,F4,P09-HAH24-fixed_assets,False,1,recovered,depreciation_growth,"depreciation(total_assets, 4)","Khấu hao tăng, giảm lợi nhuận sau thuế.",line_item,"depreciation(total_assets, 4",False,False,unknown_func:depreciation,,"depreciation(total_assets,4)",2,1,False,False,False
sailor2-1b,2,F4-006,F4,P09-HAH24-fixed_assets,False,2,recovered,market_cap_growth,"market_cap + growth(total_assets, 4)","Vốn hoá tăng, lợi nhuận tăng, lợi suất cải thiện.",line_item,"market_cap + growth(total_assets, 4",False,True,,,"(growth(total_assets,4)+market_cap)",3,2,True,True,False
sailor2-1b,2,F4-006,F4,P09-HAH24-fixed_assets,False,3,recovered,cfo_growth,"cfo + growth(total_assets, 4)","CFO tăng, lợi nhuận tăng, lợi suất cải thiện.",line_item,"cfo + growth(total_assets, 4",False,True,,,"(cfo+growth(total_assets,4))",3,2,True,True,False
sailor2-1b,2,F4-006,F4,P09-HAH24-fixed_assets,False,4,recovered,total_growth,"total_assets + growth(total_assets, 4)","Tăng trưởng tổng tài sản, lợi nhuận tăng, lợi suất cải thiện.",line_item,"total_assets + growth(total_assets, 4",False,True,,,"(growth(total_assets,4)+total_assets)",3,1,True,True,False
sailor2-1b,2,F4-006,F4,P09-HAH24-fixed_assets,False,5,recovered,depreciation_growth,"depreciation(total_assets, 4)","Khấu hao tăng, lợi nhuận sau thuế giảm.",line_item,"depreciation(total_assets, 4",False,False,unknown_func:depreciation|duplicate,,"depreciation(total_assets,4)",2,1,False,False,False
sailor2-1b,2,F4-006,F4,P09-HAH24-fixed_assets,False,6,recovered,market_cap_growth,"market_cap + growth(total_assets, 4)","Vốn hoá tăng, lợi nhuận tăng, lợi suất cải thiện.",line_item,"market_cap + growth(total_assets, 4",False,False,duplicate,,"(growth(total_assets,4)+market_cap)",3,2,False,True,False
sailor2-1b,2,F4-007,F4,P11-HPG17-cip,False,0,recovered,asset_growth,"growth(long_term_assets, 4)","Tăng tài sản cố định dở dang 4 lần trong quý tới, giảm lợi suất.",line_item,long_term_assets,False,True,,,"growth(long_term_assets,4)",2,1,True,True,False
sailor2-1b,2,F4-007,F4,P11-HPG17-cip,False,1,recovered,asset_growth,"growth(long_term_assets, 4)","Tăng tài sản cố định 4 lần, giảm lợi nhuận sau thuế, tăng trưởng lợi suất.",line_item,long_term_assets,False,False,duplicate,,"growth(long_term_assets,4)",2,1,False,True,False
sailor2-1b,2,F4-007,F4,P11-HPG17-cip,False,2,recovered,asset_growth,"growth(long_term_assets, 4)","Tăng tài sản cố định 4 lần, giảm lợi nhuận sau thuế, tăng trưởng lợi suất, tác động tích cực đến lợi suất cổ phiếu.",line_item,long_term_assets,False,False,duplicate,,"growth(long_term_assets,4)",2,1,False,True,False
sailor2-1b,2,F4-007,F4,P11-HPG17-cip,False,3,recovered,asset_growth,"growth(long_term_assets, 4)","Tăng tài sản cố định 4 lần, giảm lợi nhuận sau thuế, tác động tích cực đến lợi suất cổ phiếu, tăng trưởng dài hạn ổn định.",line_item,long_term_assets,False,False,duplicate,,"growth(long_term_assets,4)",2,1,False,True,False
sailor2-1b,2,F4-007,F4,P11-HPG17-cip,False,4,recovered,asset_growth,"growth(long_term_assets, 4)","Tăng tài sản cố định 4 lần, giảm lợi nhuận sau thuế, tác động tích cực đến lợi suất cổ phiếu, tăng trưởng dài hạn ổn định, tăng trưởng ổn định.",line_item,long_term_assets,False,False,duplicate,,"growth(long_term_assets,4)",2,1,False,True,False
sailor2-1b,2,F4-007,F4,P11-HPG17-cip,False,5,recovered,asset_growth,"growth(long_term_assets, 4)","Tăng tài sản cố định 4 lần, giảm lợi nhuận sau thuế, tác động tích cực đến lợi suất cổ phiếu, tăng trưởng ổn định, tăng trưởng dài hạn ổn định, tác động tích cực đến lợi suất.",line_item,long_term_assets,False,False,duplicate,,"growth(long_term_assets,4)",2,1,False,True,False
sailor2-1b,2,F1-008,F1,P12-VGC24-cip,False,0,strict,VGC - Long-Term Assets and Construction In Progress,long_term_assets + construction_in_progress,"Đánh giá tổng tài sản dài hạn, tài sản cố định, và tài sản dở dang dài hạn của VGC, bao gồm xây dựng cơ bản dở dang và chu kỳ đầu tư.",,,False,True,,,(construction_in_progress+long_term_assets),2,2,False,False,False
sailor2-1b,2,F2-012,F2,P12-VGC24-cip,False,0,recovered,Long-term Assets,Long-term Assets = Long-term Assets + Construction In Progress,"Công thức này tính tổng tài sản dài hạn (long-term assets) bao gồm cả tài sản cố định (fixed assets) và tài sản dở dang (construction in progress) trong quý tới, dựa trên thuyết minh về dự án Khu công nghiệp Thuận Thành và Phú Hà.",,,False,False,syntax_error,,,,,False,False,False
sailor2-1b,2,F2-012,F2,P12-VGC24-cip,False,1,recovered,Fixed Assets,Fixed Assets = Fixed Assets + Long-term Assets,"Công thức này tính tổng tài sản cố định (fixed assets) bao gồm cả tài sản dài hạn (long-term assets) và tài sản cố định dở dang (construction in progress) trong quý tới, dựa trên thuyết minh về dự án Khu công nghiệp Thuận Thành và Phú Hà.",,,False,False,syntax_error,,,,,False,False,False
sailor2-1b,2,F2-012,F2,P12-VGC24-cip,False,2,recovered,Tangible Fixed Assets,Tangible Fixed Assets = Long-term Assets + Construction In Progress,"Công thức này tính tổng tài sản cố định hữu hình (tangible fixed assets) bao gồm cả tài sản dở dang (construction in progress) trong quý tới, dựa trên thuyết minh về dự án Khu công nghiệp Thuận Thành và Phú Hà.",,,False,False,syntax_error,,,,,False,False,False
sailor2-1b,2,F3-009,F3,P12-VGC24-cip,False,0,recovered,capex_to_depreciation,"safe_div(abs(capex), depreciation)","Dựa trên thuyết minh, chi đầu tư vượt quá khấu hao, cho thấy doanh nghiệp đang mở rộng, lợi suất ngắn hạn thấp hơn (Titman, Wei, Xie 2004).",note,"capex, depreciation",False,False,copied_fewshot,,"safe_div(abs(capex),depreciation)",3,2,False,False,False
sailor2-1b,2,F4-008,F4,P12-VGC24-cip,False,0,strict,asset_growth,"growth(total_assets, 4), growth(tangible_fixed_assets, 4), growth(long_term_debt, 4)","Tăng tài sản cố định, tăng trưởng doanh thu, lợi nhuận cao hơn.",line_item,"total_assets, tangible_fixed_assets, long_term_debt",False,False,syntax_error:Tuple,,,,,False,True,False
sailor2-1b,2,F2-013,F2,P13-NLG24-customer_advances,False,0,strict,NLG - bất động sản (BĐS nhà ở tầm trung),"rank(x), zscore(x), mean(x)","Dựa trên thuyết minh, công thức xếp hạng lợi suất theo lát cắt ngang từ quý tới quý, ưu tiên biến customer_advances.",note,NLG - bất động sản (BĐS nhà ở tầm trung) - thuyết minh báo cáo tài chính quý 4 năm 2024,False,False,syntax_error:Tuple,,,,,False,True,False
sailor2-1b,2,F1-009,F1,P14-IDC24-customer_advances,False,0,strict,Customer_advances,customer_advances + equity,"Người mua trả tiền trước, xếp hạng dựa trên doanh thu trả trước, doanh thu tương lai, lợi nhuận gộp, lưu chuyển tiền thuần",,,False,True,,,(customer_advances+equity),2,2,False,False,False
sailor2-1b,2,F2-014,F2,P14-IDC24-customer_advances,False,0,recovered,Cash_and_equivalents,Cash_and_equivalents = cash_and_equivalents + inventory + total_assets,"Các khoản phải thu ngắn hạn và hàng tồn kho đóng góp vào tổng tài sản, giúp đánh giá lợi nhuận thuần và lợi nhuận gộp trong quý tới.",note,Cash_and_equivalents = cash_and_equivalents + inventory + total_assets,False,False,syntax_error,,,,,False,False,False
sailor2-1b,2,F2-014,F2,P14-IDC24-customer_advances,False,1,recovered,Customer_advances,Customer_advances = cash_and_equivalents - current_liabilities,"Giá trị của người mua trả tiền trước ngắn hạn (customer_advances) phản ánh khả năng sinh lời từ các khoản này, giúp đánh giá lợi nhuận gộp và lợi nhuận sau thuế.",note,Customer_advances = cash_and_equivalents - current_liabilities,False,False,syntax_error,,,,,False,False,False
sailor2-1b,2,F2-014,F2,P14-IDC24-customer_advances,False,2,recovered,Revenue,Revenue = gross_profit + net_income,"Doanh thu thuần (Revenue) và lợi nhuận gộp (net_income) đóng góp vào lợi nhuận sau thuế, giúp đánh giá hiệu suất cổ phiếu và xếp hạng theo lát cắt ngang.",note,Revenue = gross_profit + net_income,False,False,syntax_error,,,,,False,False,False
sailor2-1b,2,F4-009,F4,P14-IDC24-customer_advances,False,0,recovered,cash_and_equivalents,cash_and_equivalents + inventory,"Tài sản và hàng tồn kho tăng, người mua trả tiền trước ngắn hạn tăng, ảnh hưởng đến doanh thu và lợi nhuận.",line_item,"cash_and_equivalents, inventory",False,True,,,(cash_and_equivalents+inventory),2,2,False,False,False
sailor2-1b,2,F4-009,F4,P14-IDC24-customer_advances,False,1,recovered,customer_advances,customer_advances + customer_advances,"Người mua trả tiền trước ngắn hạn tăng, ảnh hưởng đến doanh thu và lợi nhuận.",line_item,customer_advances,False,True,,,(customer_advances+customer_advances),2,1,False,False,False
sailor2-1b,2,F4-009,F4,P14-IDC24-customer_advances,False,2,recovered,total_assets,total_assets + total_assets,"Tổng tài sản tăng, ảnh hưởng đến doanh thu và lợi nhuận.",line_item,total_assets,False,True,,,(total_assets+total_assets),2,1,False,False,False
sailor2-1b,2,F1-010,F1,P15-CTD17-associates,False,0,recovered,"CTD - xây dựng - vật liệu (xây dựng), sàn HOSE",long_term_investments + investments_associates + total_assets + equity + minority_interest + revenue + financial_income + share_of_associates + net_income + net_income_parent + cfi,"Đánh giá tổng quan lợi nhuận, lợi ích cổ đông, lợi nhuận sau thuế, vốn hoá thị trường, và các chỉ số tài chính dài hạn của CTD - xây dựng, sàn HOSE",,,False,False,too_complex,,(cfi+equity+financial_income+investments_associates+long_term_investments+minority_interest+net_income+net_income_parent+revenue+share_of_associates+total_assets),11,11,False,False,False
sailor2-1b,2,F1-010,F1,P15-CTD17-associates,False,1,recovered,"CTD - xây dựng - vật liệu (xây dựng), sàn HOSE",long_term_investments + investments_associates + total_assets + equity + minority_interest + revenue + financial_income + share_of_associates + net_income + net_income_parent + cfi,"Phân tích lợi nhuận, lợi ích, vốn hoá, và các chỉ số tài chính dài hạn của CTD - xây dựng, sàn HOSE",,,False,False,too_complex|duplicate,,(cfi+equity+financial_income+investments_associates+long_term_investments+minority_interest+net_income+net_income_parent+revenue+share_of_associates+total_assets),11,11,False,False,False
sailor2-1b,2,F4-010,F4,P15-CTD17-associates,False,0,recovered,share_of_associates,share_of_associates * total_assets,"Lợi ích cổ đông không kiểm soát tăng trưởng tài sản, ảnh hưởng đến lợi suất cổ phiếu",line_item,total_assets,False,True,,,(share_of_associates*total_assets),2,2,False,False,False
sailor2-1b,2,F4-010,F4,P15-CTD17-associates,False,1,recovered,growth_investments,"growth(total_assets, 4), 1","Đầu tư tài chính tăng trưởng tài sản, tăng trưởng lợi nhuận, ảnh hưởng đến lợi suất cổ phiếu",line_item,"growth(total_assets, 4), 1",False,False,syntax_error:Tuple,,,,,False,True,False
sailor2-1b,2,F4-010,F4,P15-CTD17-associates,False,2,recovered,pre-tax_profit,pre-tax_profit * 4,"Lợi nhuận kế toán trước thuế, ảnh hưởng đến lợi suất cổ phiếu",line_item,pre-tax_profit * 4,False,False,unknown_var:pre|unknown_var:tax_profit,,(pre-(4*tax_profit)),3,2,False,False,False
sailor2-1b,2,F4-010,F4,P15-CTD17-associates,False,3,recovered,net_income,net_income_parent,"Lợi nhuận sau thuế của cổ đông công ty mẹ, ảnh hưởng đến lợi suất cổ phiếu",line_item,net_income_parent,False,True,,,net_income_parent,1,1,False,False,False
sailor2-1b,2,F4-010,F4,P15-CTD17-associates,False,4,recovered,cfi,cfi * market_cap,"Lưu chuyển tiền thuần từ hoạt động đầu tư, ảnh hưởng đến lợi suất cổ phiếu",line_item,cfi * market_cap,False,True,,,(cfi*market_cap),2,2,False,False,False
sailor2-1b,2,F4-010,F4,P15-CTD17-associates,False,5,recovered,market_cap,market_cap,"Vốn hoá thị trường, ảnh hưởng đến lợi suất cổ phiếu",line_item,market_cap,False,True,,,market_cap,1,1,False,False,False
sailor2-1b,2,F4-010,F4,P15-CTD17-associates,False,6,recovered,total_assets,total_assets,"Tổng tài sản, chỉ số tăng trưởng tài sản, ảnh hưởng đến lợi suất cổ phiếu",line_item,total_assets,False,True,,,total_assets,1,1,False,False,False
sailor2-1b,2,F4-010,F4,P15-CTD17-associates,False,7,recovered,growth_investments,"growth(total_assets, 4), 1","Đầu tư tài chính tăng trưởng tài sản, ảnh hưởng đến lợi nhuận, lợi suất cổ phiếu",line_item,"growth(total_assets, 4), 1",False,False,syntax_error:Tuple,,,,,False,True,False
sailor2-1b,2,F1-011,F1,P16-PVT17-associates,False,0,recovered,Long-term Investments,long_term_investments + investments_associates,"Đầu tư tài chính dài hạn, bao gồm cả liên doanh, liên kết, lợi nhuận thuần phát sinh trong quý",,,False,True,,,(investments_associates+long_term_investments),2,2,False,False,False
sailor2-1b,2,F1-011,F1,P16-PVT17-associates,False,1,recovered,Investments_Associates,long_term_investments + investments_associates,"Đánh giá tổng quan đầu tư tài chính dài hạn, bao gồm lợi nhuận, lợi ích cổ đông",,,False,False,duplicate,,(investments_associates+long_term_investments),2,2,False,False,False
sailor2-1b,2,F2-017,F2,P17-NTP17-related_party,False,0,recovered,revenue_receivables,(revenue - receivables_customers) * (receivables_customers - total_assets) / (total_assets - net_income) * 100,"Dựa trên thuyết minh, đề xuất công thức phân tích doanh thu thuần và lợi nhuận thuần từ giao dịch ngắn hạn",,,False,False,raw_division,,((((receivables_customers-total_assets)*(revenue-receivables_customers))/(total_assets-net_income))*100),5,4,False,False,False
sailor2-1b,2,F2-017,F2,P17-NTP17-related_party,False,1,recovered,net_income_receivables,(revenue - net_income) / (revenue - total_assets) * 100,Phân tích lợi nhuận sau thuế thu nhập từ doanh thu thuần và giao dịch ngắn hạn,,,False,False,raw_division,,(((revenue-net_income)/(revenue-total_assets))*100),4,3,False,False,False
sailor2-1b,2,F2-017,F2,P17-NTP17-related_party,False,2,recovered,related_party_disclosed,(revenue - net_income) / (revenue - total_assets) * 100,Tính toán tỷ lệ thuyết minh giao dịch với bên liên quan,,,False,False,raw_division|duplicate,,(((revenue-net_income)/(revenue-total_assets))*100),4,3,False,False,False
sailor2-1b,2,F3-014,F3,P17-NTP17-related_party,False,0,strict,accruals_to_assets,"safe_div(net_income - cfo, total_assets","Phần lợi nhuận không đi kèm dòng tiền, chất lượng lợi nhuận kém, lợi suất tương lai kém (Sloan 1996).",note,"net_income, cfo, total_assets",False,False,syntax_error,,,,,False,False,False
sailor2-1b,2,F3-014,F3,P17-NTP17-related_party,False,1,strict,earnings_yield,"safe_div(net_income, market_cap","Lợi nhuận trên mỗi đồng vốn hoá cao, cổ phiếu rẻ so với khả năng sinh lời (Cooper, Gulen, Schill 2008).",line_item,"net_income, market_cap",False,False,syntax_error,,,,,False,False,False
sailor2-1b,2,F3-014,F3,P17-NTP17-related_party,False,2,strict,asset_growth,"growth(total_assets, 4","Doanh nghiệp mở rộng tài sản quá nhanh, lợi suất sau đó thấp (Cooper, Gulen, Schill 2008).",line_item,total_assets,False,False,syntax_error,,,,,False,True,False
sailor2-1b,2,F4-011,F4,P18-MWG24-related_party,False,0,strict,short_term_receivables,log((short_term_receivables - prepaid_to_suppliers) / prepaid_to_suppliers),"Giá trị ngắn hạn giảm khi trả trước tăng, ảnh hưởng đến lợi suất.",line_item,short_term_receivables,False,False,raw_division,,log(((short_term_receivables-prepaid_to_suppliers)/prepaid_to_suppliers)),4,2,False,False,False
sailor2-1b,2,F4-011,F4,P18-MWG24-related_party,False,1,strict,receivables_customers,log((receivables_customers - net_income) / net_income),"Tăng trưởng doanh thu và trả trước ảnh hưởng đến giá trị ngắn hạn, xếp hạng theo lợi suất.",line_item,receivables_customers,False,False,raw_division,,log(((receivables_customers-net_income)/net_income)),4,2,False,False,False
sailor2-1b,2,F4-011,F4,P18-MWG24-related_party,False,2,strict,total_assets,log((total_assets - cogs) / cogs),"Giá trị tài sản tăng, ảnh hưởng đến lợi nhuận sau thuế và lợi suất.",line_item,total_assets,False,False,raw_division,,log(((total_assets-cogs)/cogs)),4,2,False,False,False
sailor2-1b,2,F4-011,F4,P18-MWG24-related_party,False,3,strict,payables_suppliers,log((payables_suppliers - net_income) / net_income),"Giá trị trả trước giảm, ảnh hưởng đến lợi nhuận sau thuế và lợi suất.",line_item,payables_suppliers,False,False,raw_division,,log(((payables_suppliers-net_income)/net_income)),4,2,False,False,False
sailor2-1b,2,F3-015,F3,P19-GAS17-commitments,False,0,strict,accruals_to_assets,"safe_div(net_income - cfo, total_assets","Phần lợi nhuận không đi kèm dòng tiền, chất lượng lợi nhuận kém, lợi suất tương lai kém (Sloan 1996).",note,"net_income, cfo, total_assets",False,False,syntax_error,,,,,False,False,False
sailor2-1b,2,F3-015,F3,P19-GAS17-commitments,False,1,strict,earnings_yield,"safe_div(net_income, market_cap","Lợi nhuận trên mỗi đồng vốn hoá cao, cổ phiếu rẻ so với khả năng sinh lời (Cooper, Gulen, Schill 2008).",line_item,"net_income, market_cap",False,False,syntax_error,,,,,False,False,False
sailor2-1b,2,F3-015,F3,P19-GAS17-commitments,False,2,strict,asset_growth,"growth(total_assets, 4","Doanh nghiệp mở rộng tài sản quá nhanh, lợi suất sau đó thấp (Cooper, Gulen, Schill 2008).",line_item,total_assets,False,False,syntax_error,,,,,False,True,False
sailor2-1b,2,F4-012,F4,P19-GAS17-commitments,False,0,strict,asset_growth,"asset_growth(total_assets, 4), growth(total_assets, 4), growth(total_assets, 4)",Tăng tài sản 4 lần dẫn đến lợi suất giảm 4%,line_item,total_assets,False,False,syntax_error:Tuple,,,,,False,True,False
sailor2-1b,2,F4-012,F4,P19-GAS17-commitments,False,1,strict,cash_and_equivalents,cash_and_equivalents + contingent_liabilities_disclosed,"Có tài sản dở dang tăng 4 lần, nợ tiềm tàng tăng 4 lần, lợi suất giảm 4%",line_item,cash_and_equivalents,False,True,,,(cash_and_equivalents+contingent_liabilities_disclosed),2,2,False,False,True
sailor2-1b,2,F4-012,F4,P19-GAS17-commitments,False,2,strict,total_assets,total_assets + contingent_liabilities_disclosed,"Tăng tài sản 4 lần, nợ tiềm tàng 4 lần, lợi suất giảm 4%",line_item,total_assets,False,True,,,(contingent_liabilities_disclosed+total_assets),2,2,False,False,True
sailor2-1b,2,F4-012,F4,P19-GAS17-commitments,False,3,strict,total_liabilities,total_liabilities + contingent_liabilities_disclosed,"Tăng nợ tiềm tàng 4 lần, lợi suất giảm 4%",line_item,total_liabilities,False,True,,,(contingent_liabilities_disclosed+total_liabilities),2,2,False,False,True
sailor2-1b,2,F4-012,F4,P19-GAS17-commitments,False,4,strict,long_term_debt,long_term_debt + contingent_liabilities_disclosed,"Nợ thuê tài chính dài hạn tăng 4 lần, lợi suất giảm 4%",line_item,long_term_debt,False,True,,,(contingent_liabilities_disclosed+long_term_debt),2,2,False,False,True
sailor2-1b,2,F3-016,F3,P20-VNM24-segment,False,0,strict,sga_intensity,"safe_div(selling_expense + admin_expense, gross_revenue), growth(total_assets, 4), earnings_yield","Chi phí bán hàng và quản lý cao, tăng trưởng tài sản, biên lợi nhuận nhạy cảm với doanh số, giúp xếp hạng cổ phiếu theo bộ phận tiêu dùng VNM.",line_item,"selling_expense + admin_expense, gross_revenue, total_assets, 4, earnings_yield",False,False,syntax_error:Tuple,,,,,False,True,False
sailor2-1b,2,F3-016,F3,P20-VNM24-segment,False,1,strict,earnings_yield,"safe_div(net_income, market_cap), growth(total_assets, 4), earnings_yield","Lợi nhuận trên mỗi đồng vốn hoá cao, biên lợi nhuận nhạy cảm với thị trường, giúp phân tích hiệu quả hoạt động và tiềm năng tăng trưởng.",line_item,"net_income, market_cap, total_assets, 4, earnings_yield",False,False,syntax_error:Tuple,,,,,False,True,False
sailor2-1b,2,F2-021,F2,P21-PC124-segment,False,0,strict,,"{'Gross Profit Formula': 'Gross Profit = Gross Revenue - Gross Expenses', 'Gross Revenue Formula': 'Long-term Assets - Total Assets'}",,,"Long-term Assets, Gross Revenue, Gross Profit, Selling Expenses, Admin Expenses, Operating Profit, Net Income",False,False,missing_field:name|missing_field:rationale|missing_field:formula,,,,,False,False,False
sailor2-1b,2,F4-013,F4,P21-PC124-segment,False,0,recovered,asset_growth,gross_revenue + gross_profit,"Tăng trưởng doanh thu và lợi nhuận gộp dẫn đến tăng trưởng tài sản, cải thiện lợi suất cổ phiếu.",line_item,"total_assets, gross_revenue, gross_profit",False,True,,,(gross_profit+gross_revenue),2,2,False,False,False
sailor2-1b,2,F4-013,F4,P21-PC124-segment,False,1,recovered,asset_growth,total_assets + equity + gross_profit,"Tăng trưởng tài sản và lợi nhuận gộp đóng góp vào tăng trưởng tổng thể, cải thiện lợi suất.",line_item,"total_assets, equity, gross_profit",False,True,,,(equity+gross_profit+total_assets),3,3,False,False,False
sailor2-1b,2,F4-013,F4,P21-PC124-segment,False,2,recovered,asset_growth,total_assets + gross_profit + segment_disclosed,"Tăng trưởng tài sản và lợi nhuận gộp trong bộ phận giúp cải thiện lợi nhuận sau thuế, xếp hạng cao hơn.",line_item,"total_assets, gross_profit, segment_disclosed",False,True,,,(gross_profit+segment_disclosed+total_assets),3,3,False,False,True
sailor2-1b,2,F2-022,F2,P22-PNJ17-tax,False,0,strict,,"rank(current_tax_expense, 3)","Dựa trên thuyết minh, công thức này đánh giá lợi nhuận sau thuế thu nhập doanh nghiệp (net_income) trong quý tới, với 3 chỉ số hiện hành (revenue, other_income, current_tax_expense) làm tiêu chuẩn.",note,"Danh sách biến đã dùng: total_assets, equity, retained_earnings, revenue, operating_profit, other_income, pretax_profit, current_tax_expense, net_income, depreciation, cfo, market_cap",False,False,missing_field:name|bad_arity:rank,,"rank(current_tax_expense,3)",2,1,False,False,False
sailor2-1b,2,F3-017,F3,P22-PNJ17-tax,False,0,strict,,,,,,False,False,not_object,,,,,False,False,False
sailor2-1b,2,F3-017,F3,P22-PNJ17-tax,False,1,strict,,,,,,False,False,not_object,,,,,False,False,False
sailor2-1b,2,F3-017,F3,P22-PNJ17-tax,False,2,strict,,,,,,False,False,not_object,,,,,False,False,False
sailor2-1b,2,F3-017,F3,P22-PNJ17-tax,False,3,strict,,,,,,False,False,not_object,,,,,False,False,False
sailor2-1b,2,F3-017,F3,P22-PNJ17-tax,False,4,strict,,,,,,False,False,not_object,,,,,False,False,False
sailor2-1b,2,F3-017,F3,P22-PNJ17-tax,False,5,strict,,,,,,False,False,not_object,,,,,False,False,False
sailor2-1b,2,F1-015,F1,P23-VCB24-bank_loans,True,0,recovered,Chất lượng danh mục cho vay và dự phòng rủi ro tín dụng,"rank(x), zscore(x), mean(x)","Các chỉ số chất lượng danh mục cho vay và dự phòng rủi ro tín dụng (CFO, CFI, CFF, CDO, Audit Opinion, Going Concern, Contingent Liabilities) giúp đánh giá hiệu quả hoạt động và rủi ro của ngân hàng.",,,False,False,syntax_error:Tuple,,,,,False,True,False
sailor2-1b,2,F1-015,F1,P23-VCB24-bank_loans,True,1,recovered,Chất lượng danh mục cho vay và dự phòng rủi ro tín dụng,"rank(x), zscore(x), mean(x)","Các chỉ số chất lượng danh mục giúp phân tích hiệu suất rủi ro, cải thiện xếp hạng cổ phiếu theo lát cắt ngang.",,,False,False,syntax_error:Tuple,,,,,False,True,False
sailor2-1b,2,F2-023,F2,P23-VCB24-bank_loans,True,0,strict,,"rank(x), zscore(x), log(x)","Công thức này đo lường sự khác biệt giữa các chỉ số dự phòng rủi ro tín dụng và chất lượng danh mục cho vay, cho thấy sự thay đổi trong lợi suất theo thời hạn.",,,False,False,missing_field:name|syntax_error:Tuple,,,,,False,False,False
sailor2-1b,2,F4-014,F4,P23-VCB24-bank_loans,True,0,recovered,asset_growth,"asset_growth(total_assets, 4)","Tăng tài sản quá nhanh có thể dẫn đến giảm lợi suất, xếp hạng cao hơn.",line_item,total_assets,False,False,unknown_func:asset_growth|duplicate,,"asset_growth(total_assets,4)",2,1,False,False,False
sailor2-1b,2,F4-014,F4,P23-VCB24-bank_loans,True,1,recovered,audit_opinion_qualified,audit_opinion_qualified,"Ý kiến kiểm toán không phải chấp nhận toàn phần, xếp hạng cao hơn.",line_item,audit_opinion_qualified,False,True,,,audit_opinion_qualified,1,1,True,False,True
sailor2-1b,2,F4-014,F4,P23-VCB24-bank_loans,True,2,recovered,contingent_liabilities_disclosed,contingent_liabilities_disclosed,"Thuyết minh nợ tiềm tàng, xếp hạng cao hơn.",line_item,contingent_liabilities_disclosed,False,True,,,contingent_liabilities_disclosed,1,1,True,False,True
sailor2-1b,2,F3-019,F3,P24-SHB17-bank_loans,True,0,recovered,roe_change,"delta(safe_div(net_income, mean(equity, 4)), 4)",Cải thiện tỷ suất sinh lời trên vốn chủ so với cùng kỳ năm trước báo hiệu chất lượng hoạt động đi lên,note,"net_income, equity",False,False,copied_fewshot,,"delta(safe_div(net_income,mean(equity,4)),4)",4,2,False,True,False
sailor2-1b,2,F3-019,F3,P24-SHB17-bank_loans,True,1,recovered,book_to_market,"safe_div(equity, market_cap)","Giá trị sổ sách cao so với vốn hoá là nhân tố giá trị kinh điển (Fama & French 1992), chất lượng lợi nhuận kém hơn",line_item,"equity, market_cap",False,False,copied_fewshot,,"safe_div(equity,market_cap)",2,2,False,False,False
sailor2-1b,2,F2-025,F2,P25-BVS24-fin_assets,True,0,strict,,total_assets + equity + net_income + cfo + cfi + related_party_disclosed + audit_opinion_qualified + going_concern_flag + contingent_liabilities_disclosed + market_cap + close_price + shares_outstanding + adv20,"Đánh giá lợi nhuận, vốn chủ sở hữu, lợi nhuận kế toán, lưu chuyển tiền, thuyết minh giao dịch, ý kiến kiểm toán, nợ tiềm tàng, giá trị giao dịch, vốn hoá thị trường, giá đóng cửa, số cổ phiếu lưu hành, giá trị giao dịch bình quân 20 phiên",,"total_assets, equity, net_income, cfo, cfi, related_party_disclosed, audit_opinion_qualified, going_concern_flag, contingent_liabilities_disclosed, market_cap, close_price, shares_outstanding, adv20",False,False,missing_field:name|too_complex,,(adv20+audit_opinion_qualified+cfi+cfo+close_price+contingent_liabilities_disclosed+equity+going_concern_flag+market_cap+net_income+related_party_disclosed+shares_outstanding+total_assets),13,13,False,False,True
sailor2-1b,2,F4-015,F4,P25-BVS24-fin_assets,True,0,strict,asset_growth,"asset_growth(total_assets, 4), growth(total_assets, 4), growth(total_assets, 4)","Tăng trưởng tài sản 4 lần mỗi quý, lợi suất thấp hơn.",line_item,total_assets,False,False,syntax_error:Tuple,,,,,False,True,False
